time my_pulse
0.000000000000000000e+00 0.000000000000000000e+00
1.000999999999999955e-11 2.489820910633271656e-01
2.001999999999999911e-11 4.823705788806903483e-01
3.002999999999999866e-11 6.854266737644816310e-01
4.003999999999999822e-11 8.452970117679120543e-01
5.004999999999999777e-11 9.518309272149854117e-01
6.005999999999999733e-11 9.982297602176551932e-01
7.006999999999999688e-11 9.814863728986408242e-01
8.007999999999999643e-11 9.025861197039998229e-01
9.008999999999999599e-11 7.664554898787236947e-01
1.000999999999999955e-10 5.816605766910909470e-01
1.101099999999999951e-10 3.598734228175874406e-01
1.201199999999999947e-10 1.151391339708792150e-01
1.301299999999999942e-10 -1.370105078129927045e-01
1.401399999999999938e-10 -3.805411946500294462e-01
1.501499999999999933e-10 -5.999357560165146097e-01
1.601599999999999929e-10 -7.811844988358384034e-01
1.701699999999999924e-10 -9.126829248568812947e-01
1.801799999999999920e-10 -9.859791128119427261e-01
1.901899999999999915e-10 -9.963223610021262333e-01
2.001999999999999911e-10 -9.429771449699655417e-01
2.102099999999999906e-10 -8.292812785446378454e-01
2.202199999999999902e-10 -6.624434405613190968e-01
2.302299999999999897e-10 -4.530919103478039389e-01
2.402399999999999893e-10 -2.146023751374264710e-01
2.502499999999999889e-10 3.775300119834537615e-02
2.602599999999999884e-10 2.877813583195847347e-01
2.702699999999999880e-10 5.194075743108537146e-01
2.802799999999999875e-10 7.177088100241942881e-01
2.902899999999999871e-10 8.698785266460834498e-01
3.002999999999999866e-10 9.660575439313674462e-01
3.103099999999999862e-10 9.999779624775382292e-01
3.203199999999999857e-10 9.693775757562290707e-01
3.303299999999999853e-10 8.761570075486876386e-01
3.403399999999999848e-10 7.262683019992910438e-01
3.503499999999999844e-10 5.293410120250864326e-01
3.603599999999999840e-10 2.980688611474841543e-01
3.703699999999999835e-10 4.739568817844286991e-02
3.803799999999999831e-10 -2.064473999459437437e-01
3.903899999999999826e-10 -4.469918187114333419e-01
4.003999999999999822e-10 -6.586004277356427572e-01
4.104099999999999817e-10 -8.274861813812410816e-01
4.204199999999999813e-10 -9.426140223723959988e-01
4.304299999999999808e-10 -9.964267954684910000e-01
4.404399999999999804e-10 -9.853471234630558628e-01
4.504499999999999799e-10 -9.100215530363072736e-01
4.604599999999999795e-10 -7.752899269251234404e-01
4.704699999999999274e-10 -5.898807990682684022e-01
4.804799999999999786e-10 -3.658516212210051188e-01
4.904900000000000299e-10 -1.178092213709577007e-01
5.004999999999999777e-10 1.380393408980103154e-01
5.105099999999999256e-10 3.849440884650338068e-01
5.205199999999999768e-10 6.067087512505986435e-01
5.305300000000000281e-10 7.887549127672710547e-01
5.405399999999999759e-10 9.190836583007673255e-01
5.505499999999999238e-10 9.890710854366030480e-01
5.605599999999999750e-10 9.940446424217476151e-01
5.705700000000000263e-10 9.336014181906155951e-01
5.805799999999999741e-10 8.116463104846391996e-01
5.905899999999999220e-10 6.361463549067949419e-01
6.005999999999999733e-10 4.186162068807396941e-01
6.106100000000000245e-10 1.733675970227288310e-01
6.206199999999999724e-10 -8.342865585934895745e-02
6.306299999999999202e-10 -3.348068474737138644e-01
6.406399999999999715e-10 -5.641269161988955450e-01
6.506500000000000227e-10 -7.561773220109522242e-01
6.606599999999999706e-10 -8.981870974036931798e-01
6.706699999999999184e-10 -9.806795472137822545e-01
6.806799999999999697e-10 -9.981102463416159365e-01
6.906900000000000209e-10 -9.492460266970125238e-01
7.006999999999999688e-10 -8.372586489587938718e-01
7.107099999999999167e-10 -6.695257087030549448e-01
7.207199999999999679e-10 -4.571507864692472833e-01
7.307300000000000192e-10 -2.142336241497999616e-01
7.407399999999999670e-10 4.306206123381629142e-02
7.507499999999999149e-10 2.975817671680446308e-01
7.607599999999999661e-10 5.323233108245716272e-01
7.707700000000000174e-10 7.315737297404218964e-01
7.807799999999999652e-10 8.819638900094807221e-01
7.907899999999999131e-10 9.733698414657249165e-01
8.007999999999999643e-10 9.995998721269843124e-01
8.108100000000000156e-10 9.588202788693456213e-01
8.208199999999999635e-10 8.536901711136648530e-01
8.308299999999999113e-10 6.911950183265823666e-01
8.408399999999999626e-10 4.821888502684192890e-01
8.508500000000000138e-10 2.406746674690277976e-01
8.608599999999999617e-10 -1.712960824563724074e-02
8.708699999999999095e-10 -2.738776271434693044e-01
8.808799999999999608e-10 -5.122609434424613140e-01
8.908900000000000120e-10 -7.161768291147454502e-01
9.008999999999999599e-10 -8.718187205697833786e-01
9.109099999999999077e-10 -9.686152828866323450e-01
9.209199999999999590e-10 -9.999539442210113593e-01
9.309300000000000102e-10 -9.636390201340993000e-01
9.409399999999998547e-10 -8.620522761016828905e-01
9.509499999999999060e-10 -7.020037870117412648e-01
9.609599999999999572e-10 -4.942819022024562137e-01
9.709700000000000085e-10 -2.529315970814988157e-01
9.809800000000000597e-10 5.690906769273854603e-03
9.909899999999999042e-10 2.640239191222037429e-01
1.000999999999999955e-09 5.044918915446489072e-01
1.011010000000000007e-09 7.107020788664225597e-01
1.021019999999999851e-09 8.685647228229219641e-01
1.031029999999999902e-09 9.672600389095841189e-01
1.041039999999999954e-09 9.999853621006445925e-01
1.051050000000000005e-09 9.644304924463258377e-01
1.061060000000000056e-09 8.629476036228707070e-01
1.071069999999999901e-09 7.024028062560522256e-01
1.081079999999999952e-09 4.937181894733237431e-01
1.091090000000000003e-09 2.511344159090181383e-01
1.101099999999999848e-09 -8.756743340567285303e-03
1.111109999999999899e-09 -2.681445145953916254e-01
1.121119999999999950e-09 -5.092188174869739514e-01
1.131130000000000001e-09 -7.153940977364784404e-01
1.141140000000000053e-09 -8.724531450529062759e-01
1.151149999999999897e-09 -9.695318345923824577e-01
1.161159999999999948e-09 -9.998762963402351156e-01
1.171170000000000000e-09 -9.613193654405381983e-01
1.181179999999999844e-09 -8.564422698464444483e-01
1.191189999999999895e-09 -6.924090748824355268e-01
1.201199999999999947e-09 -4.804839531813797082e-01
1.211209999999999998e-09 -2.352633299118882526e-01
1.221220000000000049e-09 2.632515780171990061e-02
1.231229999999999893e-09 2.861885429858609942e-01
1.241239999999999945e-09 5.263191461121614623e-01
1.251249999999999996e-09 7.300435484717400225e-01
1.261259999999999840e-09 8.831832300079672793e-01
1.271269999999999892e-09 9.750458879727725847e-01
1.281279999999999943e-09 9.991778233058247194e-01
1.291289999999999994e-09 9.538240601392162787e-01
1.301300000000000045e-09 8.420629484851162028e-01
1.311309999999999890e-09 6.716045159402022069e-01
1.321319999999999941e-09 4.542652266265713168e-01
1.331329999999999992e-09 2.051544476749025958e-01
1.341339999999999837e-09 -5.837177088990389007e-02
1.351349999999999888e-09 -3.179174623103868669e-01
1.361359999999999939e-09 -5.553303318026004964e-01
1.371369999999999991e-09 -7.539726558005169776e-01
1.381380000000000042e-09 -8.998904284888877836e-01
1.391389999999999886e-09 -9.827983870661795018e-01
1.401399999999999938e-09 -9.968110582829642352e-01
1.411409999999999989e-09 -9.408674552766295163e-01
1.421419999999999833e-09 -8.188183188500823828e-01
1.431429999999999885e-09 -6.391683700635780729e-01
1.441439999999999936e-09 -4.144902772970192051e-01
1.451449999999999987e-09 -1.605502382259608729e-01
1.461460000000000038e-09 1.047944061143738087e-01
1.471469999999999883e-09 3.628487360784288240e-01
1.481479999999999934e-09 5.953971629214636074e-01
1.491489999999999985e-09 7.859909453641203969e-01
1.501499999999999830e-09 9.211151991291615104e-01
1.511509999999999881e-09 9.911523632297163378e-01
1.521519999999999932e-09 9.910730883295540972e-01
1.531529999999999984e-09 9.208044836385140819e-01
1.541540000000000035e-09 7.852482862543110897e-01
1.551549999999999879e-09 5.939462184670135647e-01
1.561559999999999930e-09 3.604148335466905717e-01
1.571569999999999982e-09 1.011957420459380780e-01
1.581579999999999826e-09 -1.653124282560841374e-01
1.591589999999999877e-09 -4.201581311235330074e-01
1.601599999999999929e-09 -6.451847623438828894e-01
1.611609999999999980e-09 -8.243264166111081703e-01
1.621620000000000031e-09 -9.447589243700106332e-01
1.631629999999999876e-09 -9.978234297704046130e-01
1.641639999999999927e-09 -9.796556138452419127e-01
1.651649999999999978e-09 -8.914743807956255761e-01
1.661659999999999823e-09 -7.395079589750888083e-01
1.671669999999999874e-09 -5.345612157490149396e-01
1.681679999999999925e-09 -2.912537058481904917e-01
1.691689999999999976e-09 -2.698172114347879846e-02
1.701700000000000028e-09 2.393223306502153258e-01
1.711709999999999872e-09 4.885449838637000997e-01
1.721719999999999923e-09 7.027643245016231832e-01
1.731729999999999975e-09 8.665415347964218196e-01
1.741739999999999819e-09 9.680381109115748783e-01
1.751749999999999870e-09 9.998775933438251995e-01
1.761759999999999922e-09 9.596886677805460675e-01
1.771769999999999973e-09 8.502891671380129468e-01
1.781780000000000024e-09 6.794962261487642596e-01
1.791789999999999869e-09 4.595747695263888710e-01
1.801799999999999920e-09 2.063627143248398244e-01
1.811809999999999971e-09 -6.186516337258065462e-02
1.821819999999999815e-09 -3.257135308719709132e-01
1.831829999999999867e-09 -5.660683602912591761e-01
1.841839999999999918e-09 -7.654830794611088285e-01
1.851849999999999969e-09 -9.094483935701929145e-01
1.861860000000000020e-09 -9.874531187686497180e-01
1.871870000000000072e-09 -9.937581058089284269e-01
1.881879999999999709e-09 -9.278258167203377038e-01
1.891889999999999761e-09 -7.943728960070769451e-01
1.901899999999999812e-09 -6.030403724678188304e-01
1.911909999999999863e-09 -3.677039650609756349e-01
1.921919999999999914e-09 -1.054733193843392369e-01
1.931929999999999966e-09 1.645480625485919446e-01
1.941940000000000017e-09 4.226526143244396794e-01
1.951950000000000068e-09 6.499672606443240852e-01
1.961960000000000119e-09 8.298357260841431327e-01
1.971969999999999757e-09 9.490431990155216990e-01
1.981979999999999808e-09 9.987930124914780050e-01
1.991989999999999860e-09 9.753627475186120721e-01
2.001999999999999911e-09 8.803903317089020186e-01
2.012009999999999962e-09 7.207676309283587157e-01
2.022020000000000013e-09 5.081477585520371987e-01
2.032030000000000065e-09 2.581007553421243994e-01
2.042039999999999702e-09 -1.102167093920508600e-02
2.052049999999999754e-09 -2.794299455295101708e-01
2.062059999999999805e-09 -5.273508057183889930e-01
2.072069999999999856e-09 -7.364850896639880684e-01
2.082079999999999907e-09 -8.913615882766425802e-01
2.092089999999999959e-09 -9.804865738694961141e-01
2.102100000000000010e-09 -9.972032379767105104e-01
2.112110000000000061e-09 -9.401963132055600747e-01
2.122120000000000112e-09 -8.136031029253856239e-01
2.132129999999999750e-09 -6.267211066332071256e-01
2.142139999999999801e-09 -3.933322798594048875e-01
2.152149999999999852e-09 -1.306924966927610621e-01
2.162159999999999904e-09 1.417401356869094631e-01
2.172169999999999955e-09 4.037447124637538187e-01
2.182180000000000006e-09 6.358384041674788323e-01
2.192190000000000057e-09 8.207273778788716223e-01
2.202199999999999695e-09 9.445995650138447886e-01
2.212209999999999746e-09 9.981623402445267690e-01
2.222219999999999798e-09 9.773467312197375856e-01
2.232229999999999849e-09 8.836242836954820712e-01
2.242239999999999900e-09 7.239113687723904844e-01
2.252249999999999951e-09 5.100664223103665851e-01
2.262260000000000003e-09 2.580160680054081612e-01
2.272270000000000054e-09 -1.342598595656795471e-02
2.282280000000000105e-09 -2.839600792457809275e-01
2.292289999999999743e-09 -5.333176622416579971e-01
2.302299999999999794e-09 -7.427810036155726436e-01
2.312309999999999845e-09 -8.965915208238149914e-01
2.322319999999999897e-09 -9.831405346639850995e-01
2.332329999999999948e-09 -9.958520962038973634e-01
2.342339999999999999e-09 -9.336902635831221264e-01
2.352350000000000050e-09 -8.012511492846338124e-01
2.362359999999999688e-09 -6.084311430039623936e-01
2.372369999999999739e-09 -3.696946175409155932e-01
2.382379999999999791e-09 -1.029947437397177729e-01
2.392389999999999842e-09 1.715725231313889043e-01
2.402399999999999893e-09 4.332806901957712009e-01
2.412409999999999944e-09 6.623375708443786092e-01
2.422419999999999996e-09 8.413845739242895583e-01
2.432430000000000047e-09 9.568166906415424000e-01
2.442440000000000098e-09 9.998224769795708289e-01
2.452449999999999736e-09 9.670640804185370865e-01
2.462459999999999787e-09 8.609442894786675238e-01
2.472469999999999838e-09 6.894386865403359099e-01
2.482479999999999889e-09 4.655039210518395199e-01
2.492489999999999941e-09 2.061053985024257351e-01
2.502499999999999992e-09 -6.906315980618278616e-02
2.512510000000000043e-09 -3.390720298049056391e-01
2.522519999999999681e-09 -5.833468178626288747e-01
2.532529999999999732e-09 -7.832378803186298422e-01
2.542539999999999783e-09 -9.234479985870424068e-01
2.552549999999999835e-09 -9.932087387374642917e-01
2.562559999999999886e-09 -9.871146129846151140e-01
2.572569999999999937e-09 -9.055499005158572645e-01
2.582579999999999988e-09 -7.546738499437368741e-01
2.592590000000000040e-09 -5.459636429939634938e-01
2.602600000000000091e-09 -2.953483863497601281e-01
2.612609999999999729e-09 -2.199891814326896886e-02
2.622619999999999780e-09 2.531350664114076499e-01
2.632629999999999831e-09 5.089292310041341194e-01
2.642639999999999882e-09 7.257074319669442053e-01
2.652649999999999934e-09 8.867584389486944385e-01
2.662659999999999985e-09 9.796293944475052973e-01
2.672670000000000036e-09 9.970955112357348105e-01
2.682679999999999674e-09 9.377299904895024518e-01
2.692689999999999725e-09 8.060286231615090280e-01
2.702699999999999776e-09 6.120776965794845204e-01
2.712709999999999828e-09 3.707890510268213591e-01
2.722719999999999879e-09 1.007597006633388637e-01
2.732729999999999930e-09 -1.771572576126127785e-01
2.742739999999999981e-09 -4.414609700253949165e-01
2.752750000000000033e-09 -6.716665138651679579e-01
2.762760000000000084e-09 -8.498952051400978647e-01
2.772769999999999721e-09 -9.622678754254985201e-01
2.782779999999999773e-09 -9.999921863398200106e-01
2.792789999999999824e-09 -9.600583112567487865e-01
2.802799999999999875e-09 -8.454873607884850761e-01
2.812809999999999926e-09 -6.651114647492686327e-01
2.822819999999999978e-09 -4.329007869885721504e-01
2.832830000000000029e-09 -1.668881183758137710e-01
2.842839999999999667e-09 1.122266966291730061e-01
2.852849999999999718e-09 3.826848824302105379e-01
2.862859999999999769e-09 6.233646910941604835e-01
2.872869999999999820e-09 8.154330423700945074e-01
2.882879999999999872e-09 9.438235409151078947e-01
2.892889999999999923e-09 9.984245508805850156e-01
2.902899999999999974e-09 9.748831700594348115e-01
2.912910000000000025e-09 8.749606047664747477e-01
2.922920000000000077e-09 7.064093221789229382e-01
2.932929999999999714e-09 4.823797437574666724e-01
2.942939999999999766e-09 2.204012207493769304e-01
2.952949999999999817e-09 -5.898430784515595882e-02
2.962959999999999868e-09 -3.338299003395110431e-01
2.972969999999999919e-09 -5.825068913561852746e-01
2.982979999999999971e-09 -7.854086240242138528e-01
2.992990000000000022e-09 -9.265003091126894352e-01
3.002999999999999659e-09 -9.945921975035229012e-01
3.013009999999999711e-09 -9.842345188323351479e-01
3.023019999999999762e-09 -8.961620387197278825e-01
3.033029999999999813e-09 -7.372513453508243719e-01
3.043039999999999865e-09 -5.199923400080299629e-01
3.053049999999999916e-09 -2.615138578538721004e-01
3.063059999999999967e-09 1.776116022574530592e-02
3.073070000000000018e-09 2.957258177639563446e-01
3.083080000000000070e-09 5.503380812770458652e-01
3.093089999999999707e-09 7.613700246292135487e-01
3.103099999999999758e-09 9.120185855657884089e-01
3.113109999999999810e-09 9.902492870234692601e-01
3.123119999999999861e-09 9.897650213446771428e-01
3.133129999999999912e-09 9.105213389490598441e-01
3.143139999999999963e-09 7.587454394475873221e-01
3.153150000000000015e-09 5.464554210968762815e-01
3.163159999999999652e-09 2.905161861218650277e-01
3.173169999999999704e-09 1.130554741444602870e-02
3.183179999999999755e-09 -2.689044471239644407e-01
3.193189999999999806e-09 -5.277227125810867170e-01
3.203199999999999857e-09 -7.444294794158974327e-01
3.213209999999999909e-09 -9.016385703342374436e-01
3.223219999999999960e-09 -9.866979725771952703e-01
3.233230000000000011e-09 -9.927154393401393939e-01
3.243240000000000062e-09 -9.191254099960390889e-01
3.253249999999999700e-09 -7.717499705137745858e-01
3.263259999999999751e-09 -5.623469976127154490e-01
3.273269999999999803e-09 -3.076798172907818651e-01
3.283279999999999854e-09 -2.818135174417602321e-02
3.293289999999999905e-09 2.536812976881377968e-01
3.303299999999999956e-09 5.152112703029738672e-01
3.313310000000000008e-09 7.353105879207183504e-01
3.323319999999999645e-09 8.961856224853652630e-01
3.333329999999999696e-09 9.847912613898395229e-01
3.343339999999999748e-09 9.938961175220681898e-01
3.353349999999999799e-09 9.226812244115228934e-01
3.363359999999999850e-09 7.768219916987847418e-01
3.373369999999999902e-09 5.680447933500936131e-01
3.383379999999999953e-09 3.131920762678326864e-01
3.393390000000000004e-09 3.286986911151221907e-02
3.403400000000000055e-09 -2.502142191299492890e-01
3.413409999999999693e-09 -5.130888056617698423e-01
3.423419999999999744e-09 -7.343837510616972875e-01
3.433429999999999795e-09 -8.960709040999612629e-01
3.443439999999999847e-09 -9.849385098605643041e-01
3.453449999999999898e-09 -9.936782493437207320e-01
3.463459999999999949e-09 -9.214948808798659741e-01
3.473470000000000000e-09 -7.741869575007727100e-01
3.483479999999999638e-09 -5.636900034719208863e-01
3.493489999999999689e-09 -3.071173708133194680e-01
3.503499999999999741e-09 -2.537518714903867420e-02
3.513509999999999792e-09 2.585370334089289734e-01
3.523519999999999843e-09 5.214023266082150609e-01
3.533529999999999894e-09 7.416858956456738872e-01
3.543539999999999946e-09 9.013029107714185528e-01
3.553549999999999997e-09 9.871090912158548836e-01
3.563560000000000048e-09 9.919907491387411902e-01
3.573569999999999686e-09 9.154632931017941955e-01
3.583579999999999737e-09 7.637271506544617283e-01
3.593589999999999788e-09 5.491744362095781762e-01
3.603599999999999840e-09 2.893848378557237200e-01
3.613609999999999891e-09 5.691413185810452295e-03
3.623619999999999942e-09 -2.785672254202281595e-01
3.633629999999999993e-09 -5.399654797548431029e-01
3.643639999999999631e-09 -7.569225028240447184e-01
3.653649999999999682e-09 -9.114877188156653709e-01
3.663659999999999733e-09 -9.908320978030650261e-01
3.673669999999999785e-09 -9.883208089013835185e-01
3.683679999999999836e-09 -9.040769386162605947e-01
3.693689999999999887e-09 -7.449876771053950408e-01
3.703699999999999938e-09 -5.241503336501079913e-01
3.713709999999999990e-09 -2.598019592181538551e-01
3.723720000000000041e-09 2.618061897642301114e-02
3.733729999999999679e-09 3.100875001186730318e-01
3.743740000000000144e-09 5.683402694244361619e-01
3.753749999999999781e-09 7.794517442773859495e-01
3.763759999999999419e-09 9.258179045086882830e-01
3.773769999999999884e-09 9.951922378736675068e-01
3.783779999999999521e-09 9.817185081238881672e-01
3.793789999999999986e-09 8.864341976689772418e-01
3.803799999999999624e-09 7.172006281234617475e-01
3.813810000000000089e-09 4.880634123886261055e-01
3.823819999999999726e-09 2.180944842551991170e-01
3.833830000000000191e-09 -7.018949241395144867e-02
3.843839999999999829e-09 -3.527016798215439897e-01
3.853849999999999467e-09 -6.057968286810518910e-01
3.863859999999999931e-09 -8.082522988939873088e-01
3.873869999999999569e-09 -9.430522136143221212e-01
3.883880000000000034e-09 -9.988243866978129271e-01
3.893889999999999672e-09 -9.708081286643140961e-01
3.903900000000000136e-09 -8.612698855206145643e-01
3.913909999999999774e-09 -6.793296939230420994e-01
3.923920000000000239e-09 -4.402108161405551834e-01
3.933929999999999877e-09 -1.639735129285336546e-01
3.943939999999999514e-09 1.261623753895297073e-01
3.953949999999999979e-09 4.057662520612239643e-01
3.963959999999999617e-09 6.512536931969071796e-01
3.973970000000000082e-09 8.418783334127835083e-01
3.983979999999999719e-09 9.614902769066846488e-01
3.993990000000000184e-09 9.999115789594028580e-01
4.003999999999999822e-09 9.538110544160973703e-01
4.014009999999999459e-09 8.270025077992027018e-01
4.024019999999999924e-09 6.301389605888791934e-01
4.034029999999999562e-09 3.798265054459161183e-01
4.044040000000000027e-09 9.723073052240607805e-02
4.054049999999999664e-09 -1.937079651292770155e-01
4.064060000000000129e-09 -4.683001196439273706e-01
4.074069999999999767e-09 -7.032028254661097932e-01
4.084079999999999405e-09 -8.784073189148424721e-01
4.094089999999999869e-09 -9.789490448117339483e-01
4.104099999999999507e-09 -9.961935721594640247e-01
4.114109999999999972e-09 -9.285872197420745877e-01
4.124119999999999610e-09 -7.818063909825798685e-01
4.134130000000000074e-09 -5.682906202436102117e-01
4.144139999999999712e-09 -3.061968775637043394e-01
4.154150000000000177e-09 -1.786228531813061765e-02
4.164159999999999815e-09 2.720951896793449287e-01
4.174169999999999452e-09 5.388769616668958040e-01
4.184179999999999917e-09 7.596259487451655357e-01
4.194189999999999555e-09 9.153889033383458829e-01
4.204200000000000020e-09 9.927501524462721827e-01
4.214209999999999657e-09 9.849953871930555716e-01
4.224220000000000122e-09 8.927038531092902351e-01
4.234229999999999760e-09 7.237159388799601079e-01
4.244240000000000225e-09 4.924766120372299216e-01
4.254249999999999862e-09 2.188088353009161324e-01
4.264259999999999500e-09 -7.377960278914648395e-02
4.274269999999999965e-09 -3.601117665520833233e-01
4.284279999999999602e-09 -6.155072525008684625e-01
4.294290000000000067e-09 -8.179116619286406209e-01
4.304299999999999705e-09 -9.498059616788830928e-01
4.314310000000000170e-09 -9.997300251070184718e-01
4.324319999999999807e-09 -9.632872561576192316e-01
4.334329999999999445e-09 -8.435414870740380877e-01
4.344339999999999910e-09 -6.507695390386719625e-01
4.354349999999999548e-09 -4.015884700219741754e-01
4.364360000000000012e-09 -1.175308036106226667e-01
4.374369999999999650e-09 1.768107776500518757e-01
4.384380000000000115e-09 4.559098978328169349e-01
4.394389999999999753e-09 6.955204892301508623e-01
4.404399999999999390e-09 8.747862930721483909e-01
4.414409999999999855e-09 9.780620636193160244e-01
4.424419999999999493e-09 9.962869550474252600e-01
4.434429999999999958e-09 9.277888582585794852e-01
4.444439999999999595e-09 7.784474995425638699e-01
4.454450000000000060e-09 5.611997004526664279e-01
4.464459999999999698e-09 2.949275159310756900e-01
4.474470000000000163e-09 2.824021182472574287e-03
4.484479999999999800e-09 -2.896224342746888669e-01
4.494489999999999438e-09 -5.568507163986300412e-01
4.504499999999999903e-09 -7.754624994199111887e-01
4.514509999999999540e-09 -9.262753248361496050e-01
4.524520000000000005e-09 -9.960126213111474280e-01
4.534529999999999643e-09 -9.784812109631064736e-01
4.544540000000000108e-09 -8.751311266807150213e-01
4.554549999999999746e-09 -6.949463200739400826e-01
4.564560000000000210e-09 -4.536733828045958483e-01
4.574569999999999848e-09 -1.724536168925789592e-01
4.584579999999999486e-09 1.240234500338669582e-01
4.594589999999999951e-09 4.096843757159945310e-01
4.604599999999999588e-09 6.593645192139564459e-01
4.614610000000000053e-09 8.510275971439462683e-01
4.624619999999999691e-09 9.677160867360047325e-01
4.634630000000000156e-09 9.990593777026859357e-01
4.644639999999999793e-09 9.422048716604579655e-01
4.654649999999999431e-09 8.020876295207421958e-01
4.664659999999999896e-09 5.910122859160007458e-01
4.674669999999999533e-09 3.275816864579587651e-01
4.684679999999999998e-09 3.506469515410234883e-02
4.694689999999999636e-09 -2.606542886015513205e-01
4.704700000000000101e-09 -5.333638580394757245e-01
4.714709999999999738e-09 -7.588500228635957079e-01
4.724719999999999376e-09 -9.170503131409963871e-01
4.734729999999999841e-09 -9.938455808435694427e-01
4.744739999999999479e-09 -9.823288889064877294e-01
4.754749999999999943e-09 -8.834366953164011216e-01
4.764759999999999581e-09 -7.058838061121459617e-01
4.774770000000000046e-09 -4.654053332948013266e-01
4.784779999999999684e-09 -1.833706770768747940e-01
4.794790000000000148e-09 1.151091544856816529e-01
4.804799999999999786e-09 4.034138277416732254e-01
4.814809999999999424e-09 6.557874512625275765e-01
4.824819999999999889e-09 8.496422086979195099e-01
4.834829999999999526e-09 9.675855907710039228e-01
4.844839999999999991e-09 9.989888017994977831e-01
4.854849999999999629e-09 9.409542137434947495e-01
4.864860000000000094e-09 7.985929766115457129e-01
4.874869999999999731e-09 5.845853673178432741e-01
4.884880000000000196e-09 3.180606999270870761e-01
4.894889999999999834e-09 2.289487559462567712e-02
4.904899999999999471e-09 -2.744236008029709017e-01
4.914909999999999936e-09 -5.471688595741055483e-01
4.924919999999999574e-09 -7.707813549762788652e-01
4.934930000000000039e-09 -9.250837172487202942e-01
4.944939999999999676e-09 -9.961084687682723038e-01
4.954950000000000141e-09 -9.773714297036764087e-01
4.964959999999999779e-09 -8.704739240608617701e-01
4.974969999999999417e-09 -6.849769798808109655e-01
4.984979999999999881e-09 -4.375562308974121906e-01
4.994989999999999519e-09 -1.505112796769458305e-01
5.004999999999999984e-09 1.502380128731136411e-01
5.015009999999999622e-09 4.374888392711028251e-01
5.025020000000000086e-09 6.852158998198726314e-01
5.035029999999999724e-09 8.709324744984225930e-01
5.045039999999999362e-09 9.777376419491097259e-01
5.055049999999999827e-09 9.958627331241982628e-01
5.065059999999999464e-09 9.235747757240438949e-01
5.075069999999999929e-09 7.673525017610971499e-01
5.085079999999999567e-09 5.413162708854661886e-01
5.095090000000000032e-09 2.659610655948416169e-01
5.105099999999999669e-09 -3.369462139693315400e-02
5.115110000000000134e-09 -3.303774866470928218e-01
5.125119999999999772e-09 -5.970403963046265750e-01
5.135129999999999409e-09 -8.093300943154204674e-01
5.145139999999999874e-09 -9.478163293668012690e-01
5.155149999999999512e-09 -9.997779187849318294e-01
5.165159999999999977e-09 -9.603808901038803914e-01
5.175169999999999614e-09 -8.331387396337682771e-01
5.185180000000000079e-09 -6.296100825167297854e-01
5.195189999999999717e-09 -3.683586230832455732e-01
5.205200000000000182e-09 -7.326808823689225092e-02
5.215209999999999819e-09 2.286356813489223427e-01
5.225219999999999457e-09 5.096574085606676574e-01
5.235229999999999922e-09 7.439738363682854017e-01
5.245239999999999560e-09 9.100106877563181040e-01
5.255250000000000025e-09 9.924359815645527050e-01
5.265259999999999662e-09 9.835849195238853815e-01
5.275270000000000127e-09 8.841831061160598804e-01
5.285279999999999765e-09 7.032989393774262687e-01
5.295289999999999402e-09 4.575267795442483076e-01
5.305299999999999867e-09 1.694734716819615017e-01
5.315309999999999505e-09 -1.343145827328983966e-01
5.325319999999999970e-09 -4.257943469967958028e-01
5.335329999999999607e-09 -6.780145973850956187e-01
5.345340000000000072e-09 -8.676110156319397637e-01
5.355349999999999710e-09 -9.769766657444124425e-01
5.365359999999999348e-09 -9.959056746948020677e-01
5.375369999999999812e-09 -9.225558970749981880e-01
5.385379999999999450e-09 -7.636388424950480980e-01
5.395389999999999915e-09 -5.338164620873792066e-01
5.405399999999999553e-09 -2.543579530162734526e-01
5.415410000000000017e-09 4.882127610057002132e-02
5.425419999999999655e-09 3.475583706560790853e-01
5.435430000000000120e-09 6.140579265321666202e-01
5.445439999999999758e-09 8.234803545767674926e-01
5.455449999999999395e-09 9.562624914888239180e-01
5.465459999999999860e-09 9.999531722090946317e-01
5.475469999999999498e-09 9.503908027595237007e-01
5.485479999999999963e-09 8.121106589563373834e-01
5.495489999999999600e-09 5.979411074562183126e-01
5.505500000000000065e-09 3.278235803297856465e-01
5.515509999999999703e-09 2.696388137966264711e-02
5.525520000000000168e-09 -2.765145631303496665e-01
5.535529999999999805e-09 -5.541975322618472033e-01
5.545539999999999443e-09 -7.800417710395889381e-01
5.555549999999999908e-09 -9.328222252345387266e-01
5.565559999999999545e-09 -9.981343654547463196e-01
5.575570000000000010e-09 -9.697620149292441871e-01
5.585579999999999648e-09 -8.502799066491240065e-01
5.595590000000000113e-09 -6.508315889377115360e-01
5.605599999999999750e-09 -3.901006266941729472e-01
5.615609999999999388e-09 -9.256906125574820843e-02
5.625619999999999853e-09 2.137753733363741415e-01
5.635629999999999491e-09 5.000691390887369581e-01
5.645639999999999955e-09 7.392930502967907103e-01
5.655649999999999593e-09 9.088262992055288203e-01
5.665660000000000058e-09 9.925925616361133130e-01
5.675669999999999696e-09 9.825939236032557034e-01
5.685679999999999333e-09 8.796853993947607586e-01
5.695689999999999798e-09 6.935140506129371385e-01
5.705699999999999436e-09 4.416254966378995728e-01
5.715709999999999901e-09 1.478195064193817687e-01
5.725719999999999538e-09 -1.600921009792282412e-01
5.735730000000000003e-09 -4.529146720419534589e-01
5.745739999999999641e-09 -7.028388406383346831e-01
5.755750000000000106e-09 -8.860851075575604252e-01
5.765759999999999743e-09 -9.851730696275692312e-01
5.775769999999999381e-09 -9.905981341971086263e-01
5.785779999999999846e-09 -9.017540365522049850e-01
5.795789999999999483e-09 -7.270106276010996904e-01
5.805799999999999948e-09 -4.829365218045855168e-01
5.815809999999999586e-09 -1.927376988443572914e-01
5.825820000000000051e-09 1.159417335143701211e-01
5.835829999999999688e-09 4.136488914328306787e-01
5.845840000000000153e-09 6.719318917581749151e-01
5.855849999999999791e-09 8.660620674025955035e-01
5.865859999999999429e-09 9.774078897252475029e-01
5.875869999999999893e-09 9.952321168672150220e-01
5.885879999999999531e-09 9.177379809880460426e-01
5.895889999999999996e-09 7.522614808029334243e-01
5.905899999999999634e-09 5.145883167036937600e-01
5.915910000000000098e-09 2.274579299799145971e-01
5.925919999999999736e-09 -8.160456202001337145e-02
5.935929999999999374e-09 -3.829225653814614660e-01
5.945939999999999839e-09 -6.475166896596918908e-01
5.955949999999999476e-09 -8.498945654402485506e-01
5.965959999999999941e-09 -9.705129829661620633e-01
5.975969999999999579e-09 -9.976739844997116746e-01
5.985980000000000044e-09 -9.286701205527730929e-01
5.995989999999999681e-09 -7.700657431049997559e-01
6.005999999999999319e-09 -5.370841377415225271e-01
6.016009999999999784e-09 -2.521565415904670759e-01
6.026019999999999422e-09 5.722966373092044923e-02
6.036029999999999886e-09 3.611779408303906203e-01
6.046039999999999524e-09 6.302703438198465902e-01
6.056049999999999989e-09 8.384172266911452676e-01
6.066059999999999627e-09 9.653926414695378488e-01
6.076070000000000091e-09 9.988084830490584487e-01
6.086079999999999729e-09 9.353338679262179767e-01
6.096089999999999367e-09 7.810387096493163206e-01
6.106099999999999832e-09 5.508250365635010137e-01
6.116109999999999469e-09 2.669981298829919858e-01
6.126119999999999934e-09 -4.288654908286653605e-02
6.136129999999999572e-09 -3.486936162778475623e-01
6.146140000000000037e-09 -6.206369477897404341e-01
6.156149999999999674e-09 -8.321832225438264841e-01
6.166160000000000139e-09 -9.626465795336698328e-01
6.176169999999999777e-09 -9.992201130715943069e-01
6.186179999999999414e-09 -9.382438676116440224e-01
6.196189999999999879e-09 -7.855827657590278568e-01
6.206199999999999517e-09 -5.560744031686976063e-01
6.216209999999999982e-09 -2.720974776765824887e-01
6.226219999999999619e-09 3.860208245118893627e-02
6.236230000000000084e-09 3.456169437989831672e-01
6.246239999999999722e-09 6.188527862624751963e-01
6.256249999999999360e-09 8.314805207382807151e-01
6.266259999999999824e-09 9.625764890739892943e-01
6.276269999999999462e-09 9.991902746475399555e-01
6.286279999999999927e-09 9.376349257394110959e-01
6.296289999999999565e-09 7.838700093372855671e-01
6.306300000000000029e-09 5.529366397715242964e-01
6.316309999999999667e-09 2.674967988363372018e-01
6.326319999999999305e-09 -4.438227436684094585e-02
6.336329999999999770e-09 -3.519828417282295785e-01
6.346339999999999407e-09 -6.249607163103595431e-01
6.356349999999999872e-09 -8.363410547594058997e-01
6.366359999999999510e-09 -9.651899074861293171e-01
6.376369999999999975e-09 -9.986963690141278382e-01
6.386379999999999612e-09 -9.334573682742424161e-01
6.396390000000000077e-09 -7.758351880163981695e-01
6.406399999999999715e-09 -5.413490870841815017e-01
6.416409999999999352e-09 -2.531579447792980941e-01
6.426419999999999817e-09 6.021879789077576317e-02
6.436429999999999455e-09 3.677184523930641102e-01
6.446439999999999920e-09 6.388128531063967941e-01
6.456449999999999557e-09 8.465417715623878570e-01
6.466460000000000022e-09 9.702003192218802141e-01
6.476469999999999660e-09 9.974118593080100181e-01
6.486480000000000125e-09 9.253780019228627918e-01
6.496489999999999762e-09 7.611783517276430322e-01
6.506499999999999400e-09 5.210868452475181378e-01
6.516509999999999865e-09 2.289694352398659316e-01
6.526519999999999503e-09 -8.608019798811633594e-02
6.536529999999999967e-09 -3.926335140495709197e-01
6.546539999999999605e-09 -6.600614040602058585e-01
6.556550000000000070e-09 -8.615974427335136854e-01
6.566559999999999708e-09 -9.770234641674295784e-01
6.576569999999999345e-09 -9.947073705819022837e-01
6.586579999999999810e-09 -9.127868527626569195e-01
6.596589999999999448e-09 -7.393774485486900305e-01
6.606599999999999913e-09 -4.917807047520783015e-01
6.616609999999999550e-09 -1.947684380266208881e-01
6.626620000000000015e-09 1.218878373311731850e-01
6.636629999999999653e-09 4.263967214889965995e-01
6.646639999999999290e-09 6.881381921292577530e-01
6.656649999999999755e-09 8.807460439562764254e-01
6.666659999999999393e-09 9.847708771308211206e-01
6.676669999999999858e-09 9.896539864434118483e-01
6.686679999999999495e-09 8.948108517635813275e-01
6.696689999999999960e-09 7.097119013516758335e-01
6.706699999999999598e-09 4.529489444495854444e-01
6.716710000000000063e-09 1.503780397922452883e-01
6.726719999999999700e-09 -1.674767526184909872e-01
6.736729999999999338e-09 -4.684988158952388404e-01
6.746739999999999803e-09 -7.222241629673021857e-01
6.756749999999999441e-09 -9.029284710308812523e-01
6.766759999999999906e-09 -9.922427544711130976e-01
6.776769999999999543e-09 -9.810309661855839414e-01
6.786780000000000008e-09 -8.703365836323019300e-01
6.796789999999999646e-09 -6.712989283878244562e-01
6.806800000000000111e-09 -4.040441781966488954e-01
6.816809999999999748e-09 -9.566022536387154551e-02
6.826819999999999386e-09 2.225418792128104062e-01
6.836829999999999851e-09 5.182037586707508581e-01
6.846839999999999488e-09 7.612110497233799400e-01
6.856849999999999953e-09 9.267654094432544731e-01
6.866859999999999591e-09 9.979233468506488736e-01
6.876870000000000056e-09 9.673411404868831331e-01
6.886879999999999693e-09 8.380450639225799359e-01
6.896889999999999331e-09 6.231449359604774862e-01
6.906899999999999796e-09 3.445166458424434031e-01
6.916909999999999434e-09 3.058481775228968566e-02
6.926919999999999898e-09 -2.865706330495597642e-01
6.936929999999999536e-09 -5.744901850489245732e-01
6.946940000000000001e-09 -8.036584281242485917e-01
6.956949999999999639e-09 -9.505353320537230921e-01
6.966959999999999276e-09 -9.999832007160268654e-01
6.976969999999999741e-09 -9.468382018842527170e-01
6.986979999999999379e-09 -7.964621867383615550e-01
6.996989999999999844e-09 -5.642146227199082986e-01
7.006999999999999481e-09 -2.738952449890891816e-01
7.017009999999999946e-09 4.468587680307906790e-02
7.027019999999999584e-09 3.587637049995018312e-01
7.037030000000000049e-09 6.359864646368058594e-01
7.047039999999999686e-09 8.477506638186405041e-01
7.057049999999999324e-09 9.721588599139033837e-01
7.067059999999999789e-09 9.962936724530154775e-01
7.077069999999999426e-09 9.175709125051444426e-01
7.087079999999999891e-09 7.440288912572270430e-01
7.097089999999999529e-09 4.935203793089670832e-01
7.107099999999999994e-09 1.918870737940762961e-01
7.117109999999999631e-09 -1.296979240988636040e-01
7.127120000000000096e-09 -4.379471974168609449e-01
7.137129999999999734e-09 -7.009041546762111441e-01
7.147139999999999372e-09 -8.912597289995405347e-01
7.157149999999999836e-09 -9.891960368107928225e-01
7.167159999999999474e-09 -9.844601318104370113e-01
7.177169999999999939e-09 -8.774497898967641429e-01
7.187179999999999577e-09 -6.791950969022144680e-01
7.197190000000000041e-09 -4.102340100377081522e-01
7.207199999999999679e-09 -9.849518301307670642e-02
7.217209999999999317e-09 2.235948033680466851e-01
7.227219999999999782e-09 5.224809619866130905e-01
7.237229999999999419e-09 7.669764144152837471e-01
7.247239999999999884e-09 9.315214909460416415e-01
7.257249999999999522e-09 9.988643363480176340e-01
7.267259999999999987e-09 9.618810154214575414e-01
7.277269999999999624e-09 8.243419404900959035e-01
7.287279999999999262e-09 6.005408891313430697e-01
7.297289999999999727e-09 3.138215962256355462e-01
7.307299999999999364e-09 -5.847496019517655491e-03
7.317309999999999829e-09 -3.249993947451323972e-01
7.327319999999999467e-09 -6.101701842754267968e-01
7.337329999999999932e-09 -8.314099935642049743e-01
7.347339999999999569e-09 -9.654347295963431330e-01
7.357350000000000034e-09 -9.980862713671779796e-01
7.367359999999999672e-09 -9.258401871673440642e-01
7.377369999999999310e-09 -7.561991818500849449e-01
7.387379999999999774e-09 -5.069271100847129174e-01
7.397389999999999412e-09 -2.042003141444981851e-01
7.407399999999999877e-09 1.201325606178586941e-01
7.417409999999999515e-09 4.318963548699916721e-01
7.427419999999999979e-09 6.981898379972374391e-01
7.437429999999999617e-09 8.908615725949916575e-01
7.447440000000000082e-09 9.894936197204703410e-01
7.457449999999999720e-09 9.835760626607595869e-01
7.467459999999999357e-09 8.736396486960924523e-01
7.477469999999998995e-09 6.712231844078332399e-01
7.487480000000000287e-09 3.976752218361919167e-01
7.497489999999999925e-09 8.191308738346465834e-02
7.507499999999999562e-09 -2.426266603817098799e-01
7.517509999999999200e-09 -5.415255490590153986e-01
7.527519999999998838e-09 -7.830344400539378524e-01
7.537530000000000130e-09 -9.414512740421675518e-01
7.547539999999999767e-09 -9.998654143054220844e-01
7.557549999999999405e-09 -9.519746210570846356e-01
7.567559999999999043e-09 -8.027782072907185817e-01
7.577570000000000335e-09 -5.680688082763407643e-01
7.587579999999999972e-09 -2.727728866997229940e-01
7.597589999999999610e-09 5.168697425405249790e-02
7.607599999999999248e-09 3.707299055705557400e-01
7.617609999999998885e-09 6.503008011167472624e-01
7.627620000000000177e-09 8.605082903992666843e-01
7.637629999999999815e-09 9.788277176414729164e-01
7.647639999999999453e-09 9.925251858048627085e-01
7.657649999999999090e-09 9.000407073489300469e-01
7.667660000000000382e-09 7.111789071870388002e-01
7.677670000000000020e-09 4.460828665221275302e-01
7.687679999999999658e-09 1.330970360183456047e-01
7.697689999999999295e-09 -1.942552811247357791e-01
7.707699999999998933e-09 -5.008584603745696029e-01
7.717710000000000225e-09 -7.537718500611271244e-01
7.727719999999999863e-09 -9.257736424238629525e-01
7.737729999999999500e-09 -9.982995633012073933e-01
7.747739999999999138e-09 -9.634582237966033968e-01
7.757750000000000430e-09 -8.249031178812622489e-01
7.767760000000000068e-09 -5.974635360820563790e-01
7.777769999999999705e-09 -3.055700410597388395e-01
7.787779999999999343e-09 1.935971141441204801e-02
7.797789999999998981e-09 3.422961833917445018e-01
7.807800000000000273e-09 6.283723078100442727e-01
7.817809999999999910e-09 8.466505479086762209e-01
7.827819999999999548e-09 9.734754176094323475e-01
7.837829999999999186e-09 9.950474569509852873e-01
7.847840000000000478e-09 9.089374915693517742e-01
7.857850000000000115e-09 7.243736675829753890e-01
7.867859999999999753e-09 4.612660836936090525e-01
7.877869999999999391e-09 1.480705871429772447e-01
7.887879999999999028e-09 -1.812803552592182899e-01
7.897890000000000320e-09 -4.910496260447438366e-01
7.907899999999999958e-09 -7.475734017149704425e-01
7.917909999999999596e-09 -9.229242648241162694e-01
7.927919999999999233e-09 -9.979603905444406342e-01
7.937929999999998871e-09 -9.644269603552990677e-01
7.947940000000000163e-09 -8.258778497040596411e-01
7.957949999999999801e-09 -5.973132645995421486e-01
7.967959999999999438e-09 -3.035685810320864486e-01
7.977969999999999076e-09 2.337399502301404017e-02
7.987980000000000368e-09 3.478610822898781652e-01
7.997990000000000006e-09 6.344541070192220023e-01
8.007999999999999643e-09 8.518023116941458861e-01
8.018009999999999281e-09 9.760792514813696474e-01
8.028019999999998919e-09 9.936053458832438956e-01
8.038030000000000211e-09 9.023666891464158235e-01
8.048039999999999848e-09 7.122601011671459981e-01
8.058049999999999486e-09 4.440333552581584020e-01
8.068059999999999124e-09 1.270325070176517579e-01
8.078070000000000416e-09 -2.040004027157116262e-01
8.088080000000000053e-09 -5.127307718987836882e-01
8.098089999999999691e-09 -7.652200820829988537e-01
8.108099999999999329e-09 -9.336618734000117215e-01
8.118109999999998966e-09 -9.994532481301182658e-01
8.128120000000000258e-09 -9.552616368882755893e-01
8.138129999999999896e-09 -8.058558961906814311e-01
8.148139999999999534e-09 -5.676060827138244003e-01
8.158149999999999171e-09 -2.667026821803713532e-01
8.168159999999998809e-09 6.371244155263007525e-02
8.178170000000000101e-09 3.871902157243728992e-01
8.188179999999999739e-09 6.679936414573561798e-01
8.198189999999999376e-09 8.750491677770343424e-01
8.208199999999999014e-09 9.853929237833142230e-01
8.218210000000000306e-09 9.867287794813922597e-01
8.228219999999999944e-09 8.788120674330363036e-01
8.238229999999999581e-09 6.735018011271958205e-01
8.248239999999999219e-09 3.934712322542646135e-01
8.258249999999998857e-09 6.971538076872640932e-02
8.268260000000000149e-09 -2.618717586948569598e-01
8.278269999999999787e-09 -5.644732487491357364e-01
8.288279999999999424e-09 -8.044384517470060114e-01
8.298289999999999062e-09 -9.550311615003675980e-01
8.308300000000000354e-09 -9.994184954544044208e-01
8.318309999999999992e-09 -9.325653237498947590e-01
8.328319999999999629e-09 -7.618196304923465778e-01
8.338329999999999267e-09 -5.061192811155266202e-01
8.348339999999998905e-09 -1.939041506851913454e-01
8.358350000000000197e-09 1.400376346607747069e-01
8.368359999999999834e-09 4.584406902272443740e-01
8.378369999999999472e-09 7.257204651695379205e-01
8.388379999999999110e-09 9.119545430963172938e-01
8.398390000000000402e-09 9.962412428217822802e-01
8.408400000000000039e-09 9.690575848419139549e-01
8.418409999999999677e-09 8.333492924773657773e-01
8.428419999999999315e-09 6.042265503654290493e-01
8.438429999999998952e-09 3.072950843391222819e-01
8.448440000000000244e-09 -2.419465475796412496e-02
8.458449999999999882e-09 -3.530640394029270213e-01
8.468459999999999520e-09 -6.423739207822080077e-01
8.478469999999999157e-09 -8.595764682198148154e-01
8.488480000000000449e-09 -9.801842494963534103e-01
8.498490000000000087e-09 -9.905421324688274964e-01
8.508499999999999725e-09 -8.893870065348137288e-01
8.518509999999999362e-09 -6.880156706410986978e-01
8.528519999999999000e-09 -4.090374358180091097e-01
8.538530000000000292e-09 -8.384753050077434211e-02
8.548539999999999930e-09 2.508977134296359046e-01
8.558549999999999567e-09 5.574091132045858599e-01
8.568559999999999205e-09 8.010318457204104181e-01
8.578569999999998843e-09 9.541696408650168770e-01
8.588580000000000135e-09 9.994209348184596164e-01
8.598589999999999772e-09 9.315694507950909031e-01
8.608599999999999410e-09 7.582000472211170017e-01
8.618609999999999048e-09 4.988655848565142770e-01
8.628620000000000340e-09 1.828945814123804081e-01
8.638629999999999977e-09 -1.539160197784071038e-01
8.648639999999999615e-09 -4.733511363470680466e-01
8.658649999999999253e-09 -7.391132279322318865e-01
8.668659999999998890e-09 -9.209515198816579096e-01
8.678670000000000182e-09 -9.981145135458122652e-01
8.688679999999999820e-09 -9.617307316921891447e-01
8.698689999999999458e-09 -8.158431663879335272e-01
8.708699999999999095e-09 -5.769752255917947048e-01
8.718710000000000387e-09 -2.722729073366857988e-01
8.728720000000000025e-09 6.356950181556238200e-02
8.738729999999999663e-09 3.922532809797770748e-01
8.748739999999999300e-09 6.762411342579202067e-01
8.758749999999998938e-09 8.830475784538547313e-01
8.768760000000000230e-09 9.889631109807376363e-01
8.778769999999999868e-09 9.817843094042680852e-01
8.788779999999999505e-09 8.622341654905733010e-01
8.798789999999999143e-09 6.439057603285428533e-01
8.808799999999998781e-09 3.517309724903063817e-01
8.818810000000000073e-09 1.914504496565335584e-02
8.828819999999999710e-09 -3.157318848676175516e-01
8.838829999999999348e-09 -6.144611118194104327e-01
8.848839999999998986e-09 -8.426997768519124410e-01
8.858850000000000278e-09 -9.741561687277084935e-01
8.868859999999999915e-09 -9.936295808754961323e-01
8.878869999999999553e-09 -8.987819930422163983e-01
8.888879999999999191e-09 -7.004335178375604709e-01
8.898889999999998828e-09 -4.213428282949358561e-01
8.908900000000000120e-09 -9.360827277980510175e-02
8.918909999999999758e-09 2.450150127574994285e-01
8.928919999999999396e-09 5.554604625109688110e-01
8.938929999999999033e-09 8.018582765246102806e-01
8.948940000000000325e-09 9.556861100030932255e-01
8.958949999999999963e-09 9.990812664942108068e-01
8.968959999999999601e-09 9.269285728155193249e-01
8.978969999999999238e-09 7.474783558625014424e-01
8.988979999999998876e-09 4.814182397232913968e-01
8.998990000000000168e-09 1.595013609280482025e-01
9.008999999999999806e-09 -1.809986338828623864e-01
9.019009999999999443e-09 -5.005983096242626607e-01
9.029019999999999081e-09 -7.621829557263789523e-01
9.039030000000000373e-09 -9.353219723830850096e-01
9.049040000000000011e-09 -9.998187810213037263e-01
9.059049999999999648e-09 -9.480800206600231705e-01
9.069059999999999286e-09 -7.860245983921341217e-01
9.079069999999998924e-09 -5.324220943915798365e-01
9.089080000000000216e-09 -2.167325640434364931e-01
9.099089999999999853e-09 1.243052781078309021e-01
9.109099999999999491e-09 4.509436070114797857e-01
9.119109999999999129e-09 7.250573048939680243e-01
9.129120000000000421e-09 9.145984148355144061e-01
9.139130000000000058e-09 9.973522794172794415e-01
9.149139999999999696e-09 9.635540755675823243e-01
9.159149999999999334e-09 8.170560812597127409e-01
9.169159999999998971e-09 5.749044487606980169e-01
9.179170000000000263e-09 2.653699695203840525e-01
9.189179999999999901e-09 -7.534137738394289241e-02
9.199189999999999539e-09 -4.073166763575633009e-01
9.209199999999999176e-09 -6.916101488577418577e-01
9.219209999999998814e-09 -8.948158888798259936e-01
9.229220000000000106e-09 -9.930019396984115509e-01
9.239229999999999744e-09 -9.745414138086441191e-01
9.249239999999999381e-09 -8.415042887653245707e-01
9.259249999999999019e-09 -6.094415702099263976e-01
9.269260000000000311e-09 -3.055821141826536302e-01
9.279269999999999949e-09 3.435056932843629646e-02
9.289279999999999586e-09 3.703308005190812935e-01
9.299289999999999224e-09 6.627413677565753281e-01
9.309299999999998862e-09 8.770482071196110674e-01
9.319310000000000154e-09 9.878871745239633517e-01
9.329319999999999791e-09 9.820783314480363568e-01
9.339329999999999429e-09 8.602080997448233735e-01
9.349339999999999067e-09 6.365876478989224152e-01
9.359350000000000359e-09 3.375872816794555642e-01
9.369359999999999996e-09 -1.461121349688684163e-03
9.379369999999999634e-09 -3.404312445861110703e-01
9.389379999999999272e-09 -6.391485112141811475e-01
9.399389999999998909e-09 -8.621542768090569853e-01
9.409400000000000201e-09 -9.829227639332828170e-01
9.419409999999999839e-09 -9.870283274870595980e-01
9.429419999999999477e-09 -8.738834607794229159e-01
9.439429999999999114e-09 -6.568364274460969376e-01
9.449439999999998752e-09 -3.616117178118959941e-01
9.459450000000000044e-09 -2.327368065473239822e-02
9.469459999999999682e-09 3.179297908830696628e-01
9.479469999999999319e-09 6.213518716791024410e-01
9.489479999999998957e-09 8.507913293406987876e-01
9.499490000000000249e-09 9.788193051576297155e-01
9.509499999999999887e-09 9.900703298614946801e-01
9.519509999999999524e-09 8.831013072468443248e-01
9.529519999999999162e-09 6.705918278500569985e-01
9.539529999999998800e-09 3.778566314354336320e-01
9.549540000000000092e-09 3.984283509390476596e-02
9.559549999999999729e-09 -3.030334505550107416e-01
9.569559999999999367e-09 -6.097161763480634100e-01
9.579569999999999005e-09 -8.434275280201559699e-01
9.589580000000000297e-09 -9.760858317553328112e-01
9.599589999999999934e-09 -9.916916254958009214e-01
9.609599999999999572e-09 -8.882722069790218722e-01
9.619609999999999210e-09 -6.781465775626471792e-01
9.629619999999998847e-09 -3.864736582442316326e-01
9.639630000000000139e-09 -4.825293897750982525e-02
9.649639999999999777e-09 2.958664593440439305e-01
9.659649999999999415e-09 6.044675642343355637e-01
9.669659999999999052e-09 8.403523539403550124e-01
9.679670000000000344e-09 9.750329301406719384e-01
9.689679999999999982e-09 9.921839428804486438e-01
9.699689999999999620e-09 8.896364625778145907e-01
9.709699999999999257e-09 6.796680175486601305e-01
9.719709999999998895e-09 3.875484162504917451e-01
9.729720000000000187e-09 4.851163283392439379e-02
9.739729999999999825e-09 -2.964849960983755306e-01
9.749739999999999462e-09 -6.057049406203570685e-01
9.759749999999999100e-09 -8.416836454512193200e-01
9.769760000000000392e-09 -9.757751576349833478e-01
9.779770000000000030e-09 -9.916415625857787353e-01
9.789779999999999668e-09 -8.872587419877885351e-01
9.799789999999999305e-09 -6.751904248120423890e-01
9.809799999999998943e-09 -3.810918383974253310e-01
9.819810000000000235e-09 -4.061919753856015752e-02
9.829819999999999873e-09 3.048843039559032131e-01
9.839829999999999510e-09 6.134051598638941005e-01
9.849839999999999148e-09 8.473706038830558507e-01
9.859849999999998786e-09 9.782320342565730131e-01
9.869860000000000078e-09 9.899607790576107069e-01
9.879869999999999715e-09 8.810266855637263195e-01
9.889879999999999353e-09 6.646134774077385732e-01
9.899889999999998991e-09 3.670390944207460038e-01
9.909900000000000283e-09 2.456829586138559174e-02
9.919909999999999920e-09 -3.209980748006742157e-01
9.929919999999999558e-09 -6.274218002326215071e-01
9.939929999999999196e-09 -8.571924877131629206e-01
9.949939999999998833e-09 -9.821273403077025455e-01
9.959950000000000125e-09 -9.868404945656490401e-01
9.969959999999999763e-09 -8.706533403143078553e-01
9.979969999999999401e-09 -6.477067825380447008e-01
9.989979999999999038e-09 -3.452560774961939138e-01
9.999990000000000330e-09 -3.518583197025553682e-04
1.000999999999999997e-08 3.446901086493555644e-01
1.002000999999999961e-08 6.474775858504857595e-01
1.003001999999999924e-08 8.707531147883117439e-01
1.004002999999999888e-08 9.869869079647344279e-01
1.005004000000000017e-08 9.817841863282471548e-01
1.006004999999999981e-08 8.556836805394371082e-01
1.007005999999999945e-08 6.241206964706075278e-01
1.008006999999999909e-08 3.155535991964552589e-01
1.009007999999999872e-08 -3.202087921497626111e-02
1.010009000000000002e-08 -3.757384132503709395e-01
1.011009999999999965e-08 -6.731508072998135805e-01
1.012010999999999929e-08 -8.874716949204167760e-01
1.013011999999999893e-08 -9.921355538581925204e-01
1.014013000000000022e-08 -9.741039450873012484e-01
1.015013999999999986e-08 -8.355058719462818972e-01
1.016014999999999950e-08 -5.934039527534425984e-01
1.017015999999999913e-08 -2.777095767886508804e-01
1.018016999999999877e-08 7.250020392927587765e-02
1.019018000000000006e-08 4.138120974374766003e-01
1.020018999999999970e-08 7.038564199002012023e-01
1.021019999999999934e-08 9.065709397449610574e-01
1.022020999999999898e-08 9.966942661206553700e-01
1.023022000000000027e-08 9.629277306453264407e-01
1.024022999999999991e-08 8.093683051030615694e-01
1.025023999999999954e-08 5.550288561060249259e-01
1.026024999999999918e-08 2.314995770376658268e-01
1.027025999999999882e-08 -1.209637307038223114e-01
1.028027000000000011e-08 -4.584416655549378716e-01
1.029027999999999975e-08 -7.388228807366590267e-01
1.030028999999999939e-08 -9.270638562441919639e-01
1.031029999999999902e-08 -9.995792343749365649e-01
1.032031000000000032e-08 -9.472114154254545060e-01
1.033031999999999995e-08 -7.764037411116656573e-01
1.034032999999999959e-08 -5.084249627967581953e-01
1.035033999999999923e-08 -1.767360659068365758e-01
1.036034999999999887e-08 1.771764865296422131e-01
1.037036000000000016e-08 5.089836678177527274e-01
1.038036999999999980e-08 7.770662409563620088e-01
1.039037999999999943e-08 9.477411314477096616e-01
1.040038999999999907e-08 9.995047880338479018e-01
1.041040000000000036e-08 9.257575718677810706e-01
1.042041000000000000e-08 7.356621485328633803e-01
1.043041999999999964e-08 4.530222191032838852e-01
1.044042999999999928e-08 1.133165675525860533e-01
1.045043999999999891e-08 -2.407439048423019035e-01
1.046045000000000021e-08 -5.645811263596193230e-01
1.047045999999999984e-08 -8.173635499582613262e-01
1.048046999999999948e-08 -9.671615555701664757e-01
1.049047999999999912e-08 -9.949927699787713964e-01
1.050048999999999876e-08 -8.972432742792294524e-01
1.051050000000000005e-08 -6.861539286011171246e-01
1.052050999999999969e-08 -3.883044273833011761e-01
1.053051999999999932e-08 -4.128062142171167598e-02
1.054052999999999896e-08 3.110588486751415527e-01
1.055054000000000025e-08 6.241217549781625795e-01
1.056054999999999989e-08 8.582282531456103536e-01
1.057055999999999953e-08 9.836484931643417751e-01
1.058056999999999917e-08 9.843912885141195002e-01
1.059057999999999880e-08 8.602593893074134135e-01
1.060059000000000010e-08 6.269051793267196304e-01
1.061059999999999973e-08 3.138736096907004391e-01
1.062060999999999937e-08 -3.912509330058237811e-02
1.063061999999999901e-08 -3.872444548848879009e-01
1.064063000000000030e-08 -6.861967267197316422e-01
1.065063999999999994e-08 -8.978909600658110390e-01
1.066064999999999958e-08 -9.952959638855355395e-01
1.067065999999999921e-08 -9.659061135521264108e-01
1.068066999999999885e-08 -8.133638668012200812e-01
1.069068000000000014e-08 -5.570263833565956002e-01
1.070068999999999978e-08 -2.295252948128813086e-01
1.071069999999999942e-08 1.273748529771960569e-01
1.072070999999999906e-08 4.680954608763204794e-01
1.073071999999999870e-08 7.490636054919197484e-01
1.074072999999999999e-08 9.342896904501065691e-01
1.075073999999999962e-08 9.999883829331187579e-01
1.076074999999999926e-08 9.376481481874502366e-01
1.077075999999999890e-08 7.551513464415898769e-01
1.078077000000000019e-08 4.757953582729521069e-01
1.079077999999999983e-08 1.353339209867907567e-01
1.080078999999999947e-08 -2.225876063493655854e-01
1.081079999999999911e-08 -5.520217340894501001e-01
1.082080999999999874e-08 -8.106180113785902419e-01
1.083082000000000003e-08 -9.650744126924604149e-01
1.084082999999999967e-08 -9.954383595603887303e-01
1.085083999999999931e-08 -8.977003303992624472e-01
1.086084999999999895e-08 -6.843408859951880530e-01
1.087086000000000024e-08 -3.827544184593652532e-01
1.088086999999999988e-08 -3.174638669356337484e-02
1.089087999999999952e-08 3.234499916807291320e-01
1.090088999999999915e-08 6.369989417950020494e-01
1.091089999999999879e-08 8.683795707442065748e-01
1.092091000000000008e-08 9.876312843980973311e-01
1.093091999999999972e-08 9.792470587065256193e-01
1.094092999999999936e-08 8.442069007971628736e-01
1.095093999999999900e-08 5.998827089134263213e-01
1.096095000000000029e-08 2.778204077285840734e-01
1.097095999999999993e-08 -8.031972313807178576e-02
1.098096999999999956e-08 -4.281438484826822211e-01
1.099097999999999920e-08 -7.205326094167401330e-01
1.100098999999999884e-08 -9.194986124790709425e-01
1.101100000000000013e-08 -9.991323673066221378e-01
1.102100999999999977e-08 -9.489913702290829756e-01
1.103101999999999941e-08 -7.754870982897359433e-01
1.104102999999999904e-08 -5.010834790938242245e-01
1.105104000000000034e-08 -1.614045314710179091e-01
1.106104999999999997e-08 1.993785476520431033e-01
1.107105999999999961e-08 5.342851094651687172e-01
1.108106999999999925e-08 7.996431116960376340e-01
1.109107999999999889e-08 9.607907709551376518e-01
1.110109000000000018e-08 9.966165659723645875e-01
1.111109999999999982e-08 9.023413573896650330e-01
1.112110999999999945e-08 6.901739007554442695e-01
1.113111999999999909e-08 3.877476709274025324e-01
1.114112999999999873e-08 3.453673775002660123e-02
1.115114000000000002e-08 -3.232864280458242479e-01
1.116114999999999966e-08 -6.388827116662264549e-01
1.117115999999999930e-08 -8.708802635682030280e-01
1.118116999999999893e-08 -9.888069612862577795e-01
1.119118000000000023e-08 -9.771069490259828294e-01
1.120118999999999986e-08 -8.372100165886066092e-01
1.121119999999999950e-08 -5.873763087387438020e-01
1.122120999999999914e-08 -2.603300782217783382e-01
1.123121999999999878e-08 1.010131898106576553e-01
1.124123000000000007e-08 4.491701655709221530e-01
1.125123999999999971e-08 7.383278040676791720e-01
1.126124999999999934e-08 9.303769115283944124e-01
1.127125999999999898e-08 9.999458793401209133e-01
1.128127000000000027e-08 9.377682528256848782e-01
1.129127999999999991e-08 7.519351263460356538e-01
1.130128999999999955e-08 4.668608065188396550e-01
1.131129999999999919e-08 1.200914167669566435e-01
1.132130999999999882e-08 -2.426285456283305830e-01
1.133132000000000012e-08 -5.733850243913459765e-01
1.134132999999999975e-08 -8.284248038391537339e-01
1.135133999999999939e-08 -9.739510006498963701e-01
1.136134999999999903e-08 -9.906149927355155649e-01
1.137135999999999867e-08 -8.761060386550305612e-01
1.138136999999999996e-08 -6.454897794187638427e-01
1.139137999999999960e-08 -3.292440169973033237e-01
1.140138999999999923e-08 3.075457496893925849e-02
1.141139999999999887e-08 3.867663107232849895e-01
1.142141000000000016e-08 6.915163839026831072e-01
1.143141999999999980e-08 9.044764418176308718e-01
1.144142999999999944e-08 9.972646897122906529e-01
1.145143999999999908e-08 9.574436639591922260e-01
1.146144999999999871e-08 7.902055033487059843e-01
1.147146000000000001e-08 5.177140270179122483e-01
1.148146999999999964e-08 1.761842792821898263e-01
1.149147999999999928e-08 -1.889179305662822828e-01
1.150148999999999892e-08 -5.289218863870769338e-01
1.151150000000000021e-08 -7.984401924826561858e-01
1.152150999999999985e-08 -9.614344503244852680e-01
1.153151999999999949e-08 -9.960468641872565199e-01
1.154152999999999912e-08 -8.975483387320977169e-01
1.155153999999999876e-08 -6.790032243605619300e-01
1.156155000000000005e-08 -3.695549741157411749e-01
1.157155999999999969e-08 -1.055513630033142088e-02
1.158156999999999933e-08 3.499522337980954800e-01
1.159157999999999897e-08 6.636564544158609635e-01
1.160159000000000026e-08 8.884574577867019318e-01
1.161159999999999990e-08 9.941255488074212110e-01
1.162160999999999953e-08 9.663815229464722822e-01
1.163161999999999917e-08 8.088444668164916918e-01
1.164162999999999881e-08 5.425791676821378751e-01
1.165164000000000010e-08 2.032968591139339143e-01
1.166164999999999974e-08 -1.634210927783814049e-01
1.167165999999999938e-08 -5.082395506035111143e-01
1.168166999999999901e-08 -7.847063013184853997e-01
1.169168000000000031e-08 -9.555163863512833311e-01
1.170168999999999994e-08 -9.975584380361602888e-01
1.171169999999999958e-08 -9.050587255757283067e-01
1.172170999999999922e-08 -6.903929543931696111e-01
1.173171999999999886e-08 -3.824492926976030827e-01
1.174173000000000015e-08 -2.275654042380215875e-02
1.175173999999999979e-08 3.401057850348799816e-01
1.176174999999999942e-08 6.570644858731253812e-01
1.177175999999999906e-08 8.851923782338153579e-01
1.178176999999999870e-08 9.935318928873146938e-01
1.179177999999999999e-08 9.673112465479943856e-01
1.180178999999999963e-08 8.099769611695443183e-01
1.181179999999999927e-08 5.427606376390408105e-01
1.182180999999999890e-08 2.018314844536256147e-01
1.183182000000000020e-08 -1.665859504191593288e-01
1.184182999999999983e-08 -5.124716704950096346e-01
1.185183999999999947e-08 -7.888010435848151758e-01
1.186184999999999911e-08 -9.579446841116134870e-01
1.187185999999999875e-08 -9.968055246210801856e-01
1.188187000000000004e-08 -8.999900602304566899e-01
1.189187999999999968e-08 -6.805760481006251084e-01
1.190188999999999931e-08 -3.683649616679857131e-01
1.191189999999999895e-08 -5.850059515356108818e-03
1.192191000000000024e-08 3.575566277691553108e-01
1.193191999999999988e-08 6.722555487254047168e-01
1.194192999999999952e-08 8.952326856957603107e-01
1.195193999999999916e-08 9.959490761485030319e-01
1.196194999999999880e-08 9.605390347486583158e-01
1.197196000000000009e-08 7.937378480168520989e-01
1.198196999999999973e-08 5.182684442001087577e-01
1.199197999999999936e-08 1.717635524349766796e-01
1.200198999999999900e-08 -1.983622134341722354e-01
1.201199999999999864e-08 -5.413934456949162088e-01
1.202200999999999993e-08 -8.102632934113728203e-01
1.203201999999999957e-08 -9.680188263935581849e-01
1.204202999999999921e-08 -9.929133108022041299e-01
1.205203999999999884e-08 -8.814218342655202321e-01
1.206205000000000014e-08 -6.487597060283504247e-01
1.207205999999999977e-08 -3.268250178444310761e-01
1.208206999999999941e-08 4.015910174670715010e-02
1.209207999999999905e-08 4.017093746996162063e-01
1.210208999999999869e-08 7.080240379578570664e-01
1.211209999999999998e-08 9.168472106066772875e-01
1.212210999999999962e-08 9.993092417857103449e-01
1.213211999999999925e-08 9.439343130995608844e-01
1.214212999999999889e-08 7.582567512911102536e-01
1.215214000000000018e-08 4.678158302552790082e-01
1.216214999999999982e-08 1.126602899139147046e-01
1.217215999999999946e-08 -2.581614512613081280e-01
1.218216999999999910e-08 -5.933691297647544216e-01
1.219217999999999873e-08 -8.465435241431364943e-01
1.220219000000000003e-08 -9.825631654957571737e-01
1.221219999999999966e-08 -9.824911632030156605e-01
1.222220999999999930e-08 -8.462302004845539960e-01
1.223221999999999894e-08 -5.925709477701549543e-01
1.224223000000000023e-08 -2.566195660114287125e-01
1.225223999999999987e-08 1.150461775773727324e-01
1.226224999999999951e-08 4.708259145678041491e-01
1.227225999999999914e-08 7.612591359345858288e-01
1.228226999999999878e-08 9.459071497353985780e-01
1.229228000000000007e-08 9.989961788574831525e-01
1.230228999999999971e-08 9.130324042716243538e-01
1.231229999999999935e-08 6.998795221853266746e-01
1.232230999999999899e-08 3.891412561327868280e-01
1.233232000000000028e-08 2.406650706084787622e-02
1.234232999999999992e-08 -3.444588107624838025e-01
1.235233999999999955e-08 -6.650001916639834976e-01
1.236234999999999919e-08 -8.927564289239778850e-01
1.237235999999999883e-08 -9.958317283314356283e-01
1.238237000000000012e-08 -9.597185400959507007e-01
1.239237999999999976e-08 -7.893588629111347732e-01
1.240238999999999940e-08 -5.084885008273106743e-01
1.241239999999999903e-08 -1.563481984577727024e-01
1.242240999999999867e-08 2.177852278442327372e-01
1.243241999999999996e-08 5.614875058007046116e-01
1.244242999999999960e-08 8.265332833333702833e-01
1.245243999999999924e-08 9.756707409844405099e-01
1.246244999999999888e-08 9.878716572767236581e-01
1.247246000000000017e-08 8.613150302716908735e-01
1.248246999999999981e-08 6.136783532668869112e-01
1.249247999999999944e-08 2.796877802580325367e-01
1.250248999999999908e-08 -9.373609141030397884e-02
1.251249999999999872e-08 -4.540604778279717646e-01
1.252251000000000001e-08 -7.505286616356841023e-01
1.253251999999999965e-08 -9.413154609787339755e-01
1.254252999999999929e-08 -9.994403968068390487e-01
1.255253999999999892e-08 -9.166008308737141341e-01
1.256255000000000022e-08 -7.043780549120557399e-01
1.257255999999999985e-08 -3.926384168514886475e-01
1.258256999999999949e-08 -2.534727119252206534e-02
1.259257999999999913e-08 3.456199830611794144e-01
1.260258999999999877e-08 6.678002287279696247e-01
1.261260000000000006e-08 8.955654159158483729e-01
1.262260999999999970e-08 9.965951481827262093e-01
1.263261999999999933e-08 9.564794276692237807e-01
1.264262999999999897e-08 7.807937992057860654e-01
1.265263999999999861e-08 4.943453263132551179e-01
1.266264999999999990e-08 1.376882174073710552e-01
1.267265999999999954e-08 -2.386041447512947111e-01
1.268266999999999918e-08 -5.811036908726232575e-01
1.269267999999999881e-08 -8.411146973852305919e-01
1.270269000000000011e-08 -9.816058544232928451e-01
1.271269999999999974e-08 -9.824993612402530552e-01
1.272270999999999938e-08 -8.435595210766337892e-01
1.273271999999999902e-08 -5.844625735520618814e-01
1.274272999999999866e-08 -2.420296986249933502e-01
1.275273999999999995e-08 1.349905288578978624e-01
1.276274999999999959e-08 4.928531168311159338e-01
1.277275999999999922e-08 7.804769243327216444e-01
1.278276999999999886e-08 9.567426024555194530e-01
1.279278000000000015e-08 9.963846371322010453e-01
1.280278999999999979e-08 8.936313187677732417e-01
1.281279999999999943e-08 6.630656434171378066e-01
1.282280999999999907e-08 3.375759859548346231e-01
1.283281999999999870e-08 -3.631844919299656582e-02
1.284283000000000000e-08 -4.051054185341467218e-01
1.285283999999999963e-08 -7.159351022969567824e-01
1.286284999999999927e-08 -9.241985481100146727e-01
1.287285999999999891e-08 -9.999417375361637772e-01
1.288287000000000020e-08 -9.321913492611800800e-01
1.289287999999999984e-08 -7.305650461544155316e-01
1.290288999999999948e-08 -4.239271417200823899e-01
1.291289999999999911e-08 -5.627442727712601844e-02
1.292290999999999875e-08 3.195640511384648663e-01
1.293292000000000004e-08 6.495129190843802469e-01
1.294292999999999968e-08 8.860335928051029653e-01
1.295293999999999932e-08 9.949839881160816857e-01
1.296294999999999896e-08 9.605635119405816491e-01
1.297296000000000025e-08 7.876247833133902532e-01
1.298296999999999989e-08 5.010110242443436279e-01
1.299297999999999952e-08 1.420062631996817926e-01
1.300298999999999916e-08 -2.375972176299885885e-01
1.301299999999999880e-08 -5.829637363234853042e-01
1.302301000000000009e-08 -8.441364977343145393e-01
1.303301999999999973e-08 -9.832726418908780408e-01
1.304302999999999937e-08 -9.801419805773156080e-01
1.305303999999999901e-08 -8.350882321168894284e-01
1.306304999999999864e-08 -5.690164934111411332e-01
1.307305999999999993e-08 -2.204002793843952979e-01
1.308306999999999957e-08 1.602663075672819404e-01
1.309307999999999921e-08 5.177735521778682459e-01
1.310308999999999885e-08 8.002027235001765160e-01
1.311310000000000014e-08 9.664732986282581484e-01
1.312310999999999978e-08 9.923326651289492428e-01
1.313311999999999942e-08 8.739129292782465974e-01
1.314312999999999905e-08 6.283304531611709765e-01
1.315313999999999869e-08 2.912324337589195511e-01
1.316314999999999998e-08 -8.836087039277688848e-02
1.317315999999999962e-08 -4.551744359491814440e-01
1.318316999999999926e-08 -7.557251476372828236e-01
1.319317999999999890e-08 -9.461258139002943768e-01
1.320319000000000019e-08 -9.985069654961805652e-01
1.321319999999999983e-08 -9.051148650004189333e-01
1.322320999999999946e-08 -6.794804656090125405e-01
1.323321999999999910e-08 -3.544801415881081996e-01
1.324322999999999874e-08 2.243704705644642902e-02
1.325324000000000003e-08 3.961652944793175868e-01
1.326324999999999967e-08 7.119948713187869149e-01
1.327325999999999931e-08 9.236256150205531812e-01
1.328326999999999894e-08 9.999666897335243165e-01
1.329327999999999858e-08 9.297222298858497380e-01
1.330328999999999987e-08 7.230839197788632156e-01
1.331329999999999951e-08 4.102738942243048803e-01
1.332330999999999915e-08 3.714299601114506161e-02
1.333331999999999879e-08 -3.415372607846399733e-01
1.334333000000000008e-08 -6.701095188308204831e-01
1.335333999999999972e-08 -9.002142798897441178e-01
1.336334999999999935e-08 -9.979187131096352026e-01
1.337335999999999899e-08 -9.487380750648196637e-01
1.338336999999999863e-08 -7.598041401775282866e-01
1.339337999999999992e-08 -4.588530036057676398e-01
1.340338999999999956e-08 -9.017250806374263461e-02
1.341339999999999920e-08 2.919014487208253517e-01
1.342340999999999883e-08 6.309867076257316132e-01
1.343342000000000013e-08 8.769773015933646221e-01
1.344342999999999976e-08 9.934578139302354671e-01
1.345343999999999940e-08 9.631110253196536464e-01
1.346344999999999904e-08 7.903133695028715655e-01
1.347345999999999868e-08 5.005261830112796018e-01
1.348346999999999997e-08 1.365638357369309275e-01
1.349347999999999961e-08 -2.477172581976406773e-01
1.350348999999999924e-08 -5.953806816081994580e-01
1.351349999999999888e-08 -8.548471148937930586e-01
1.352351000000000017e-08 -9.875561008071734870e-01
1.353351999999999981e-08 -9.737129996174448410e-01
1.354352999999999945e-08 -8.152622416656406523e-01
1.355353999999999909e-08 -5.356372710142720539e-01
1.356354999999999872e-08 -1.763152780324336588e-01
1.357356000000000002e-08 2.093198195318799193e-01
1.358356999999999965e-08 5.639004244318837067e-01
1.359357999999999929e-08 8.346096662833680790e-01
1.360358999999999893e-08 9.810575114773824046e-01
1.361360000000000022e-08 9.813228164545648724e-01
1.362360999999999986e-08 8.352551581339949793e-01
1.363361999999999950e-08 5.645361081747753973e-01
1.364362999999999913e-08 2.094816984072012944e-01
1.365363999999999877e-08 -1.769455185225373151e-01
1.366365000000000006e-08 -5.370278807884181216e-01
1.367365999999999970e-08 -8.169130402527983170e-01
1.368366999999999934e-08 -9.746759877018141838e-01
1.369367999999999898e-08 -9.866145678402284958e-01
1.370368999999999861e-08 -8.508308732972753585e-01
1.371369999999999991e-08 -5.875543736528702210e-01
1.372370999999999954e-08 -2.361492104710888884e-01
1.373371999999999918e-08 1.507548390076106914e-01
1.374372999999999882e-08 5.151351976303417679e-01
1.375374000000000011e-08 8.022768912216038384e-01
1.376374999999999975e-08 9.689960919855796773e-01
1.377375999999999939e-08 9.901497138003140241e-01
1.378376999999999902e-08 8.624475644542618502e-01
1.379377999999999866e-08 6.049860683956866936e-01
1.380378999999999995e-08 2.564140617109604836e-01
1.381379999999999959e-08 -1.308519960768662060e-01
1.382380999999999923e-08 -4.985001462219250112e-01
1.383381999999999887e-08 -7.911016598789685217e-01
1.384383000000000016e-08 -9.644750130012917921e-01
1.385383999999999980e-08 -9.923719608516411439e-01
1.386384999999999943e-08 -8.704716921548749653e-01
1.387385999999999907e-08 -6.170722790390353873e-01
1.388386999999999871e-08 -2.703657137988610404e-01
1.389388000000000000e-08 1.173010140648132610e-01
1.390388999999999964e-08 4.873190972757260875e-01
1.391389999999999928e-08 7.836767666458904769e-01
1.392390999999999891e-08 9.614450957488446248e-01
1.393391999999999855e-08 9.936041286750199042e-01
1.394392999999999984e-08 8.751700321608725242e-01
1.395393999999999948e-08 6.239898587524667084e-01
1.396394999999999912e-08 2.780740479855650649e-01
1.397395999999999876e-08 -1.101380351662917950e-01
1.398397000000000005e-08 -4.817170966374937358e-01
1.399397999999999969e-08 -7.801871701918977609e-01
1.400398999999999932e-08 -9.601162220463324015e-01
1.401399999999999896e-08 -9.940463684895682883e-01
1.402400999999999860e-08 -8.767043688581921401e-01
1.403401999999999989e-08 -6.258437054944511191e-01
1.404402999999999953e-08 -2.795805988888270810e-01
1.405403999999999917e-08 1.093797351126393480e-01
1.406404999999999881e-08 4.817547323539814186e-01
1.407406000000000010e-08 7.807178555552655164e-01
1.408406999999999973e-08 9.605775528975541988e-01
1.409407999999999937e-08 9.937752668336844453e-01
1.410408999999999901e-08 8.751284714740005244e-01
1.411409999999999865e-08 6.226623932812347384e-01
1.412410999999999994e-08 2.748937286681131242e-01
1.413411999999999958e-08 -1.150277811115778537e-01
1.414412999999999922e-08 -4.874316019364934860e-01
1.415413999999999885e-08 -7.852559771673424116e-01
1.416415000000000014e-08 -9.627983253982023149e-01
1.417415999999999978e-08 -9.927435445898865618e-01
1.418416999999999942e-08 -8.703871208369302614e-01
1.419417999999999906e-08 -6.143970080127820754e-01
1.420418999999999870e-08 -2.639876854295699626e-01
1.421419999999999999e-08 1.270693041205745721e-01
1.422420999999999963e-08 4.986862890097034651e-01
1.423421999999999926e-08 7.936905316040008262e-01
1.424422999999999890e-08 9.666275739385256083e-01
1.425424000000000019e-08 9.907802400480208993e-01
1.426424999999999983e-08 8.623171090790594517e-01
1.427425999999999947e-08 6.009231470031429767e-01
1.428426999999999911e-08 2.468055342521879025e-01
1.429427999999999874e-08 -1.454733827508704336e-01
1.430429000000000004e-08 -5.153928499444021538e-01
1.431429999999999967e-08 -8.058095789398374009e-01
1.432430999999999931e-08 -9.717928206163872762e-01
1.433431999999999895e-08 -9.875914446679322500e-01
1.434432999999999859e-08 -8.506502919698719634e-01
1.435433999999999988e-08 -5.820461520434832003e-01
1.436434999999999952e-08 -2.232659962660865360e-01
1.437435999999999915e-08 1.701835600993583386e-01
1.438436999999999879e-08 5.373539025436001593e-01
1.439438000000000008e-08 8.212951764760729745e-01
1.440438999999999972e-08 9.778979556153672981e-01
1.441439999999999936e-08 9.827618395191100031e-01
1.442440999999999900e-08 8.350189281640774119e-01
1.443441999999999863e-08 5.575097512114866039e-01
1.444442999999999993e-08 1.932742705269959727e-01
1.445443999999999956e-08 -2.011064479774169189e-01
1.446444999999999920e-08 -5.642905094084682549e-01
1.447445999999999884e-08 -8.397163405663696789e-01
1.448447000000000013e-08 -9.844207072657129576e-01
1.449447999999999977e-08 -9.757574573994451939e-01
1.450448999999999941e-08 -8.149636858742177470e-01
1.451449999999999904e-08 -5.270083760159053332e-01
1.452450999999999868e-08 -1.567369347138654334e-01
1.453451999999999997e-08 2.380965256783922068e-01
1.454452999999999961e-08 5.958291668728550317e-01
1.455453999999999925e-08 8.605205168095081403e-01
1.456454999999999889e-08 9.907102851118033682e-01
1.457455999999999852e-08 9.659302676115200104e-01
1.458456999999999982e-08 7.899448287541204206e-01
1.459457999999999945e-08 4.902034884973982543e-01
1.460458999999999909e-08 1.135810133287895041e-01
1.461459999999999873e-08 -2.809373226181910432e-01
1.462461000000000002e-08 -6.314863541604550656e-01
1.463461999999999966e-08 -8.830242202181719513e-01
1.464462999999999930e-08 -9.959859674255716611e-01
1.465463999999999893e-08 -9.525253428126266853e-01
1.466464999999999857e-08 -7.593572009758630115e-01
1.467465999999999986e-08 -4.467442871800578752e-01
1.468466999999999950e-08 -6.377725523578953171e-02
1.469467999999999914e-08 3.293192953758417030e-01
1.470468999999999878e-08 6.706512730779740084e-01
1.471470000000000007e-08 9.064037072466566425e-01
1.472470999999999971e-08 9.993375946654620146e-01
1.473471999999999934e-08 9.346915133527975428e-01
1.474472999999999898e-08 7.225497064998364083e-01
1.475473999999999862e-08 3.962931497360128175e-01
1.476474999999999991e-08 7.367565020487739508e-03
1.477475999999999955e-08 -3.828148783188615178e-01
1.478476999999999919e-08 -7.125676204182586071e-01
1.479477999999999882e-08 -9.296867600543349264e-01
1.480479000000000012e-08 -9.997291166257343820e-01
1.481479999999999975e-08 -9.114965341502184737e-01
1.482480999999999939e-08 -6.788500069659797465e-01
1.483481999999999903e-08 -3.385561011325983749e-01
1.484482999999999867e-08 5.550362596321699316e-02
1.485483999999999996e-08 4.408514098563406924e-01
1.486484999999999960e-08 7.563154846985894464e-01
1.487485999999999923e-08 9.517468956247475687e-01
1.488486999999999887e-08 9.960065137172940952e-01
1.489488000000000016e-08 8.819478689990434273e-01
1.490488999999999815e-08 6.275951316242014411e-01
1.491489999999999944e-08 2.733184552916923526e-01
1.492491000000000073e-08 -1.245544927045696276e-01
1.493491999999999871e-08 -5.026829175306426478e-01
1.494493000000000001e-08 -8.007947432437014790e-01
1.495493999999999799e-08 -9.713015491555497816e-01
1.496494999999999928e-08 -9.869115575879088276e-01
1.497496000000000057e-08 -8.450202200546783615e-01
1.498496999999999856e-08 -5.681685842624695226e-01
1.499497999999999985e-08 -2.004855521309395761e-01
1.500498999999999783e-08 1.993282062890752160e-01
1.501499999999999912e-08 5.673620848410066975e-01
1.502501000000000042e-08 8.447116471070944543e-01
1.503501999999999840e-08 9.869160076053525854e-01
1.504502999999999969e-08 9.711029735473268865e-01
1.505503999999999768e-08 7.996908751263454018e-01
1.506504999999999897e-08 5.000443275131781773e-01
1.507506000000000026e-08 1.201281874529846194e-01
1.508506999999999824e-08 -2.791537247711265990e-01
1.509507999999999953e-08 -6.337141156526319152e-01
1.510509000000000083e-08 -8.865706054939749281e-01
1.511509999999999881e-08 -9.970150639517710855e-01
1.512511000000000010e-08 -9.471865919880416707e-01
1.513511999999999809e-08 -7.449837880657763645e-01
1.514512999999999938e-08 -4.228377051401929210e-01
1.515514000000000067e-08 -3.253190023779492512e-02
1.516514999999999865e-08 3.631066040886457569e-01
1.517515999999999994e-08 7.003146458748588099e-01
1.518516999999999793e-08 9.246734958746379851e-01
1.519517999999999922e-08 9.999044968729530192e-01
1.520519000000000051e-08 9.137559978949412187e-01
1.521519999999999850e-08 6.800230214621028058e-01
1.522520999999999979e-08 3.363629101158275292e-01
1.523521999999999777e-08 -6.175126498960527288e-02
1.524522999999999906e-08 -4.499719964101958625e-01
1.525524000000000035e-08 -7.654743052106879331e-01
1.526524999999999834e-08 -9.571290994079494352e-01
1.527525999999999963e-08 -9.938045179804270157e-01
1.528527000000000092e-08 -8.694449718787353731e-01
1.529527999999999891e-08 -6.040957390521781711e-01
1.530529000000000020e-08 -2.406960064888395701e-01
1.531529999999999818e-08 1.618505617929495710e-01
1.532530999999999947e-08 5.382126071406859724e-01
1.533532000000000076e-08 8.272329715896081792e-01
1.534532999999999875e-08 9.818754521672606872e-01
1.535534000000000004e-08 9.768972261032100590e-01
1.536534999999999802e-08 8.129926254333190716e-01
1.537535999999999932e-08 5.167243130223025949e-01
1.538537000000000061e-08 1.362417593101790392e-01
1.539537999999999859e-08 -2.665267101540767514e-01
1.540538999999999988e-08 -6.259450095106638967e-01
1.541539999999999787e-08 -8.833671420688583575e-01
1.542540999999999916e-08 -9.967179593431300111e-01
1.543542000000000045e-08 -9.473898164143785827e-01
1.544542999999999843e-08 -7.433215297887255657e-01
1.545543999999999973e-08 -4.177462899435830934e-01
1.546544999999999771e-08 -2.380162350091852286e-02
1.547545999999999900e-08 3.741280570740548872e-01
1.548547000000000029e-08 7.109283201115401685e-01
1.549547999999999828e-08 9.314141074650268415e-01
1.550548999999999957e-08 9.993859810592125026e-01
1.551550000000000086e-08 9.035947592907948023e-01
1.552550999999999884e-08 6.596282883585082857e-01
1.553552000000000014e-08 3.073999305476694532e-01
1.554552999999999812e-08 -9.536079028137993407e-02
1.555553999999999941e-08 -4.825572111098203609e-01
1.556555000000000070e-08 -7.905697551210920659e-01
1.557555999999999869e-08 -9.687166909396502934e-01
1.558556999999999998e-08 -9.876101965927904791e-01
1.559557999999999796e-08 -8.440273387552752471e-01
1.560558999999999925e-08 -5.614848835077378419e-01
1.561560000000000055e-08 -1.864118116932395319e-01
1.562560999999999853e-08 2.194615755896726916e-01
1.563561999999999982e-08 5.892534438074094050e-01
1.564562999999999780e-08 8.619519316459609559e-01
1.565563999999999910e-08 9.924921082842091957e-01
1.566565000000000039e-08 9.592223176120240336e-01
1.567565999999999837e-08 7.675197795083578134e-01
1.568566999999999966e-08 4.489477320285087947e-01
1.569568000000000096e-08 5.608158597727837258e-02
1.570568999999999894e-08 -3.461516600129086463e-01
1.571570000000000023e-08 -6.911968269232444673e-01
1.572570999999999821e-08 -9.218868496967896897e-01
1.573571999999999951e-08 -9.999279364493798283e-01
1.574573000000000080e-08 -9.122775831257495804e-01
1.575573999999999878e-08 -6.733496667061947827e-01
1.576575000000000007e-08 -3.226697281709672294e-01
1.577575999999999806e-08 8.164250165349236366e-02
1.578576999999999935e-08 4.724922119799273013e-01
1.579578000000000064e-08 7.849404968331026300e-01
1.580578999999999862e-08 9.670011706936119111e-01
1.581579999999999992e-08 9.883071419953980419e-01
1.582580999999999790e-08 8.451988745607382780e-01
1.583581999999999919e-08 5.613784712219970219e-01
1.584583000000000048e-08 1.840086906975932080e-01
1.585583999999999847e-08 -2.241052399291935393e-01
1.586584999999999976e-08 -5.949581842674048771e-01
1.587585999999999774e-08 -8.666774648863628805e-01
1.588586999999999903e-08 -9.938565721073706616e-01
1.589588000000000033e-08 -9.551625359318653974e-01
1.590588999999999831e-08 -7.569392088806127239e-01
1.591589999999999960e-08 -4.321937700907864111e-01
1.592591000000000089e-08 -3.512365756954077822e-02
1.593591999999999888e-08 3.679124783551607769e-01
1.594593000000000017e-08 7.094783300879720089e-01
1.595593999999999815e-08 9.323478648466764218e-01
1.596594999999999944e-08 9.991074805294857253e-01
1.597596000000000074e-08 8.984588212101752847e-01
1.598596999999999872e-08 6.471568104245966069e-01
1.599598000000000001e-08 2.872462824648159274e-01
1.600598999999999799e-08 -1.209514624222273876e-01
1.601599999999999929e-08 -5.089358438255425776e-01
1.602601000000000058e-08 -8.115199317121291056e-01
1.603601999999999856e-08 -9.777912785341053015e-01
1.604602999999999985e-08 -9.796962596606644258e-01
1.605603999999999784e-08 -8.167975586923185150e-01
1.606604999999999913e-08 -5.163939934959004274e-01
1.607606000000000042e-08 -1.289702737975360058e-01
1.608606999999999840e-08 2.802690598713931114e-01
1.609607999999999970e-08 6.423649043449706220e-01
1.610608999999999768e-08 8.962255982433553481e-01
1.611609999999999897e-08 9.989466498147779872e-01
1.612611000000000026e-08 9.330828851191166340e-01
1.613611999999999825e-08 7.096369315114681164e-01
1.614612999999999954e-08 3.662478459177120338e-01
1.615614000000000083e-08 -3.912656369584331661e-02
1.616614999999999881e-08 -4.379771699819844932e-01
1.617616000000000011e-08 -7.628171786545073774e-01
1.618616999999999809e-08 -9.586076005719000870e-01
1.619617999999999938e-08 -9.920991585311533800e-01
1.620619000000000067e-08 -8.575022664528241245e-01
1.621619999999999866e-08 -5.775142535592052706e-01
1.622620999999999995e-08 -1.995174155531334592e-01
1.623621999999999793e-08 2.124196681666735143e-01
1.624622999999999922e-08 5.883906853565195050e-01
1.625624000000000052e-08 8.645149188446076272e-01
1.626624999999999850e-08 9.938021227736825169e-01
1.627625999999999979e-08 9.541692147778189081e-01
1.628626999999999778e-08 7.522377608308969954e-01
1.629627999999999907e-08 4.222549670274794442e-01
1.630629000000000036e-08 2.030909357749287672e-02
1.631629999999999834e-08 -3.851877398019888377e-01
1.632630999999999963e-08 -7.251372741877224470e-01
1.633631999999999762e-08 -9.415347329387631081e-01
1.634632999999999891e-08 -9.973813827663875475e-01
1.635634000000000020e-08 -8.830334818607473713e-01
1.636634999999999819e-08 -6.178942654155252789e-01
1.637635999999999948e-08 -2.471477508413205404e-01
1.638637000000000077e-08 1.659204109235541402e-01
1.639637999999999875e-08 5.507135695970936107e-01
1.640639000000000004e-08 8.413884247771762359e-01
1.641639999999999803e-08 9.881316390844373521e-01
1.642640999999999932e-08 9.657157732393329974e-01
1.643642000000000061e-08 7.778617103570644176e-01
1.644642999999999860e-08 4.566489264884010524e-01
1.645643999999999989e-08 5.706179342984502717e-02
1.646644999999999787e-08 -3.524051789062035422e-01
1.647645999999999916e-08 -7.014809633750822560e-01
1.648647000000000046e-08 -9.301817239558318740e-01
1.649647999999999844e-08 -9.991329242707874814e-01
1.650648999999999973e-08 -8.963711075198459444e-01
1.651649999999999771e-08 -6.394465057551548259e-01
1.652650999999999901e-08 -2.724524795068856142e-01
1.653652000000000030e-08 1.415201246159900617e-01
1.654652999999999828e-08 5.312161960379587766e-01
1.655653999999999957e-08 8.294792648926919698e-01
1.656655000000000087e-08 9.848340254306975350e-01
1.657655999999999885e-08 9.703892489123161491e-01
1.658657000000000014e-08 7.885180333352600490e-01
1.659657999999999812e-08 4.704965014462690887e-01
1.660658999999999942e-08 7.115022271640078499e-02
1.661660000000000071e-08 -3.405796290264759274e-01
1.662660999999999869e-08 -6.935302263209732754e-01
1.663661999999999998e-08 -9.266205367528890235e-01
1.664662999999999797e-08 -9.994364967159605762e-01
1.665663999999999926e-08 -8.992610477360225563e-01
1.666665000000000055e-08 -6.433222528027198184e-01
1.667665999999999853e-08 -2.758575296094397111e-01
1.668666999999999983e-08 1.395105319625317419e-01
1.669667999999999781e-08 5.307766215312709202e-01
1.670668999999999910e-08 8.300330557346800031e-01
1.671670000000000039e-08 9.852652449909934385e-01
1.672670999999999838e-08 9.694118181082977959e-01
1.673671999999999967e-08 7.851079657719330918e-01
1.674672999999999765e-08 4.642761850696898729e-01
1.675673999999999894e-08 6.262224703827806715e-02
1.676675000000000024e-08 -3.500190483339465919e-01
1.677675999999999822e-08 -7.018183310116340445e-01
1.678676999999999951e-08 -9.314592154615992659e-01
1.679678000000000080e-08 -9.988403596925194972e-01
1.680678999999999879e-08 -8.921015397160607652e-01
1.681680000000000008e-08 -6.297387076151050866e-01
1.682680999999999806e-08 -2.574262312563776467e-01
1.683681999999999935e-08 1.599125804622286429e-01
1.684683000000000065e-08 5.494139125472865537e-01
1.685683999999999863e-08 8.429933944853139627e-01
1.686684999999999992e-08 9.892573179886643420e-01
1.687685999999999790e-08 9.625195467917896375e-01
1.688686999999999920e-08 7.673386768439944827e-01
1.689688000000000049e-08 4.377694938655997681e-01
1.690688999999999847e-08 3.144619275474272446e-02
1.691689999999999976e-08 -3.804790870967198479e-01
1.692690999999999775e-08 -7.257890348918503154e-01
1.693691999999999904e-08 -9.438670501853527739e-01
1.694693000000000033e-08 -9.963539838689299266e-01
1.695693999999999831e-08 -8.739194701544807931e-01
1.696694999999999961e-08 -5.979483747440174080e-01
1.697696000000000090e-08 -2.168328658124155095e-01
1.698696999999999888e-08 2.024918516460780804e-01
1.699698000000000017e-08 5.862914662219953499e-01
1.700698999999999816e-08 8.669977860392741320e-01
1.701699999999999945e-08 9.951155783886129758e-01
1.702701000000000074e-08 9.479708382269755873e-01
1.703701999999999872e-08 7.337505710324341290e-01
1.704703000000000002e-08 3.901096699688497704e-01
1.705703999999999800e-08 -2.242334245475719606e-02
1.706704999999999929e-08 -4.310912920885293098e-01
1.707706000000000058e-08 -7.637348927731267834e-01
1.708706999999999857e-08 -9.615406222674662828e-01
1.709707999999999986e-08 -9.894567370120234129e-01
1.710708999999999784e-08 -8.424296954945476035e-01
1.711709999999999913e-08 -5.463470226560777077e-01
1.712711000000000043e-08 -1.535061440585195058e-01
1.713711999999999841e-08 2.666025535080015496e-01
1.714712999999999970e-08 6.395776941845996433e-01
1.715713999999999769e-08 8.992850271492039971e-01
1.716714999999999898e-08 9.995973053943589814e-01
1.717716000000000027e-08 9.226096084168285971e-01
1.718716999999999825e-08 6.818630043325485390e-01
1.719717999999999954e-08 3.199913433908510574e-01
1.720719000000000084e-08 -9.880507680566143203e-02
1.721719999999999882e-08 -5.001345807763938334e-01
1.722721000000000011e-08 -8.126251486788175216e-01
1.723721999999999810e-08 -9.806259284463777481e-01
1.724722999999999939e-08 -9.741373186457660260e-01
1.725724000000000068e-08 -7.941943531683207658e-01
1.726724999999999866e-08 -4.727327227546184174e-01
1.727725999999999995e-08 -6.694718965939258637e-02
1.728726999999999794e-08 3.508657391053134345e-01
1.729727999999999923e-08 7.061804202437870215e-01
1.730729000000000052e-08 9.355394342590913626e-01
1.731729999999999851e-08 9.979023931310425644e-01
1.732730999999999980e-08 8.820138150941198019e-01
1.733731999999999778e-08 6.084630502238700389e-01
1.734732999999999907e-08 2.260543570433844185e-01
1.735734000000000036e-08 -1.968780336339997494e-01
1.736734999999999835e-08 -5.846683717058550611e-01
1.737735999999999964e-08 -8.678560666439687488e-01
1.738736999999999762e-08 -9.956389946572209437e-01
1.739737999999999892e-08 -9.450086971701621152e-01
1.740739000000000021e-08 -7.249209664593253555e-01
1.741739999999999819e-08 -3.747409765073398957e-01
1.742740999999999948e-08 4.277257810677401184e-02
1.743742000000000077e-08 4.526984846670167317e-01
1.744742999999999876e-08 7.813923151406216849e-01
1.745744000000000005e-08 9.697242415713068775e-01
1.746744999999999803e-08 9.837345433215486379e-01
1.747745999999999933e-08 8.207833597093805444e-01
1.748747000000000062e-08 5.100763929822679232e-01
1.749747999999999860e-08 1.074575848249548632e-01
1.750748999999999989e-08 -3.146077505410065922e-01
1.751749999999999788e-08 -6.800662465563600545e-01
1.752750999999999917e-08 -9.229838619076915496e-01
1.753752000000000046e-08 -9.994562733145683220e-01
1.754752999999999844e-08 -8.955681307621207177e-01
1.755753999999999974e-08 -6.299539817383282836e-01
1.756754999999999772e-08 -2.504845217133226387e-01
1.757755999999999901e-08 1.743378596475207709e-01
1.758757000000000030e-08 5.677318674961167044e-01
1.759757999999999829e-08 8.585133499234492982e-01
1.760758999999999958e-08 9.939871608713481965e-01
1.761759999999999756e-08 9.495180677007518666e-01
1.762760999999999885e-08 7.330385125946698999e-01
1.763762000000000015e-08 3.836634265866261106e-01
1.764762999999999813e-08 -3.535169350597279492e-02
1.765763999999999942e-08 -4.480463800475120717e-01
1.766765000000000071e-08 -7.795202165316421627e-01
1.767765999999999870e-08 -9.695338974176995750e-01
1.768766999999999999e-08 -9.834752465394792642e-01
1.769767999999999797e-08 -8.186905960009626115e-01
1.770768999999999926e-08 -5.050186150633019233e-01
1.771770000000000056e-08 -9.941480316606511602e-02
1.772770999999999854e-08 3.243700347276221030e-01
1.773771999999999983e-08 6.891905879185943329e-01
1.774772999999999781e-08 9.285538706139716547e-01
1.775773999999999911e-08 9.987538235031512279e-01
1.776775000000000040e-08 8.868764209056223535e-01
1.777775999999999838e-08 6.132046462902739359e-01
1.778776999999999967e-08 2.275702909589348566e-01
1.779777999999999766e-08 -1.996966469512403697e-01
1.780778999999999895e-08 -5.905814272134670695e-01
1.781780000000000024e-08 -8.736288115967607570e-01
1.782780999999999822e-08 -9.970174457861095130e-01
1.783781999999999952e-08 -9.380699547239640390e-01
1.784783000000000081e-08 -7.074494367075546686e-01
1.785783999999999879e-08 -3.472606485878858007e-01
1.786785000000000008e-08 7.661169875895101899e-02
1.787785999999999807e-08 4.865380665033184893e-01
1.788786999999999936e-08 8.073572185514358290e-01
1.789788000000000065e-08 9.801659029319534921e-01
1.790788999999999863e-08 9.731535777886602956e-01
1.791789999999999993e-08 7.874856249960555665e-01
1.792790999999999791e-08 4.571420019351876141e-01
1.793791999999999920e-08 4.272575617778421458e-02
1.794793000000000049e-08 -3.796355401196698787e-01
1.795793999999999848e-08 -7.322664959635528659e-01
1.796794999999999977e-08 -9.502341591114041863e-01
1.797795999999999775e-08 -9.933218800409631122e-01
1.798796999999999904e-08 -8.534756414354298659e-01
1.799798000000000034e-08 -5.563393930613704796e-01
1.800798999999999832e-08 -1.565814967189882168e-01
1.801799999999999961e-08 2.721413790358738205e-01
1.802800999999999759e-08 6.507445769133278768e-01
1.803801999999999889e-08 9.093056050365924126e-01
1.804803000000000018e-08 9.999921418609137858e-01
1.805803999999999816e-08 9.059350251958621092e-01
1.806804999999999945e-08 6.443958421065767439e-01
1.807806000000000075e-08 2.636289909956414101e-01
1.808806999999999873e-08 -1.659970179498806708e-01
1.809808000000000002e-08 -5.649899146579010489e-01
1.810808999999999800e-08 -8.594402779630554434e-01
1.811809999999999930e-08 -9.947239144032032909e-01
1.812811000000000059e-08 -9.456575986290187696e-01
1.813811999999999857e-08 -7.212159445441335137e-01
1.814812999999999986e-08 -3.629206538448065400e-01
1.815813999999999785e-08 6.281472956407123387e-02
1.816814999999999914e-08 4.769781172305508909e-01
1.817816000000000043e-08 8.026179287585910593e-01
1.818816999999999841e-08 9.791491460065363528e-01
1.819817999999999971e-08 9.736452079852350172e-01
1.820818999999999769e-08 7.870074660664343469e-01
1.821819999999999898e-08 4.538510995214120047e-01
1.822821000000000027e-08 3.611302008662613250e-02
1.823821999999999826e-08 -3.884431218832928301e-01
1.824822999999999955e-08 -7.406951597735430548e-01
1.825824000000000084e-08 -9.549134899654871944e-01
1.826824999999999882e-08 -9.910439168618071504e-01
1.827826000000000012e-08 -8.422237030874993868e-01
1.828826999999999810e-08 -5.361155321545884034e-01
1.829827999999999939e-08 -1.297947591501398268e-01
1.830829000000000068e-08 3.008706263209061094e-01
1.831829999999999867e-08 6.753753983867616384e-01
1.832830999999999996e-08 9.236287801945176623e-01
1.833831999999999794e-08 9.990878181032235572e-01
1.834832999999999923e-08 8.875087102342551493e-01
1.835834000000000053e-08 6.096659154925107016e-01
1.836834999999999851e-08 2.175144481319285783e-01
1.837835999999999980e-08 -2.155014706631366295e-01
1.838836999999999779e-08 -6.081901837667547106e-01
1.839837999999999908e-08 -8.868361690547503784e-01
1.840839000000000037e-08 -9.990510248314571351e-01
1.841839999999999835e-08 -9.236468862603718355e-01
1.842840999999999964e-08 -6.746670532198636439e-01
1.843841999999999763e-08 -2.988015494078749557e-01
1.844842999999999892e-08 1.333427592016340202e-01
1.845844000000000021e-08 5.404901002557481737e-01
1.846844999999999820e-08 8.459790722338237368e-01
1.847845999999999949e-08 9.922079145500500852e-01
1.848847000000000078e-08 9.515178745315410191e-01
1.849847999999999876e-08 7.314542209769412384e-01
1.850849000000000005e-08 3.733987460585442286e-01
1.851849999999999804e-08 -5.518468900256903037e-02
1.852850999999999933e-08 -4.734436607489552196e-01
1.853852000000000062e-08 -8.023848408322118431e-01
1.854852999999999861e-08 -9.798013270534264851e-01
1.855853999999999990e-08 -9.720572824923773281e-01
1.856854999999999788e-08 -7.804935416740553800e-01
1.857855999999999917e-08 -4.412289578548739266e-01
1.858857000000000046e-08 -1.837871734398712625e-02
1.859857999999999845e-08 4.080424996897633050e-01
1.860858999999999974e-08 7.572539602351712196e-01
1.861859999999999772e-08 9.630181472216019500e-01
1.862860999999999902e-08 9.862233581146808703e-01
1.863862000000000031e-08 8.223458994513261899e-01
1.864862999999999829e-08 5.023629455955321843e-01
1.865863999999999958e-08 8.692652039603573910e-02
1.866864999999999757e-08 -3.451113525724438524e-01
1.867865999999999886e-08 -7.116555381212236187e-01
1.868867000000000015e-08 -9.429715246273190354e-01
1.869867999999999813e-08 -9.949694768272355772e-01
1.870868999999999943e-08 -8.576348510950311255e-01
1.871870000000000072e-08 -5.569884665931051915e-01
1.872870999999999870e-08 -1.501866956155792354e-01
1.873871999999999999e-08 2.853214552737134979e-01
1.874872999999999798e-08 6.665278702136046007e-01
1.875873999999999927e-08 9.206888786927260870e-01
1.876875000000000056e-08 9.992220828566533708e-01
1.877875999999999854e-08 8.870187183066101655e-01
1.878876999999999984e-08 6.053816531331037698e-01
1.879877999999999782e-08 2.080119142891400097e-01
1.880878999999999911e-08 -2.292061739657740016e-01
1.881880000000000040e-08 -6.226829441762606887e-01
1.882880999999999839e-08 -8.971047961919542679e-01
1.883881999999999968e-08 -9.998635851680142128e-01
1.884882999999999766e-08 -9.111668277532818383e-01
1.885883999999999895e-08 -6.478810369996441665e-01
1.886885000000000025e-08 -2.603560631041466622e-01
1.887885999999999823e-08 1.771778603673921371e-01
1.888886999999999952e-08 5.808138437914391883e-01
1.889887999999999750e-08 8.730579331990310221e-01
1.890888999999999880e-08 9.977196201809993559e-01
1.891890000000000009e-08 9.307397036542102153e-01
1.892890999999999807e-08 6.848644380469374182e-01
1.893891999999999936e-08 3.072520811255376461e-01
1.894893000000000066e-08 -1.295451067169449966e-01
1.895893999999999864e-08 -5.415041343111930416e-01
1.896894999999999993e-08 -8.492910734697425301e-01
1.897895999999999791e-08 -9.935500509285688508e-01
1.898896999999999921e-08 -9.463729036386843152e-01
1.899898000000000050e-08 -7.167287720548101149e-01
1.900898999999999848e-08 -3.487915117370710139e-01
1.901899999999999977e-08 8.652974235483203158e-02
1.902900999999999776e-08 5.052384352870551432e-01
1.903901999999999905e-08 8.264535587369811198e-01
1.904903000000000034e-08 9.880430656022989311e-01
1.905903999999999832e-08 9.586641158970979903e-01
1.906904999999999962e-08 7.438727098589424935e-01
1.907905999999999760e-08 3.851060168045268850e-01
1.908906999999999889e-08 -4.828306401767010897e-02
1.909908000000000018e-08 -4.724135114156299831e-01
1.910908999999999817e-08 -8.051053843428542800e-01
1.911909999999999946e-08 -9.818117586939252295e-01
1.912911000000000075e-08 -9.681630972830833626e-01
1.913911999999999873e-08 -7.666820319267277917e-01
1.914913000000000003e-08 -4.163509803516443619e-01
1.915913999999999801e-08 1.490092202463367925e-02
1.916914999999999930e-08 4.433493293227658838e-01
1.917916000000000059e-08 7.857223387335813269e-01
1.918916999999999858e-08 9.753926175683599320e-01
1.919917999999999987e-08 9.753640213647323254e-01
1.920918999999999785e-08 7.855174656393719701e-01
1.921919999999999914e-08 4.426912376149534367e-01
1.922921000000000044e-08 1.356260665800872178e-02
1.923921999999999842e-08 -4.182996350400632890e-01
1.924922999999999971e-08 -7.687016520394258645e-01
1.925923999999999769e-08 -9.692453899328424827e-01
1.926924999999999899e-08 -9.806998164518972994e-01
1.927926000000000028e-08 -8.007047618195850536e-01
1.928926999999999826e-08 -4.642888998364648190e-01
1.929927999999999955e-08 -3.708313977109232995e-02
1.930928999999999754e-08 3.974617010712050424e-01
1.931929999999999883e-08 7.543677032851715536e-01
1.932931000000000012e-08 9.637538682356268094e-01
1.933931999999999810e-08 9.845381010863399895e-01
1.934932999999999940e-08 8.125267579941322094e-01
1.935934000000000069e-08 4.812932024841572454e-01
1.936934999999999867e-08 5.565561896740880282e-02
1.937935999999999996e-08 -3.809849725943215137e-01
1.938936999999999795e-08 -7.429774151176858910e-01
1.939937999999999924e-08 -9.592271916819378186e-01
1.940939000000000053e-08 -9.871783639690189238e-01
1.941939999999999851e-08 -8.212171843052190612e-01
1.942940999999999981e-08 -4.938322814574156450e-01
1.943941999999999779e-08 -6.928571047062248578e-02
1.944942999999999908e-08 3.689784096961220561e-01
1.945944000000000037e-08 7.347250378922943748e-01
1.946944999999999836e-08 9.559013325540649531e-01
1.947945999999999965e-08 9.888500832739085533e-01
1.948946999999999763e-08 8.269559901564591531e-01
1.949947999999999892e-08 5.020067749656457190e-01
1.950949000000000022e-08 7.798300664088492207e-02
1.951949999999999820e-08 -3.615163775756715103e-01
1.952950999999999949e-08 -7.297460910558490887e-01
1.953952000000000078e-08 -9.539404990912534466e-01
1.954952999999999877e-08 -9.897115339954212221e-01
1.955954000000000006e-08 -8.298660023527227869e-01
1.956954999999999804e-08 -5.058851550023359955e-01
1.957955999999999934e-08 -8.175603689487846715e-02
1.958957000000000063e-08 3.586429809331417307e-01
1.959957999999999861e-08 7.281202893113083441e-01
1.960958999999999990e-08 9.534382513565711204e-01
1.961959999999999789e-08 9.898490893662383883e-01
1.962960999999999918e-08 8.300107659233590951e-01
1.963962000000000047e-08 5.055007086625634694e-01
1.964962999999999845e-08 8.060908584271854471e-02
1.965963999999999975e-08 -3.603747742515912567e-01
1.966964999999999773e-08 -7.298733349507262602e-01
1.967965999999999902e-08 -9.544181889905218874e-01
1.968967000000000031e-08 -9.892768820010990893e-01
1.969967999999999830e-08 -8.273934646623758438e-01
1.970968999999999959e-08 -5.008501132001529355e-01
1.971969999999999757e-08 -7.454081358391249912e-02
1.972970999999999886e-08 3.667018086333573845e-01
1.973972000000000016e-08 7.349775073269626535e-01
1.974972999999999814e-08 9.568341306992516060e-01
1.975973999999999943e-08 9.879367512894935421e-01
1.976975000000000072e-08 8.219568677085417052e-01
1.977975999999999871e-08 4.918935770601811086e-01
1.978977000000000000e-08 6.354467507113646663e-02
1.979977999999999798e-08 -3.775870006653542776e-01
1.980978999999999927e-08 -7.433510273329047013e-01
1.981980000000000057e-08 -9.605697652915522466e-01
1.982980999999999855e-08 -9.856984650047800889e-01
1.983981999999999984e-08 -8.135842994683148977e-01
1.984982999999999782e-08 -4.785565496759679460e-01
1.985983999999999912e-08 -4.761113954018868222e-02
1.986985000000000041e-08 3.929638320257374251e-01
1.987985999999999839e-08 7.548562207602981244e-01
1.988986999999999968e-08 9.654378137788521830e-01
1.989987999999999767e-08 9.823602646298741359e-01
1.990988999999999896e-08 8.021016812498996673e-01
1.991990000000000025e-08 4.607330331388279632e-01
1.992990999999999823e-08 2.673171444258027815e-02
1.993991999999999953e-08 -4.127324127313111157e-01
1.994992999999999751e-08 -7.692965513784761900e-01
1.995993999999999880e-08 -9.711788022626128836e-01
1.996995000000000009e-08 -9.776498450587469691e-01
1.997995999999999808e-08 -7.872807425218707467e-01
1.998996999999999937e-08 -4.382905565437417161e-01
1.999998000000000066e-08 -9.047783597000650518e-04
2.000998999999999864e-08 4.367539686172326463e-01
2.001999999999999994e-08 7.864126442887280355e-01
2.003000999999999792e-08 9.774596067318844783e-01
2.004001999999999921e-08 9.712259395372595527e-01
2.005003000000000050e-08 7.688435460059788173e-01
2.006003999999999849e-08 4.110768963218087158e-01
2.007004999999999978e-08 -2.985677878200497168e-02
2.008005999999999776e-08 -4.648438472950226497e-01
2.009006999999999905e-08 -8.058774742072883912e-01
2.010008000000000035e-08 -9.838719939150476490e-01
2.011008999999999833e-08 -9.626807391107693457e-01
2.012009999999999962e-08 -7.464685119120429979e-01
2.013010999999999760e-08 -3.789286406045436206e-01
2.014011999999999890e-08 6.551612497297075455e-02
2.015013000000000019e-08 4.967631787362921658e-01
2.016013999999999817e-08 8.272909531079156720e-01
2.017014999999999946e-08 9.899314470151295842e-01
2.018015999999999745e-08 9.515434311962255309e-01
2.019016999999999874e-08 7.197981602383718425e-01
2.020018000000000003e-08 3.416816997425230484e-01
2.021018999999999801e-08 -1.060013084370928643e-01
2.022019999999999931e-08 -5.322093788400084069e-01
2.023021000000000060e-08 -8.501742180111097058e-01
2.024021999999999858e-08 -9.950766310092682421e-01
2.025022999999999987e-08 -9.372851923930715090e-01
2.026023999999999786e-08 -6.884488134775099688e-01
2.027024999999999915e-08 -2.991838555451886150e-01
2.028026000000000044e-08 1.511924177440803763e-01
2.029026999999999842e-08 5.708057485239228512e-01
2.030027999999999972e-08 8.739639929101902238e-01
2.031028999999999770e-08 9.986699179925088155e-01
2.032029999999999899e-08 9.193260138296270867e-01
2.033031000000000028e-08 6.520225121083996767e-01
2.034031999999999827e-08 2.513094153899769201e-01
2.035032999999999956e-08 -2.009072224205558088e-01
2.036033999999999754e-08 -6.120904981686696722e-01
2.037034999999999883e-08 -8.980074783962435081e-01
2.038036000000000013e-08 -9.999994567322444405e-01
2.039036999999999811e-08 -8.970437699801991904e-01
2.040037999999999940e-08 -6.101213882260524413e-01
2.041039000000000069e-08 -1.979759907949765196e-01
2.042039999999999868e-08 2.548855136980917035e-01
2.043040999999999997e-08 6.555056180842551150e-01
2.044041999999999795e-08 9.215583070029664814e-01
2.045042999999999924e-08 9.982833290769238532e-01
2.046044000000000054e-08 8.697859599151559484e-01
2.047044999999999852e-08 5.623647144341599180e-01
2.048045999999999981e-08 1.391633500854816408e-01
2.049046999999999780e-08 -3.127724624828627231e-01
2.050047999999999909e-08 -7.003861194865517170e-01
2.051049000000000038e-08 -9.437741890132190781e-01
2.052049999999999836e-08 -9.926763849035654674e-01
2.053050999999999965e-08 -8.368845484448184102e-01
2.054051999999999764e-08 -5.084087911841194130e-01
2.055052999999999893e-08 -7.493419837398361538e-02
2.056054000000000022e-08 3.741014304005815250e-01
2.057054999999999821e-08 7.459502855231423535e-01
2.058055999999999950e-08 9.637169584145417467e-01
2.059056999999999748e-08 9.822803814094271946e-01
2.060057999999999877e-08 7.976743078410513110e-01
2.061059000000000006e-08 4.479697513970965495e-01
2.062059999999999805e-08 5.456612741504471981e-03
2.063060999999999934e-08 -4.382768094849325835e-01
2.064062000000000063e-08 -7.912916948660009275e-01
2.065062999999999862e-08 -9.803558062314490229e-01
2.066063999999999991e-08 -9.661580649851521096e-01
2.067064999999999789e-08 -7.515150023528684997e-01
2.068065999999999918e-08 -3.808492418802923440e-01
2.069067000000000047e-08 6.897229538918343839e-02
2.070067999999999846e-08 5.045576248297484190e-01
2.071068999999999975e-08 8.353739061549242395e-01
2.072069999999999773e-08 9.925745512416285221e-01
2.073070999999999903e-08 9.433518166229326596e-01
2.074072000000000032e-08 6.978176606905401869e-01
2.075072999999999830e-08 3.069627826316125851e-01
2.076073999999999959e-08 -1.479021053695872556e-01
2.077074999999999758e-08 -5.720428084670324820e-01
2.078075999999999887e-08 -8.770288128419116980e-01
2.079077000000000016e-08 -9.991838368786069013e-01
2.080077999999999814e-08 -9.129074256849619706e-01
2.081078999999999944e-08 -6.360750390852987213e-01
2.082080000000000073e-08 -2.263704045496814365e-01
2.083080999999999871e-08 2.307050303863280860e-01
2.084082000000000000e-08 6.396592355611039338e-01
2.085082999999999799e-08 9.149597850507313890e-01
2.086083999999999928e-08 9.989391468847790279e-01
2.087085000000000057e-08 8.739034519492502318e-01
2.088085999999999855e-08 5.658961829424271617e-01
2.089086999999999985e-08 1.393089219182151728e-01
2.090087999999999783e-08 -3.165531495447881927e-01
2.091088999999999912e-08 -7.061537965065406430e-01
2.092090000000000041e-08 -9.477507956368146358e-01
2.093090999999999840e-08 -9.905654882886928414e-01
2.094091999999999969e-08 -8.254864718950652991e-01
2.095092999999999767e-08 -4.870447431490222967e-01
2.096093999999999896e-08 -4.622490933718639144e-02
2.097095000000000026e-08 4.043982580551597761e-01
2.098095999999999824e-08 7.700909481789274258e-01
2.099096999999999953e-08 9.738827667723120030e-01
2.100097999999999751e-08 9.727894844954838582e-01
2.101098999999999881e-08 7.669122723025930677e-01
2.102100000000000010e-08 3.994803905080113182e-01
2.103100999999999808e-08 -5.219287203457035479e-02
2.104101999999999937e-08 -4.929559285316076900e-01
2.105103000000000067e-08 -8.298573282434256182e-01
2.106103999999999865e-08 -9.917583536863968652e-01
2.107104999999999994e-08 -9.443794389720482352e-01
2.108105999999999792e-08 -6.975927438778931622e-01
2.109106999999999922e-08 -3.034022984064288497e-01
2.110108000000000051e-08 1.549832083210752887e-01
2.111108999999999849e-08 5.806956303427899257e-01
2.112109999999999978e-08 8.836751081881220049e-01
2.113110999999999777e-08 9.997362842101723546e-01
2.114111999999999906e-08 9.041936566765216288e-01
2.115113000000000035e-08 6.171478337594050734e-01
2.116113999999999833e-08 1.992932339861316071e-01
2.117114999999999963e-08 -2.608863058471620477e-01
2.118115999999999761e-08 -6.658389767809828053e-01
2.119116999999999890e-08 -9.296257800834351048e-01
2.120118000000000019e-08 -9.961761758215975648e-01
2.121118999999999818e-08 -8.512369330412866697e-01
2.122119999999999947e-08 -5.254614365100208628e-01
2.123120999999999745e-08 -8.796232183134958249e-02
2.124121999999999874e-08 3.683241467982970030e-01
2.125123000000000004e-08 7.463683352692321860e-01
2.126123999999999802e-08 9.656859924119132188e-01
2.127124999999999931e-08 9.794944352433303525e-01
2.128126000000000060e-08 7.847246291729582657e-01
2.129126999999999859e-08 4.227395423938112851e-01
2.130127999999999988e-08 -2.941596120369106143e-02
2.131128999999999786e-08 -4.753900037072226747e-01
2.132129999999999915e-08 -8.200481123398144501e-01
2.133131000000000045e-08 -9.897768430376503446e-01
2.134131999999999843e-08 -9.482313903159088619e-01
2.135132999999999972e-08 -7.041531424262132965e-01
2.136133999999999770e-08 -3.095683310122325782e-01
2.137134999999999900e-08 1.512695101049352786e-01
2.138136000000000029e-08 5.798500542921443124e-01
2.139136999999999827e-08 8.844609767300534164e-01
2.140137999999999956e-08 9.998276734556642564e-01
2.141138999999999755e-08 9.011291948348785219e-01
2.142139999999999884e-08 6.093748567473175060e-01
2.143141000000000013e-08 1.869692190451330838e-01
2.144141999999999811e-08 -2.756064613724252821e-01
2.145142999999999941e-08 -6.791601946043464011e-01
2.146143999999999739e-08 -9.370610714504550298e-01
2.147144999999999868e-08 -9.938548607914163835e-01
2.148145999999999997e-08 -8.372192760894366925e-01
2.149146999999999796e-08 -5.006748306151529437e-01
2.150147999999999925e-08 -5.644717589262952112e-02
2.151149000000000054e-08 4.000070335312411185e-01
2.152149999999999852e-08 7.705011473768391683e-01
2.153150999999999982e-08 9.752458489926868479e-01
2.154151999999999780e-08 9.700553505258419085e-01
2.155152999999999909e-08 7.559171639038211321e-01
2.156154000000000038e-08 3.788455785931260089e-01
2.157154999999999837e-08 -7.997204340128580280e-02
2.158155999999999966e-08 -5.216334285777964874e-01
2.159156999999999764e-08 -8.508347507429390166e-01
2.160157999999999893e-08 -9.964475050233690956e-01
2.161159000000000023e-08 -9.269137004470380248e-01
2.162159999999999821e-08 -6.571214648104792833e-01
2.163160999999999950e-08 -2.452553677794107045e-01
2.164161999999999749e-08 2.197206721715684041e-01
2.165162999999999878e-08 6.372619504543378666e-01
2.166164000000000007e-08 9.169838352761833233e-01
2.167164999999999805e-08 9.982440535203057630e-01
2.168165999999999934e-08 8.633202151738544883e-01
2.169167000000000064e-08 5.413125590289756817e-01
2.170167999999999862e-08 1.019045430985525413e-01
2.171168999999999991e-08 -3.596890458147886660e-01
2.172169999999999790e-08 -7.433412921160740261e-01
2.173170999999999919e-08 -9.657373023675162038e-01
2.174172000000000048e-08 -9.784888606239457998e-01
2.175172999999999846e-08 -7.786963596277456379e-01
2.176173999999999975e-08 -4.096453559444033776e-01
2.177174999999999774e-08 4.853640505948956380e-02
2.178175999999999903e-08 4.962525443482739829e-01
2.179177000000000032e-08 8.360803934929661452e-01
2.180177999999999831e-08 9.939808605759342663e-01
2.181178999999999960e-08 9.354559338519596867e-01
2.182179999999999758e-08 6.731220917412776839e-01
2.183180999999999887e-08 2.640292248770454431e-01
2.184182000000000016e-08 -2.027139122199600463e-01
2.185182999999999815e-08 -6.253306615412796976e-01
2.186183999999999944e-08 -9.115683077104498322e-01
2.187184999999999742e-08 -9.988523306901454513e-01
2.188185999999999872e-08 -8.679964710355335678e-01
2.189187000000000001e-08 -5.474581209799348480e-01
2.190187999999999799e-08 -1.071871272401080377e-01
2.191188999999999928e-08 3.566107052100627173e-01
2.192190000000000057e-08 7.424828590882694979e-01
2.193190999999999856e-08 9.659270727901388964e-01
2.194191999999999985e-08 9.779184911030702754e-01
2.195192999999999783e-08 7.757001648348799128e-01
2.196193999999999913e-08 4.034544842098274908e-01
2.197195000000000042e-08 -5.731485540580061322e-02
2.198195999999999840e-08 -5.056044408732834894e-01
2.199196999999999969e-08 -8.430446823747922425e-01
2.200197999999999768e-08 -9.954966323840261921e-01
2.201198999999999897e-08 -9.293681326739456905e-01
2.202200000000000026e-08 -6.590526282203269526e-01
2.203200999999999824e-08 -2.438353733505360110e-01
2.204201999999999954e-08 2.250768217138301441e-01
2.205202999999999752e-08 6.445718398770807767e-01
2.206203999999999881e-08 9.223058102519312573e-01
2.207205000000000010e-08 9.970483765873703330e-01
2.208205999999999809e-08 8.522133998949147360e-01
2.209206999999999938e-08 5.195781921666713377e-01
2.210208000000000067e-08 7.234902376426606552e-02
2.211208999999999865e-08 -3.909222399674356363e-01
2.212209999999999995e-08 -7.680430721768247704e-01
2.213210999999999793e-08 -9.757292346174968323e-01
2.214211999999999922e-08 -9.680209228776167629e-01
2.215213000000000051e-08 -7.464887384249645486e-01
2.216213999999999850e-08 -3.599554139405351516e-01
2.217214999999999979e-08 1.062291181164663478e-01
2.218215999999999777e-08 5.490111660963403750e-01
2.219216999999999906e-08 8.704088739155856347e-01
2.220218000000000036e-08 9.992076111958275719e-01
2.221218999999999834e-08 9.067684266471953691e-01
2.222219999999999963e-08 6.134340323109280790e-01
2.223220999999999761e-08 1.840911530050416411e-01
2.224221999999999891e-08 -2.861515610199105719e-01
2.225223000000000020e-08 -6.930157870538239395e-01
2.226223999999999818e-08 -9.461797237655906745e-01
2.227224999999999947e-08 -9.893490475157882269e-01
2.228225999999999746e-08 -8.128081695731349532e-01
2.229226999999999875e-08 -4.556460435913605167e-01
2.230228000000000004e-08 2.861709736908128743e-03
2.231228999999999802e-08 4.608227261758994220e-01
2.232229999999999932e-08 8.163616889111405817e-01
2.233231000000000061e-08 9.902923782987351764e-01
2.234231999999999859e-08 9.437803335146637274e-01
2.235232999999999988e-08 6.870506693352719241e-01
2.236233999999999787e-08 2.771803674191153366e-01
2.237234999999999916e-08 -1.945576216946405812e-01
2.238236000000000045e-08 -6.229997981985851974e-01
2.239236999999999843e-08 -9.125342207227327140e-01
2.240237999999999973e-08 -9.984542438337619119e-01
2.241238999999999771e-08 -8.614511038404784049e-01
2.242239999999999900e-08 -5.319924139434550892e-01
2.243241000000000029e-08 -8.358514051089521724e-02
2.244241999999999828e-08 3.835959886796063145e-01
2.245242999999999957e-08 7.650748522451250588e-01
2.246243999999999755e-08 9.754441749911235693e-01
2.247244999999999884e-08 9.675106356751989045e-01
2.248246000000000014e-08 7.429179814222661715e-01
2.249246999999999812e-08 3.518489514066093227e-01
2.250247999999999941e-08 -1.181519290586864890e-01
2.251248999999999739e-08 -5.617532387194283938e-01
2.252249999999999869e-08 -8.794374695811111309e-01
2.253250999999999998e-08 -9.998408575431224632e-01
2.254251999999999796e-08 -8.958142586045976241e-01
2.255252999999999925e-08 -5.905838265206982962e-01
2.256254000000000055e-08 -1.526049228576365768e-01
2.257254999999999853e-08 3.197596286553484046e-01
2.258255999999999982e-08 7.203146571104369622e-01
2.259256999999999781e-08 9.589104639855505763e-01
2.260257999999999910e-08 9.817537408729897219e-01
2.261259000000000039e-08 7.835706838448308620e-01
2.262259999999999837e-08 4.088643360529980453e-01
2.263260999999999966e-08 -5.804179378302892073e-02
2.264261999999999765e-08 -5.119547916865324622e-01
2.265262999999999894e-08 -8.505046685451829180e-01
2.266264000000000023e-08 -9.972435211186316817e-01
2.267264999999999822e-08 -9.189367172769551395e-01
2.268265999999999951e-08 -6.331287800718923275e-01
2.269266999999999749e-08 -2.042530055774363640e-01
2.270267999999999878e-08 2.708618849153192065e-01
2.271269000000000007e-08 6.848354378045162782e-01
2.272269999999999806e-08 9.440058098400845310e-01
2.273270999999999935e-08 9.896408816634072458e-01
2.274271999999999733e-08 8.112820979026788004e-01
2.275272999999999863e-08 4.491816777262664928e-01
2.276273999999999992e-08 -1.474349174525802636e-02
2.277274999999999790e-08 -4.754170226149569967e-01
2.278275999999999919e-08 -8.283930025206113212e-01
2.279277000000000048e-08 -9.935467213063186032e-01
2.280277999999999847e-08 -9.332902722276888996e-01
2.281278999999999976e-08 -6.611657153723570213e-01
2.282279999999999774e-08 -2.388426822931578042e-01
2.283280999999999904e-08 2.378235473468638117e-01
2.284282000000000033e-08 6.605293418104419834e-01
2.285282999999999831e-08 9.331303767558275508e-01
2.286283999999999960e-08 9.935286276909021108e-01
2.287284999999999759e-08 8.278519242643035403e-01
2.288285999999999888e-08 4.736806923437505978e-01
2.289287000000000017e-08 1.156239326995482826e-02
2.290287999999999815e-08 -4.532792715511396175e-01
2.291288999999999945e-08 -8.148932775294731590e-01
2.292289999999999743e-08 -9.907599618274239850e-01
2.293290999999999872e-08 -9.406488020957283203e-01
2.294292000000000001e-08 -6.758597447903182953e-01
2.295292999999999800e-08 -2.567166261566394270e-01
2.296293999999999929e-08 2.211411519980248375e-01
2.297295000000000058e-08 6.485615039029122286e-01
2.298295999999999856e-08 9.278113217395057566e-01
2.299296999999999986e-08 9.949424665464968731e-01
2.300297999999999784e-08 8.344695095290001197e-01
2.301298999999999913e-08 4.829826930752798564e-01
2.302300000000000042e-08 2.084408855866909036e-02
2.303300999999999841e-08 -4.461576737080703015e-01
2.304301999999999970e-08 -8.110127355040355202e-01
2.305302999999999768e-08 -9.900195622789242922e-01
2.306303999999999897e-08 -9.420138598623944981e-01
2.307305000000000027e-08 -6.778732562078420010e-01
2.308305999999999825e-08 -2.580944214901070843e-01
2.309306999999999954e-08 2.210277067409066043e-01
2.310307999999999752e-08 6.494692561852005719e-01
2.311308999999999882e-08 9.287420511127354450e-01
2.312310000000000011e-08 9.945523128137806479e-01
2.313310999999999809e-08 8.316362171648783441e-01
2.314311999999999938e-08 4.773413360421867591e-01
2.315312999999999737e-08 1.310444092889010044e-02
2.316313999999999866e-08 -4.542388967813043021e-01
2.317314999999999995e-08 -8.170298946559830799e-01
2.318315999999999793e-08 -9.915966780278013815e-01
2.319316999999999923e-08 -9.375792767008493955e-01
2.320318000000000052e-08 -6.672999114644611041e-01
2.321318999999999850e-08 -2.429942097694781922e-01
2.322319999999999979e-08 2.374845742443614238e-01
2.323320999999999778e-08 6.632126550988026725e-01
2.324321999999999907e-08 9.358035113389274740e-01
2.325323000000000036e-08 9.921646793991141244e-01
2.326323999999999834e-08 8.191354603513092414e-01
2.327324999999999964e-08 4.566016057619793900e-01
2.328325999999999762e-08 -1.165943153035461227e-02
2.329326999999999891e-08 -4.773106943975767846e-01
2.330328000000000020e-08 -8.325108369160287847e-01
2.331328999999999819e-08 -9.948999686333497294e-01
2.332329999999999948e-08 -9.267248436664974331e-01
2.333330999999999746e-08 -6.436557112173456607e-01
2.334331999999999875e-08 -2.112266657543776516e-01
2.335333000000000005e-08 2.703019624422838274e-01
2.336333999999999803e-08 6.891706131582411299e-01
2.337334999999999932e-08 9.480603760225387866e-01
2.338336000000000061e-08 9.867247565147237998e-01
2.339336999999999860e-08 7.960454542987129845e-01
2.340337999999999989e-08 4.202246560820329102e-01
2.341338999999999787e-08 -5.342249331866427697e-02
2.342339999999999916e-08 -5.147272498172842381e-01
2.343341000000000046e-08 -8.562840486786431615e-01
2.344341999999999844e-08 -9.984701539279542404e-01
2.345342999999999973e-08 -9.080371317519612129e-01
2.346343999999999771e-08 -6.059262129674801711e-01
2.347344999999999901e-08 -1.624611442945775308e-01
2.348346000000000030e-08 3.189880066840721229e-01
2.349346999999999828e-08 7.260830561907632985e-01
2.350347999999999957e-08 9.637333519573765273e-01
2.351348999999999756e-08 9.763303518436899919e-01
2.352349999999999885e-08 7.607968310895850683e-01
2.353351000000000014e-08 3.673799729814928861e-01
2.354351999999999812e-08 -1.120242677011313581e-01
2.355352999999999942e-08 -5.653116159407981511e-01
2.356353999999999740e-08 -8.863783294793990963e-01
2.357354999999999869e-08 -9.999724794540091333e-01
2.358355999999999998e-08 -8.793636382715493971e-01
2.359356999999999797e-08 -5.526745733240248093e-01
2.360357999999999926e-08 -9.636557409105044048e-02
2.361359000000000055e-08 3.826289529327498995e-01
2.362359999999999853e-08 7.719457275535436258e-01
2.363360999999999983e-08 9.801572491673722354e-01
2.364361999999999781e-08 9.582683018806193997e-01
2.365362999999999910e-08 7.112840975811970390e-01
2.366364000000000039e-08 2.971097123668010598e-01
2.367364999999999838e-08 -1.869884327092764253e-01
2.368365999999999967e-08 -6.272025049053638890e-01
2.369366999999999765e-08 -9.199361164589379136e-01
2.370367999999999894e-08 -9.962019480836259433e-01
2.371369000000000024e-08 -8.379141457852943287e-01
2.372369999999999822e-08 -4.822197700714716539e-01
2.373370999999999951e-08 -1.282219018606704959e-02
2.374371999999999750e-08 4.596867488366032095e-01
2.375372999999999879e-08 8.238714577374877113e-01
2.376374000000000008e-08 9.937432981732260417e-01
2.377374999999999806e-08 9.290922651671196242e-01
2.378375999999999935e-08 6.450456142784316560e-01
2.379376999999999734e-08 2.085717212688299182e-01
2.380377999999999863e-08 -2.772733667825038606e-01
2.381378999999999992e-08 -6.976593280622666038e-01
2.382379999999999791e-08 -9.531233974382995466e-01
2.383380999999999920e-08 -9.831249706735727401e-01
2.384382000000000049e-08 -7.804297183076424060e-01
2.385382999999999847e-08 -3.928969519855036729e-01
2.386383999999999976e-08 8.778086921757498329e-02
2.387384999999999775e-08 5.477466123269159048e-01
2.388385999999999904e-08 8.779406367139251932e-01
2.389387000000000033e-08 9.999735253434945959e-01
2.390387999999999832e-08 8.847681498337006678e-01
2.391388999999999961e-08 5.595301969384198770e-01
2.392389999999999759e-08 1.013662934043710329e-01
2.393390999999999888e-08 -3.809635377453448601e-01
2.394392000000000017e-08 -7.728485854662892063e-01
2.395392999999999816e-08 -9.810673990521411314e-01
2.396393999999999945e-08 -9.559893285194767110e-01
2.397394999999999743e-08 -7.034440296189953257e-01
2.398395999999999873e-08 -2.834109412315138354e-01
2.399397000000000002e-08 2.041880976694726568e-01
2.400397999999999800e-08 6.432368406844439779e-01
2.401398999999999929e-08 9.290745626269769630e-01
2.402399999999999728e-08 9.934643467837215303e-01
2.403400999999999857e-08 8.209186845559892642e-01
2.404401999999999986e-08 4.524680877227630349e-01
2.405402999999999784e-08 -2.405435804383594320e-02
2.406403999999999914e-08 -4.949220188185712854e-01
2.407405000000000043e-08 -8.476468422727332364e-01
2.408405999999999841e-08 -9.978639967200507721e-01
2.409406999999999970e-08 -9.095408407682867846e-01
2.410407999999999769e-08 -6.036620838554453972e-01
2.411408999999999898e-08 -1.532878041425221050e-01
2.412410000000000027e-08 3.338625218328470368e-01
2.413410999999999825e-08 7.411567478019643884e-01
2.414411999999999955e-08 9.709778709160188370e-01
2.415412999999999753e-08 9.681446406020368656e-01
2.416413999999999882e-08 7.331999957779410382e-01
2.417415000000000011e-08 3.223580061025405619e-01
2.418415999999999810e-08 -1.659070911380302327e-01
2.419416999999999939e-08 -6.144397841640439895e-01
2.420417999999999737e-08 -9.155102167948268033e-01
2.421418999999999866e-08 -9.967069218018446142e-01
2.422419999999999996e-08 -8.383878451643889118e-01
2.423420999999999794e-08 -4.784756485755666255e-01
2.424421999999999923e-08 -3.416332912973531633e-03
2.425423000000000052e-08 4.725535230346744053e-01
2.426423999999999851e-08 8.348658483855876389e-01
2.427424999999999980e-08 9.962088866705227641e-01
2.428425999999999778e-08 9.175980962666547835e-01
2.429426999999999907e-08 6.178379411568790669e-01
2.430428000000000037e-08 1.690681202682361994e-01
2.431428999999999835e-08 -3.205618779635309723e-01
2.432429999999999964e-08 -7.329375765564333234e-01
2.433430999999999762e-08 -9.684759638815153560e-01
2.434431999999999892e-08 -9.701977378353595638e-01
2.435433000000000021e-08 -7.375505419862672385e-01
2.436433999999999819e-08 -3.266202667941135451e-01
2.437434999999999948e-08 1.633502782175763612e-01
2.438435999999999747e-08 6.139045108551178798e-01
2.439436999999999876e-08 9.160066085748279630e-01
2.440438000000000005e-08 9.964465871794521146e-01
2.441438999999999803e-08 8.356171487202211923e-01
2.442439999999999933e-08 4.723372173171190846e-01
2.443440999999999731e-08 -5.474913174930890608e-03
2.444441999999999860e-08 -4.820483879008088390e-01
2.445442999999999989e-08 -8.417994032470259569e-01
2.446443999999999788e-08 -9.973751621377768828e-01
2.447444999999999917e-08 -9.108952226569516641e-01
2.448446000000000046e-08 -6.032176351673776971e-01
2.449446999999999844e-08 -1.489529829044900500e-01
2.450447999999999974e-08 3.415929350339699244e-01
2.451448999999999772e-08 7.491862200395906779e-01
2.452449999999999901e-08 9.746507557866257443e-01
2.453451000000000030e-08 9.630253383879323614e-01
2.454451999999999829e-08 7.170017814244198373e-01
2.455452999999999958e-08 2.963486606580224003e-01
2.456453999999999756e-08 -1.965692918574478698e-01
2.457454999999999885e-08 -6.416775180619257446e-01
2.458456000000000015e-08 -9.304393362984290095e-01
2.459456999999999813e-08 -9.923415209445545226e-01
2.460457999999999942e-08 -8.121499166067283060e-01
2.461458999999999740e-08 -4.337034806869070058e-01
2.462459999999999870e-08 5.070876150673459676e-02
2.463460999999999999e-08 5.228241868152853078e-01
2.464461999999999797e-08 8.672696980566834135e-01
2.465462999999999926e-08 9.997694598177407910e-01
2.466464000000000056e-08 8.877974707513034414e-01
2.467464999999999854e-08 5.586059478495690733e-01
2.468465999999999983e-08 9.263730699725633566e-02
2.469466999999999781e-08 -3.960987925845663726e-01
2.470467999999999911e-08 -7.879050122212419849e-01
2.471469000000000040e-08 -9.867187710583995575e-01
2.472469999999999838e-08 -9.436927139523252350e-01
2.473470999999999967e-08 -6.692381365416688599e-01
2.474471999999999766e-08 -2.305518749876669382e-01
2.475472999999999895e-08 2.647976981559884702e-01
2.476474000000000024e-08 6.952256497640966204e-01
2.477474999999999822e-08 9.549746041247583195e-01
2.478475999999999952e-08 9.801223720492802105e-01
2.479476999999999750e-08 7.643518330623788604e-01
2.480477999999999879e-08 3.605830521848414905e-01
2.481479000000000008e-08 -1.319643441672185280e-01
2.482479999999999807e-08 -5.921259430814475033e-01
2.483480999999999936e-08 -9.065929373520208445e-01
2.484481999999999734e-08 -9.978301436954650772e-01
2.485482999999999863e-08 -8.432287924810386581e-01
2.486483999999999993e-08 -4.807542536862438043e-01
2.487484999999999791e-08 3.330201247533216662e-04
2.488485999999999920e-08 4.814264607835746501e-01
2.489487000000000049e-08 8.438029399297451993e-01
2.490487999999999848e-08 9.979324528539875727e-01
2.491488999999999977e-08 9.056293599354963142e-01
2.492489999999999775e-08 5.895568566950882827e-01
2.493490999999999904e-08 1.277082839998525954e-01
2.494492000000000034e-08 -3.658024245898320870e-01
2.495492999999999832e-08 -7.689188503212165404e-01
2.496493999999999961e-08 -9.818350743836208316e-01
2.497494999999999760e-08 -9.517333938273371263e-01
2.498495999999999889e-08 -6.859286671886106745e-01
2.499497000000000018e-08 -2.501378795442007474e-01
2.500497999999999816e-08 0.000000000000000000e+00
2.501498999999999945e-08 2.489820910633271656e-01
2.502499999999999744e-08 4.823705788806903483e-01
2.503500999999999873e-08 6.854266737644816310e-01
2.504502000000000002e-08 8.452970117679120543e-01
2.505502999999999801e-08 9.518309272149854117e-01
2.506503999999999930e-08 9.982297602176551932e-01
2.507504999999999728e-08 9.814863728986408242e-01
2.508505999999999857e-08 9.025861197039998229e-01
2.509506999999999986e-08 7.664554898787236947e-01
2.510507999999999785e-08 5.816605766910909470e-01
2.511508999999999914e-08 3.598734228175874406e-01
2.512510000000000043e-08 1.151391339708792150e-01
2.513510999999999842e-08 -1.370105078129927045e-01
2.514511999999999971e-08 -3.805411946500294462e-01
2.515512999999999769e-08 -5.999357560165146097e-01
2.516513999999999898e-08 -7.811844988358384034e-01
2.517515000000000027e-08 -9.126829248568812947e-01
2.518515999999999826e-08 -9.859791128119427261e-01
2.519516999999999955e-08 -9.963223610021262333e-01
2.520517999999999753e-08 -9.429771449699655417e-01
2.521518999999999883e-08 -8.292812785446378454e-01
2.522520000000000012e-08 -6.624434405613190968e-01
2.523520999999999810e-08 -4.530919103478039389e-01
2.524521999999999939e-08 -2.146023751374264710e-01
2.525522999999999738e-08 3.775300119834537615e-02
2.526523999999999867e-08 2.877813583195847347e-01
2.527524999999999996e-08 5.194075743108537146e-01
2.528525999999999794e-08 7.177088100241942881e-01
2.529526999999999924e-08 8.698785266460834498e-01
2.530527999999999722e-08 9.660575439313674462e-01
2.531528999999999851e-08 9.999779624775382292e-01
2.532529999999999980e-08 9.693775757562290707e-01
2.533530999999999779e-08 8.761570075486876386e-01
2.534531999999999908e-08 7.262683019992910438e-01
2.535533000000000037e-08 5.293410120250864326e-01
2.536533999999999835e-08 2.980688611474841543e-01
2.537534999999999965e-08 4.739568817844286991e-02
2.538535999999999763e-08 -2.064473999459437437e-01
2.539536999999999892e-08 -4.469918187114333419e-01
2.540538000000000021e-08 -6.586004277356427572e-01
2.541538999999999820e-08 -8.274861813812410816e-01
2.542539999999999949e-08 -9.426140223723959988e-01
2.543540999999999747e-08 -9.964267954684910000e-01
2.544541999999999876e-08 -9.853471234630558628e-01
2.545543000000000006e-08 -9.100215530363072736e-01
2.546543999999999804e-08 -7.752899269251234404e-01
2.547544999999999933e-08 -5.898807990682684022e-01
2.548545999999999731e-08 -3.658516212210051188e-01
2.549546999999999861e-08 -1.178092213709577007e-01
2.550547999999999990e-08 1.380393408980103154e-01
2.551548999999999788e-08 3.849440884650338068e-01
2.552549999999999917e-08 6.067087512505986435e-01
2.553551000000000047e-08 7.887549127672710547e-01
2.554551999999999845e-08 9.190836583007673255e-01
2.555552999999999974e-08 9.890710854366030480e-01
2.556553999999999772e-08 9.940446424217476151e-01
2.557554999999999902e-08 9.336014181906155951e-01
2.558556000000000031e-08 8.116463104846391996e-01
2.559556999999999829e-08 6.361463549067949419e-01
2.560557999999999958e-08 4.186162068807396941e-01
2.561558999999999757e-08 1.733675970227288310e-01
2.562559999999999886e-08 -8.342865585934895745e-02
2.563561000000000015e-08 -3.348068474737138644e-01
2.564561999999999813e-08 -5.641269161988955450e-01
2.565562999999999943e-08 -7.561773220109522242e-01
2.566563999999999741e-08 -8.981870974036931798e-01
2.567564999999999870e-08 -9.806795472137822545e-01
2.568565999999999999e-08 -9.981102463416159365e-01
2.569566999999999798e-08 -9.492460266970125238e-01
2.570567999999999927e-08 -8.372586489587938718e-01
2.571568999999999725e-08 -6.695257087030549448e-01
2.572569999999999854e-08 -4.571507864692472833e-01
2.573570999999999984e-08 -2.142336241497999616e-01
2.574571999999999782e-08 4.306206123381629142e-02
2.575572999999999911e-08 2.975817671680446308e-01
2.576574000000000040e-08 5.323233108245716272e-01
2.577574999999999839e-08 7.315737297404218964e-01
2.578575999999999968e-08 8.819638900094807221e-01
2.579576999999999766e-08 9.733698414657249165e-01
2.580577999999999895e-08 9.995998721269843124e-01
2.581579000000000025e-08 9.588202788693456213e-01
2.582579999999999823e-08 8.536901711136648530e-01
2.583580999999999952e-08 6.911950183265823666e-01
2.584581999999999751e-08 4.821888502684192890e-01
2.585582999999999880e-08 2.406746674690277976e-01
2.586584000000000009e-08 -1.712960824563724074e-02
2.587584999999999807e-08 -2.738776271434693044e-01
2.588585999999999936e-08 -5.122609434424613140e-01
2.589586999999999735e-08 -7.161768291147454502e-01
2.590587999999999864e-08 -8.718187205697833786e-01
2.591588999999999993e-08 -9.686152828866323450e-01
2.592589999999999792e-08 -9.999539442210113593e-01
2.593590999999999921e-08 -9.636390201340993000e-01
2.594592000000000050e-08 -8.620522761016828905e-01
2.595592999999999848e-08 -7.020037870117412648e-01
2.596593999999999977e-08 -4.942819022024562137e-01
2.597594999999999776e-08 -2.529315970814988157e-01
2.598595999999999905e-08 5.690906769273854603e-03
2.599597000000000034e-08 2.640239191222037429e-01
2.600597999999999833e-08 5.044918915446489072e-01
2.601598999999999962e-08 7.107020788664225597e-01
2.602599999999999760e-08 8.685647228229219641e-01
2.603600999999999889e-08 9.672600389095841189e-01
2.604602000000000018e-08 9.999853621006445925e-01
2.605602999999999817e-08 9.644304924463258377e-01
2.606603999999999946e-08 8.629476036228707070e-01
2.607604999999999744e-08 7.024028062560522256e-01
2.608605999999999874e-08 4.937181894733237431e-01
2.609607000000000003e-08 2.511344159090181383e-01
2.610607999999999801e-08 -8.756743340567285303e-03
2.611608999999999930e-08 -2.681445145953916254e-01
2.612609999999999729e-08 -5.092188174869739514e-01
2.613610999999999858e-08 -7.153940977364784404e-01
2.614611999999999987e-08 -8.724531450529062759e-01
2.615612999999999785e-08 -9.695318345923824577e-01
2.616613999999999915e-08 -9.998762963402351156e-01
2.617615000000000044e-08 -9.613193654405381983e-01
2.618615999999999842e-08 -8.564422698464444483e-01
2.619616999999999971e-08 -6.924090748824355268e-01
2.620617999999999770e-08 -4.804839531813797082e-01
2.621618999999999899e-08 -2.352633299118882526e-01
2.622620000000000028e-08 2.632515780171990061e-02
2.623620999999999826e-08 2.861885429858609942e-01
2.624621999999999956e-08 5.263191461121614623e-01
2.625622999999999754e-08 7.300435484717400225e-01
2.626623999999999883e-08 8.831832300079672793e-01
2.627625000000000012e-08 9.750458879727725847e-01
2.628625999999999811e-08 9.991778233058247194e-01
2.629626999999999940e-08 9.538240601392162787e-01
2.630627999999999738e-08 8.420629484851162028e-01
2.631628999999999867e-08 6.716045159402022069e-01
2.632629999999999997e-08 4.542652266265713168e-01
2.633630999999999795e-08 2.051544476749025958e-01
2.634631999999999924e-08 -5.837177088990389007e-02
2.635632999999999722e-08 -3.179174623103868669e-01
2.636633999999999852e-08 -5.553303318026004964e-01
2.637634999999999981e-08 -7.539726558005169776e-01
2.638635999999999779e-08 -8.998904284888877836e-01
2.639636999999999908e-08 -9.827983870661795018e-01
2.640638000000000038e-08 -9.968110582829642352e-01
2.641638999999999836e-08 -9.408674552766295163e-01
2.642639999999999965e-08 -8.188183188500823828e-01
2.643640999999999763e-08 -6.391683700635780729e-01
2.644641999999999893e-08 -4.144902772970192051e-01
2.645643000000000022e-08 -1.605502382259608729e-01
2.646643999999999820e-08 1.047944061143738087e-01
2.647644999999999949e-08 3.628487360784288240e-01
2.648645999999999748e-08 5.953971629214636074e-01
2.649646999999999877e-08 7.859909453641203969e-01
2.650648000000000006e-08 9.211151991291615104e-01
2.651648999999999804e-08 9.911523632297163378e-01
2.652649999999999934e-08 9.910730883295540972e-01
2.653650999999999732e-08 9.208044836385140819e-01
2.654651999999999861e-08 7.852482862543110897e-01
2.655652999999999990e-08 5.939462184670135647e-01
2.656653999999999789e-08 3.604148335466905717e-01
2.657654999999999918e-08 1.011957420459380780e-01
2.658655999999999716e-08 -1.653124282560841374e-01
2.659656999999999845e-08 -4.201581311235330074e-01
2.660657999999999975e-08 -6.451847623438828894e-01
2.661658999999999773e-08 -8.243264166111081703e-01
2.662659999999999902e-08 -9.447589243700106332e-01
2.663661000000000031e-08 -9.978234297704046130e-01
2.664661999999999830e-08 -9.796556138452419127e-01
2.665662999999999959e-08 -8.914743807956255761e-01
2.666663999999999757e-08 -7.395079589750888083e-01
2.667664999999999886e-08 -5.345612157490149396e-01
2.668666000000000016e-08 -2.912537058481904917e-01
2.669666999999999814e-08 -2.698172114347879846e-02
2.670667999999999943e-08 2.393223306502153258e-01
2.671668999999999741e-08 4.885449838637000997e-01
2.672669999999999871e-08 7.027643245016231832e-01
2.673671000000000000e-08 8.665415347964218196e-01
2.674671999999999798e-08 9.680381109115748783e-01
2.675672999999999927e-08 9.998775933438251995e-01
2.676673999999999726e-08 9.596886677805460675e-01
2.677674999999999855e-08 8.502891671380129468e-01
2.678675999999999984e-08 6.794962261487642596e-01
2.679676999999999782e-08 4.595747695263888710e-01
2.680677999999999912e-08 2.063627143248398244e-01
2.681679000000000041e-08 -6.186516337258065462e-02
2.682679999999999839e-08 -3.257135308719709132e-01
2.683680999999999968e-08 -5.660683602912591761e-01
2.684681999999999767e-08 -7.654830794611088285e-01
2.685682999999999896e-08 -9.094483935701929145e-01
2.686684000000000025e-08 -9.874531187686497180e-01
2.687684999999999823e-08 -9.937581058089284269e-01
2.688685999999999953e-08 -9.278258167203377038e-01
2.689686999999999751e-08 -7.943728960070769451e-01
2.690687999999999880e-08 -6.030403724678188304e-01
2.691689000000000009e-08 -3.677039650609756349e-01
2.692689999999999808e-08 -1.054733193843392369e-01
2.693690999999999937e-08 1.645480625485919446e-01
2.694691999999999735e-08 4.226526143244396794e-01
2.695692999999999864e-08 6.499672606443240852e-01
2.696693999999999994e-08 8.298357260841431327e-01
2.697694999999999792e-08 9.490431990155216990e-01
2.698695999999999921e-08 9.987930124914780050e-01
2.699696999999999720e-08 9.753627475186120721e-01
2.700697999999999849e-08 8.803903317089020186e-01
2.701698999999999978e-08 7.207676309283587157e-01
2.702699999999999776e-08 5.081477585520371987e-01
2.703700999999999905e-08 2.581007553421243994e-01
2.704702000000000035e-08 -1.102167093920508600e-02
2.705702999999999833e-08 -2.794299455295101708e-01
2.706703999999999962e-08 -5.273508057183889930e-01
2.707704999999999761e-08 -7.364850896639880684e-01
2.708705999999999890e-08 -8.913615882766425802e-01
2.709707000000000019e-08 -9.804865738694961141e-01
2.710707999999999817e-08 -9.972032379767105104e-01
2.711708999999999946e-08 -9.401963132055600747e-01
2.712709999999999745e-08 -8.136031029253856239e-01
2.713710999999999874e-08 -6.267211066332071256e-01
2.714712000000000003e-08 -3.933322798594048875e-01
2.715712999999999802e-08 -1.306924966927610621e-01
2.716713999999999931e-08 1.417401356869094631e-01
2.717714999999999729e-08 4.037447124637538187e-01
2.718715999999999858e-08 6.358384041674788323e-01
2.719716999999999987e-08 8.207273778788716223e-01
2.720717999999999786e-08 9.445995650138447886e-01
2.721718999999999915e-08 9.981623402445267690e-01
2.722720000000000044e-08 9.773467312197375856e-01
2.723720999999999843e-08 8.836242836954820712e-01
2.724721999999999972e-08 7.239113687723904844e-01
2.725722999999999770e-08 5.100664223103665851e-01
2.726723999999999899e-08 2.580160680054081612e-01
2.727725000000000028e-08 -1.342598595656795471e-02
2.728725999999999827e-08 -2.839600792457809275e-01
2.729726999999999956e-08 -5.333176622416579971e-01
2.730727999999999754e-08 -7.427810036155726436e-01
2.731728999999999884e-08 -8.965915208238149914e-01
2.732730000000000013e-08 -9.831405346639850995e-01
2.733730999999999811e-08 -9.958520962038973634e-01
2.734731999999999940e-08 -9.336902635831221264e-01
2.735732999999999739e-08 -8.012511492846338124e-01
2.736733999999999868e-08 -6.084311430039623936e-01
2.737734999999999997e-08 -3.696946175409155932e-01
2.738735999999999795e-08 -1.029947437397177729e-01
2.739736999999999925e-08 1.715725231313889043e-01
2.740737999999999723e-08 4.332806901957712009e-01
2.741738999999999852e-08 6.623375708443786092e-01
2.742739999999999981e-08 8.413845739242895583e-01
2.743740999999999780e-08 9.568166906415424000e-01
2.744741999999999909e-08 9.998224769795708289e-01
2.745743000000000038e-08 9.670640804185370865e-01
2.746743999999999836e-08 8.609442894786675238e-01
2.747744999999999966e-08 6.894386865403359099e-01
2.748745999999999764e-08 4.655039210518395199e-01
2.749746999999999893e-08 2.061053985024257351e-01
2.750748000000000022e-08 -6.906315980618278616e-02
2.751748999999999821e-08 -3.390720298049056391e-01
2.752749999999999950e-08 -5.833468178626288747e-01
2.753750999999999748e-08 -7.832378803186298422e-01
2.754751999999999877e-08 -9.234479985870424068e-01
2.755753000000000007e-08 -9.932087387374642917e-01
2.756753999999999805e-08 -9.871146129846151140e-01
2.757754999999999934e-08 -9.055499005158572645e-01
2.758755999999999732e-08 -7.546738499437368741e-01
2.759756999999999862e-08 -5.459636429939634938e-01
2.760757999999999991e-08 -2.953483863497601281e-01
2.761758999999999789e-08 -2.199891814326896886e-02
2.762759999999999918e-08 2.531350664114076499e-01
2.763760999999999717e-08 5.089292310041341194e-01
2.764761999999999846e-08 7.257074319669442053e-01
2.765762999999999975e-08 8.867584389486944385e-01
2.766763999999999773e-08 9.796293944475052973e-01
2.767764999999999903e-08 9.970955112357348105e-01
2.768766000000000032e-08 9.377299904895024518e-01
2.769766999999999830e-08 8.060286231615090280e-01
2.770767999999999959e-08 6.120776965794845204e-01
2.771768999999999758e-08 3.707890510268213591e-01
2.772769999999999887e-08 1.007597006633388637e-01
2.773771000000000016e-08 -1.771572576126127785e-01
2.774771999999999814e-08 -4.414609700253949165e-01
2.775772999999999944e-08 -6.716665138651679579e-01
2.776773999999999742e-08 -8.498952051400978647e-01
2.777774999999999871e-08 -9.622678754254985201e-01
2.778776000000000000e-08 -9.999921863398200106e-01
2.779776999999999799e-08 -9.600583112567487865e-01
2.780777999999999928e-08 -8.454873607884850761e-01
2.781778999999999726e-08 -6.651114647492686327e-01
2.782779999999999855e-08 -4.329007869885721504e-01
2.783780999999999985e-08 -1.668881183758137710e-01
2.784781999999999783e-08 1.122266966291730061e-01
2.785782999999999912e-08 3.826848824302105379e-01
2.786783999999999710e-08 6.233646910941604835e-01
2.787784999999999840e-08 8.154330423700945074e-01
2.788785999999999969e-08 9.438235409151078947e-01
2.789786999999999767e-08 9.984245508805850156e-01
2.790787999999999896e-08 9.748831700594348115e-01
2.791789000000000026e-08 8.749606047664747477e-01
2.792789999999999824e-08 7.064093221789229382e-01
2.793790999999999953e-08 4.823797437574666724e-01
2.794791999999999751e-08 2.204012207493769304e-01
2.795792999999999881e-08 -5.898430784515595882e-02
2.796794000000000010e-08 -3.338299003395110431e-01
2.797794999999999808e-08 -5.825068913561852746e-01
2.798795999999999937e-08 -7.854086240242138528e-01
2.799796999999999736e-08 -9.265003091126894352e-01
2.800797999999999865e-08 -9.945921975035229012e-01
2.801798999999999994e-08 -9.842345188323351479e-01
2.802799999999999792e-08 -8.961620387197278825e-01
2.803800999999999922e-08 -7.372513453508243719e-01
2.804801999999999720e-08 -5.199923400080299629e-01
2.805802999999999849e-08 -2.615138578538721004e-01
2.806803999999999978e-08 1.776116022574530592e-02
2.807804999999999777e-08 2.957258177639563446e-01
2.808805999999999906e-08 5.503380812770458652e-01
2.809807000000000035e-08 7.613700246292135487e-01
2.810807999999999833e-08 9.120185855657884089e-01
2.811808999999999963e-08 9.902492870234692601e-01
2.812809999999999761e-08 9.897650213446771428e-01
2.813810999999999890e-08 9.105213389490598441e-01
2.814812000000000019e-08 7.587454394475873221e-01
2.815812999999999818e-08 5.464554210968762815e-01
2.816813999999999947e-08 2.905161861218650277e-01
2.817814999999999745e-08 1.130554741444602870e-02
2.818815999999999874e-08 -2.689044471239644407e-01
2.819817000000000004e-08 -5.277227125810867170e-01
2.820817999999999802e-08 -7.444294794158974327e-01
2.821818999999999931e-08 -9.016385703342374436e-01
2.822819999999999730e-08 -9.866979725771952703e-01
2.823820999999999859e-08 -9.927154393401393939e-01
2.824821999999999988e-08 -9.191254099960390889e-01
2.825822999999999786e-08 -7.717499705137745858e-01
2.826823999999999915e-08 -5.623469976127154490e-01
2.827824999999999714e-08 -3.076798172907818651e-01
2.828825999999999843e-08 -2.818135174417602321e-02
2.829826999999999972e-08 2.536812976881377968e-01
2.830827999999999771e-08 5.152112703029738672e-01
2.831828999999999900e-08 7.353105879207183504e-01
2.832830000000000029e-08 8.961856224853652630e-01
2.833830999999999827e-08 9.847912613898395229e-01
2.834831999999999956e-08 9.938961175220681898e-01
2.835832999999999755e-08 9.226812244115228934e-01
2.836833999999999884e-08 7.768219916987847418e-01
2.837835000000000013e-08 5.680447933500936131e-01
2.838835999999999812e-08 3.131920762678326864e-01
2.839836999999999941e-08 3.286986911151221907e-02
2.840837999999999739e-08 -2.502142191299492890e-01
2.841838999999999868e-08 -5.130888056617698423e-01
2.842839999999999998e-08 -7.343837510616972875e-01
2.843840999999999796e-08 -8.960709040999612629e-01
2.844841999999999925e-08 -9.849385098605643041e-01
2.845842999999999723e-08 -9.936782493437207320e-01
2.846843999999999853e-08 -9.214948808798659741e-01
2.847844999999999982e-08 -7.741869575007727100e-01
2.848845999999999780e-08 -5.636900034719208863e-01
2.849846999999999909e-08 -3.071173708133194680e-01
2.850848000000000039e-08 -2.537518714903867420e-02
2.851848999999999837e-08 2.585370334089289734e-01
2.852849999999999966e-08 5.214023266082150609e-01
2.853850999999999764e-08 7.416858956456738872e-01
2.854851999999999894e-08 9.013029107714185528e-01
2.855853000000000023e-08 9.871090912158548836e-01
2.856853999999999821e-08 9.919907491387411902e-01
2.857854999999999950e-08 9.154632931017941955e-01
2.858855999999999749e-08 7.637271506544617283e-01
2.859856999999999878e-08 5.491744362095781762e-01
2.860858000000000007e-08 2.893848378557237200e-01
2.861858999999999805e-08 5.691413185810452295e-03
2.862859999999999935e-08 -2.785672254202281595e-01
2.863860999999999733e-08 -5.399654797548431029e-01
2.864861999999999862e-08 -7.569225028240447184e-01
2.865862999999999991e-08 -9.114877188156653709e-01
2.866863999999999790e-08 -9.908320978030650261e-01
2.867864999999999919e-08 -9.883208089013835185e-01
2.868865999999999717e-08 -9.040769386162605947e-01
2.869866999999999846e-08 -7.449876771053950408e-01
2.870867999999999976e-08 -5.241503336501079913e-01
2.871868999999999774e-08 -2.598019592181538551e-01
2.872869999999999903e-08 2.618061897642301114e-02
2.873871000000000032e-08 3.100875001186730318e-01
2.874871999999999831e-08 5.683402694244361619e-01
2.875872999999999960e-08 7.794517442773859495e-01
2.876873999999999758e-08 9.258179045086882830e-01
2.877874999999999887e-08 9.951922378736675068e-01
2.878876000000000017e-08 9.817185081238881672e-01
2.879876999999999815e-08 8.864341976689772418e-01
2.880877999999999944e-08 7.172006281234617475e-01
2.881878999999999742e-08 4.880634123886261055e-01
2.882879999999999872e-08 2.180944842551991170e-01
2.883881000000000001e-08 -7.018949241395144867e-02
2.884881999999999799e-08 -3.527016798215439897e-01
2.885882999999999928e-08 -6.057968286810518910e-01
2.886883999999999727e-08 -8.082522988939873088e-01
2.887884999999999856e-08 -9.430522136143221212e-01
2.888885999999999985e-08 -9.988243866978129271e-01
2.889886999999999783e-08 -9.708081286643140961e-01
2.890887999999999913e-08 -8.612698855206145643e-01
2.891888999999999711e-08 -6.793296939230420994e-01
2.892889999999999840e-08 -4.402108161405551834e-01
2.893890999999999969e-08 -1.639735129285336546e-01
2.894891999999999768e-08 1.261623753895297073e-01
2.895892999999999897e-08 4.057662520612239643e-01
2.896894000000000026e-08 6.512536931969071796e-01
2.897894999999999824e-08 8.418783334127835083e-01
2.898895999999999954e-08 9.614902769066846488e-01
2.899896999999999752e-08 9.999115789594028580e-01
2.900897999999999881e-08 9.538110544160973703e-01
2.901899000000000010e-08 8.270025077992027018e-01
2.902899999999999809e-08 6.301389605888791934e-01
2.903900999999999938e-08 3.798265054459161183e-01
2.904901999999999736e-08 9.723073052240607805e-02
2.905902999999999865e-08 -1.937079651292770155e-01
2.906903999999999995e-08 -4.683001196439273706e-01
2.907904999999999793e-08 -7.032028254661097932e-01
2.908905999999999922e-08 -8.784073189148424721e-01
2.909906999999999721e-08 -9.789490448117339483e-01
2.910907999999999850e-08 -9.961935721594640247e-01
2.911908999999999979e-08 -9.285872197420745877e-01
2.912909999999999777e-08 -7.818063909825798685e-01
2.913910999999999906e-08 -5.682906202436102117e-01
2.914911999999999705e-08 -3.061968775637043394e-01
2.915912999999999834e-08 -1.786228531813061765e-02
2.916913999999999963e-08 2.720951896793449287e-01
2.917914999999999762e-08 5.388769616668958040e-01
2.918915999999999891e-08 7.596259487451655357e-01
2.919917000000000020e-08 9.153889033383458829e-01
2.920917999999999818e-08 9.927501524462721827e-01
2.921918999999999947e-08 9.849953871930555716e-01
2.922919999999999746e-08 8.927038531092902351e-01
2.923920999999999875e-08 7.237159388799601079e-01
2.924922000000000004e-08 4.924766120372299216e-01
2.925922999999999803e-08 2.188088353009161324e-01
2.926923999999999932e-08 -7.377960278914648395e-02
2.927924999999999730e-08 -3.601117665520833233e-01
2.928925999999999859e-08 -6.155072525008684625e-01
2.929926999999999988e-08 -8.179116619286406209e-01
2.930927999999999787e-08 -9.498059616788830928e-01
2.931928999999999916e-08 -9.997300251070184718e-01
2.932929999999999714e-08 -9.632872561576192316e-01
2.933930999999999844e-08 -8.435414870740380877e-01
2.934931999999999973e-08 -6.507695390386719625e-01
2.935932999999999771e-08 -4.015884700219741754e-01
2.936933999999999900e-08 -1.175308036106226667e-01
2.937935000000000029e-08 1.768107776500518757e-01
2.938935999999999828e-08 4.559098978328169349e-01
2.939936999999999957e-08 6.955204892301508623e-01
2.940937999999999755e-08 8.747862930721483909e-01
2.941938999999999885e-08 9.780620636193160244e-01
2.942940000000000014e-08 9.962869550474252600e-01
2.943940999999999812e-08 9.277888582585794852e-01
2.944941999999999941e-08 7.784474995425638699e-01
2.945942999999999740e-08 5.611997004526664279e-01
2.946943999999999869e-08 2.949275159310756900e-01
2.947944999999999998e-08 2.824021182472574287e-03
2.948945999999999796e-08 -2.896224342746888669e-01
2.949946999999999926e-08 -5.568507163986300412e-01
2.950947999999999724e-08 -7.754624994199111887e-01
2.951948999999999853e-08 -9.262753248361496050e-01
2.952949999999999982e-08 -9.960126213111474280e-01
2.953950999999999781e-08 -9.784812109631064736e-01
2.954951999999999910e-08 -8.751311266807150213e-01
2.955952999999999708e-08 -6.949463200739400826e-01
2.956953999999999837e-08 -4.536733828045958483e-01
2.957954999999999967e-08 -1.724536168925789592e-01
2.958955999999999765e-08 1.240234500338669582e-01
2.959956999999999894e-08 4.096843757159945310e-01
2.960958000000000023e-08 6.593645192139564459e-01
2.961958999999999822e-08 8.510275971439462683e-01
2.962959999999999951e-08 9.677160867360047325e-01
2.963960999999999749e-08 9.990593777026859357e-01
2.964961999999999878e-08 9.422048716604579655e-01
2.965963000000000008e-08 8.020876295207421958e-01
2.966963999999999806e-08 5.910122859160007458e-01
2.967964999999999935e-08 3.275816864579587651e-01
2.968965999999999733e-08 3.506469515410234883e-02
2.969966999999999863e-08 -2.606542886015513205e-01
2.970967999999999992e-08 -5.333638580394757245e-01
2.971968999999999790e-08 -7.588500228635957079e-01
2.972969999999999919e-08 -9.170503131409963871e-01
2.973970999999999718e-08 -9.938455808435694427e-01
2.974971999999999847e-08 -9.823288889064877294e-01
2.975972999999999976e-08 -8.834366953164011216e-01
2.976973999999999774e-08 -7.058838061121459617e-01
2.977974999999999904e-08 -4.654053332948013266e-01
2.978976000000000033e-08 -1.833706770768747940e-01
2.979976999999999831e-08 1.151091544856816529e-01
2.980977999999999629e-08 4.034138277416732254e-01
2.981978999999999759e-08 6.557874512625275765e-01
2.982979999999999888e-08 8.496422086979195099e-01
2.983981000000000017e-08 9.675855907710039228e-01
2.984982000000000146e-08 9.989888017994977831e-01
2.985982999999999614e-08 9.409542137434947495e-01
2.986983999999999743e-08 7.985929766115457129e-01
2.987984999999999872e-08 5.845853673178432741e-01
2.988986000000000001e-08 3.180606999270870761e-01
2.989987000000000131e-08 2.289487559462567712e-02
2.990987999999999598e-08 -2.744236008029709017e-01
2.991988999999999727e-08 -5.471688595741055483e-01
2.992989999999999856e-08 -7.707813549762788652e-01
2.993990999999999986e-08 -9.250837172487202942e-01
2.994992000000000115e-08 -9.961084687682723038e-01
2.995992999999999582e-08 -9.773714297036764087e-01
2.996993999999999711e-08 -8.704739240608617701e-01
2.997994999999999841e-08 -6.849769798808109655e-01
2.998995999999999970e-08 -4.375562308974121906e-01
2.999997000000000099e-08 -1.505112796769458305e-01
3.000997999999999567e-08 1.502380128731136411e-01
3.001998999999999696e-08 4.374888392711028251e-01
3.002999999999999825e-08 6.852158998198726314e-01
3.004000999999999954e-08 8.709324744984225930e-01
3.005002000000000083e-08 9.777376419491097259e-01
3.006002999999999551e-08 9.958627331241982628e-01
3.007003999999999680e-08 9.235747757240438949e-01
3.008004999999999809e-08 7.673525017610971499e-01
3.009005999999999938e-08 5.413162708854661886e-01
3.010007000000000068e-08 2.659610655948416169e-01
3.011007999999999535e-08 -3.369462139693315400e-02
3.012008999999999664e-08 -3.303774866470928218e-01
3.013009999999999793e-08 -5.970403963046265750e-01
3.014010999999999923e-08 -8.093300943154204674e-01
3.015012000000000052e-08 -9.478163293668012690e-01
3.016013000000000181e-08 -9.997779187849318294e-01
3.017013999999999649e-08 -9.603808901038803914e-01
3.018014999999999778e-08 -8.331387396337682771e-01
3.019015999999999907e-08 -6.296100825167297854e-01
3.020017000000000036e-08 -3.683586230832455732e-01
3.021018000000000165e-08 -7.326808823689225092e-02
3.022018999999999633e-08 2.286356813489223427e-01
3.023019999999999762e-08 5.096574085606676574e-01
3.024020999999999891e-08 7.439738363682854017e-01
3.025022000000000020e-08 9.100106877563181040e-01
3.026023000000000150e-08 9.924359815645527050e-01
3.027023999999999617e-08 9.835849195238853815e-01
3.028024999999999746e-08 8.841831061160598804e-01
3.029025999999999875e-08 7.032989393774262687e-01
3.030027000000000005e-08 4.575267795442483076e-01
3.031028000000000134e-08 1.694734716819615017e-01
3.032028999999999601e-08 -1.343145827328983966e-01
3.033029999999999731e-08 -4.257943469967958028e-01
3.034030999999999860e-08 -6.780145973850956187e-01
3.035031999999999989e-08 -8.676110156319397637e-01
3.036033000000000118e-08 -9.769766657444124425e-01
3.037033999999999586e-08 -9.959056746948020677e-01
3.038034999999999715e-08 -9.225558970749981880e-01
3.039035999999999844e-08 -7.636388424950480980e-01
3.040036999999999973e-08 -5.338164620873792066e-01
3.041038000000000102e-08 -2.543579530162734526e-01
3.042038999999999570e-08 4.882127610057002132e-02
3.043039999999999699e-08 3.475583706560790853e-01
3.044040999999999828e-08 6.140579265321666202e-01
3.045041999999999957e-08 8.234803545767674926e-01
3.046043000000000087e-08 9.562624914888239180e-01
3.047043999999999554e-08 9.999531722090946317e-01
3.048044999999999683e-08 9.503908027595237007e-01
3.049045999999999813e-08 8.121106589563373834e-01
3.050046999999999942e-08 5.979411074562183126e-01
3.051048000000000071e-08 3.278235803297856465e-01
3.052048999999999538e-08 2.696388137966264711e-02
3.053049999999999668e-08 -2.765145631303496665e-01
3.054050999999999797e-08 -5.541975322618472033e-01
3.055051999999999926e-08 -7.800417710395889381e-01
3.056053000000000055e-08 -9.328222252345387266e-01
3.057054000000000184e-08 -9.981343654547463196e-01
3.058054999999999652e-08 -9.697620149292441871e-01
3.059055999999999781e-08 -8.502799066491240065e-01
3.060056999999999910e-08 -6.508315889377115360e-01
3.061058000000000039e-08 -3.901006266941729472e-01
3.062059000000000169e-08 -9.256906125574820843e-02
3.063059999999999636e-08 2.137753733363741415e-01
3.064060999999999765e-08 5.000691390887369581e-01
3.065061999999999895e-08 7.392930502967907103e-01
3.066063000000000024e-08 9.088262992055288203e-01
3.067064000000000153e-08 9.925925616361133130e-01
3.068064999999999620e-08 9.825939236032557034e-01
3.069065999999999750e-08 8.796853993947607586e-01
3.070066999999999879e-08 6.935140506129371385e-01
3.071068000000000008e-08 4.416254966378995728e-01
3.072069000000000137e-08 1.478195064193817687e-01
3.073069999999999605e-08 -1.600921009792282412e-01
3.074070999999999734e-08 -4.529146720419534589e-01
3.075071999999999863e-08 -7.028388406383346831e-01
3.076072999999999992e-08 -8.860851075575604252e-01
3.077074000000000121e-08 -9.851730696275692312e-01
3.078074999999999589e-08 -9.905981341971086263e-01
3.079075999999999718e-08 -9.017540365522049850e-01
3.080076999999999847e-08 -7.270106276010996904e-01
3.081077999999999977e-08 -4.829365218045855168e-01
3.082079000000000106e-08 -1.927376988443572914e-01
3.083079999999999573e-08 1.159417335143701211e-01
3.084080999999999702e-08 4.136488914328306787e-01
3.085081999999999832e-08 6.719318917581749151e-01
3.086082999999999961e-08 8.660620674025955035e-01
3.087084000000000090e-08 9.774078897252475029e-01
3.088084999999999557e-08 9.952321168672150220e-01
3.089085999999999687e-08 9.177379809880460426e-01
3.090086999999999816e-08 7.522614808029334243e-01
3.091087999999999945e-08 5.145883167036937600e-01
3.092089000000000074e-08 2.274579299799145971e-01
3.093089999999999542e-08 -8.160456202001337145e-02
3.094090999999999671e-08 -3.829225653814614660e-01
3.095091999999999800e-08 -6.475166896596918908e-01
3.096092999999999929e-08 -8.498945654402485506e-01
3.097094000000000059e-08 -9.705129829661620633e-01
3.098095000000000188e-08 -9.976739844997116746e-01
3.099095999999999655e-08 -9.286701205527730929e-01
3.100096999999999784e-08 -7.700657431049997559e-01
3.101097999999999914e-08 -5.370841377415225271e-01
3.102099000000000043e-08 -2.521565415904670759e-01
3.103100000000000172e-08 5.722966373092044923e-02
3.104100999999999639e-08 3.611779408303906203e-01
3.105101999999999769e-08 6.302703438198465902e-01
3.106102999999999898e-08 8.384172266911452676e-01
3.107104000000000027e-08 9.653926414695378488e-01
3.108105000000000156e-08 9.988084830490584487e-01
3.109105999999999624e-08 9.353338679262179767e-01
3.110106999999999753e-08 7.810387096493163206e-01
3.111107999999999882e-08 5.508250365635010137e-01
3.112109000000000011e-08 2.669981298829919858e-01
3.113110000000000141e-08 -4.288654908286653605e-02
3.114110999999999608e-08 -3.486936162778475623e-01
3.115111999999999737e-08 -6.206369477897404341e-01
3.116112999999999866e-08 -8.321832225438264841e-01
3.117113999999999996e-08 -9.626465795336698328e-01
3.118115000000000125e-08 -9.992201130715943069e-01
3.119115999999999592e-08 -9.382438676116440224e-01
3.120116999999999721e-08 -7.855827657590278568e-01
3.121117999999999851e-08 -5.560744031686976063e-01
3.122118999999999980e-08 -2.720974776765824887e-01
3.123120000000000109e-08 3.860208245118893627e-02
3.124120999999999577e-08 3.456169437989831672e-01
3.125121999999999706e-08 6.188527862624751963e-01
3.126122999999999835e-08 8.314805207382807151e-01
3.127123999999999964e-08 9.625764890739892943e-01
3.128125000000000093e-08 9.991902746475399555e-01
3.129125999999999561e-08 9.376349257394110959e-01
3.130126999999999690e-08 7.838700093372855671e-01
3.131127999999999819e-08 5.529366397715242964e-01
3.132128999999999948e-08 2.674967988363372018e-01
3.133130000000000078e-08 -4.438227436684094585e-02
3.134130999999999545e-08 -3.519828417282295785e-01
3.135131999999999674e-08 -6.249607163103595431e-01
3.136132999999999803e-08 -8.363410547594058997e-01
3.137133999999999933e-08 -9.651899074861293171e-01
3.138135000000000062e-08 -9.986963690141278382e-01
3.139136000000000191e-08 -9.334573682742424161e-01
3.140136999999999659e-08 -7.758351880163981695e-01
3.141137999999999788e-08 -5.413490870841815017e-01
3.142138999999999917e-08 -2.531579447792980941e-01
3.143140000000000046e-08 6.021879789077576317e-02
3.144141000000000175e-08 3.677184523930641102e-01
3.145141999999999643e-08 6.388128531063967941e-01
3.146142999999999772e-08 8.465417715623878570e-01
3.147143999999999901e-08 9.702003192218802141e-01
3.148145000000000030e-08 9.974118593080100181e-01
3.149146000000000160e-08 9.253780019228627918e-01
3.150146999999999627e-08 7.611783517276430322e-01
3.151147999999999756e-08 5.210868452475181378e-01
3.152148999999999886e-08 2.289694352398659316e-01
3.153150000000000015e-08 -8.608019798811633594e-02
3.154151000000000144e-08 -3.926335140495709197e-01
3.155151999999999611e-08 -6.600614040602058585e-01
3.156152999999999741e-08 -8.615974427335136854e-01
3.157153999999999870e-08 -9.770234641674295784e-01
3.158154999999999999e-08 -9.947073705819022837e-01
3.159156000000000128e-08 -9.127868527626569195e-01
3.160156999999999596e-08 -7.393774485486900305e-01
3.161157999999999725e-08 -4.917807047520783015e-01
3.162158999999999854e-08 -1.947684380266208881e-01
3.163159999999999983e-08 1.218878373311731850e-01
3.164161000000000112e-08 4.263967214889965995e-01
3.165161999999999580e-08 6.881381921292577530e-01
3.166162999999999709e-08 8.807460439562764254e-01
3.167163999999999838e-08 9.847708771308211206e-01
3.168164999999999968e-08 9.896539864434118483e-01
3.169166000000000097e-08 8.948108517635813275e-01
3.170166999999999564e-08 7.097119013516758335e-01
3.171167999999999693e-08 4.529489444495854444e-01
3.172168999999999823e-08 1.503780397922452883e-01
3.173169999999999952e-08 -1.674767526184909872e-01
3.174171000000000081e-08 -4.684988158952388404e-01
3.175171999999999548e-08 -7.222241629673021857e-01
3.176172999999999678e-08 -9.029284710308812523e-01
3.177173999999999807e-08 -9.922427544711130976e-01
3.178174999999999936e-08 -9.810309661855839414e-01
3.179176000000000065e-08 -8.703365836323019300e-01
3.180176999999999533e-08 -6.712989283878244562e-01
3.181177999999999662e-08 -4.040441781966488954e-01
3.182178999999999791e-08 -9.566022536387154551e-02
3.183179999999999920e-08 2.225418792128104062e-01
3.184181000000000050e-08 5.182037586707508581e-01
3.185182000000000179e-08 7.612110497233799400e-01
3.186182999999999646e-08 9.267654094432544731e-01
3.187183999999999775e-08 9.979233468506488736e-01
3.188184999999999905e-08 9.673411404868831331e-01
3.189186000000000034e-08 8.380450639225799359e-01
3.190187000000000163e-08 6.231449359604774862e-01
3.191187999999999630e-08 3.445166458424434031e-01
3.192188999999999760e-08 3.058481775228968566e-02
3.193189999999999889e-08 -2.865706330495597642e-01
3.194191000000000018e-08 -5.744901850489245732e-01
3.195192000000000147e-08 -8.036584281242485917e-01
3.196192999999999615e-08 -9.505353320537230921e-01
3.197193999999999744e-08 -9.999832007160268654e-01
3.198194999999999873e-08 -9.468382018842527170e-01
3.199196000000000002e-08 -7.964621867383615550e-01
3.200197000000000132e-08 -5.642146227199082986e-01
3.201197999999999599e-08 -2.738952449890891816e-01
3.202198999999999728e-08 4.468587680307906790e-02
3.203199999999999857e-08 3.587637049995018312e-01
3.204200999999999987e-08 6.359864646368058594e-01
3.205202000000000116e-08 8.477506638186405041e-01
3.206202999999999583e-08 9.721588599139033837e-01
3.207203999999999712e-08 9.962936724530154775e-01
3.208204999999999842e-08 9.175709125051444426e-01
3.209205999999999971e-08 7.440288912572270430e-01
3.210207000000000100e-08 4.935203793089670832e-01
3.211207999999999568e-08 1.918870737940762961e-01
3.212208999999999697e-08 -1.296979240988636040e-01
3.213209999999999826e-08 -4.379471974168609449e-01
3.214210999999999955e-08 -7.009041546762111441e-01
3.215212000000000084e-08 -8.912597289995405347e-01
3.216212999999999552e-08 -9.891960368107928225e-01
3.217213999999999681e-08 -9.844601318104370113e-01
3.218214999999999810e-08 -8.774497898967641429e-01
3.219215999999999939e-08 -6.791950969022144680e-01
3.220217000000000069e-08 -4.102340100377081522e-01
3.221217999999999536e-08 -9.849518301307670642e-02
3.222218999999999665e-08 2.235948033680466851e-01
3.223219999999999794e-08 5.224809619866130905e-01
3.224220999999999924e-08 7.669764144152837471e-01
3.225222000000000053e-08 9.315214909460416415e-01
3.226223000000000182e-08 9.988643363480176340e-01
3.227223999999999650e-08 9.618810154214575414e-01
3.228224999999999779e-08 8.243419404900959035e-01
3.229225999999999908e-08 6.005408891313430697e-01
3.230227000000000037e-08 3.138215962256355462e-01
3.231228000000000166e-08 -5.847496019517655491e-03
3.232228999999999634e-08 -3.249993947451323972e-01
3.233229999999999763e-08 -6.101701842754267968e-01
3.234230999999999892e-08 -8.314099935642049743e-01
3.235232000000000021e-08 -9.654347295963431330e-01
3.236233000000000151e-08 -9.980862713671779796e-01
3.237233999999999618e-08 -9.258401871673440642e-01
3.238234999999999747e-08 -7.561991818500849449e-01
3.239235999999999876e-08 -5.069271100847129174e-01
3.240237000000000006e-08 -2.042003141444981851e-01
3.241238000000000135e-08 1.201325606178586941e-01
3.242238999999999602e-08 4.318963548699916721e-01
3.243239999999999732e-08 6.981898379972374391e-01
3.244240999999999861e-08 8.908615725949916575e-01
3.245241999999999990e-08 9.894936197204703410e-01
3.246243000000000119e-08 9.835760626607595869e-01
3.247243999999999587e-08 8.736396486960924523e-01
3.248244999999999716e-08 6.712231844078332399e-01
3.249245999999999845e-08 3.976752218361919167e-01
3.250246999999999974e-08 8.191308738346465834e-02
3.251248000000000103e-08 -2.426266603817098799e-01
3.252248999999999571e-08 -5.415255490590153986e-01
3.253249999999999700e-08 -7.830344400539378524e-01
3.254250999999999829e-08 -9.414512740421675518e-01
3.255251999999999958e-08 -9.998654143054220844e-01
3.256253000000000088e-08 -9.519746210570846356e-01
3.257253999999999555e-08 -8.027782072907185817e-01
3.258254999999999684e-08 -5.680688082763407643e-01
3.259255999999999814e-08 -2.727728866997229940e-01
3.260256999999999943e-08 5.168697425405249790e-02
3.261258000000000072e-08 3.707299055705557400e-01
3.262258999999999539e-08 6.503008011167472624e-01
3.263259999999999669e-08 8.605082903992666843e-01
3.264260999999999798e-08 9.788277176414729164e-01
3.265261999999999927e-08 9.925251858048627085e-01
3.266263000000000056e-08 9.000407073489300469e-01
3.267263999999999524e-08 7.111789071870388002e-01
3.268264999999999653e-08 4.460828665221275302e-01
3.269265999999999782e-08 1.330970360183456047e-01
3.270266999999999911e-08 -1.942552811247357791e-01
3.271268000000000040e-08 -5.008584603745696029e-01
3.272269000000000170e-08 -7.537718500611271244e-01
3.273269999999999637e-08 -9.257736424238629525e-01
3.274270999999999766e-08 -9.982995633012073933e-01
3.275271999999999896e-08 -9.634582237966033968e-01
3.276273000000000025e-08 -8.249031178812622489e-01
3.277274000000000154e-08 -5.974635360820563790e-01
3.278274999999999621e-08 -3.055700410597388395e-01
3.279275999999999751e-08 1.935971141441204801e-02
3.280276999999999880e-08 3.422961833917445018e-01
3.281278000000000009e-08 6.283723078100442727e-01
3.282279000000000138e-08 8.466505479086762209e-01
3.283279999999999606e-08 9.734754176094323475e-01
3.284280999999999735e-08 9.950474569509852873e-01
3.285281999999999864e-08 9.089374915693517742e-01
3.286282999999999993e-08 7.243736675829753890e-01
3.287284000000000122e-08 4.612660836936090525e-01
3.288284999999999590e-08 1.480705871429772447e-01
3.289285999999999719e-08 -1.812803552592182899e-01
3.290286999999999848e-08 -4.910496260447438366e-01
3.291287999999999978e-08 -7.475734017149704425e-01
3.292289000000000107e-08 -9.229242648241162694e-01
3.293289999999999574e-08 -9.979603905444406342e-01
3.294290999999999703e-08 -9.644269603552990677e-01
3.295291999999999833e-08 -8.258778497040596411e-01
3.296292999999999962e-08 -5.973132645995421486e-01
3.297294000000000091e-08 -3.035685810320864486e-01
3.298294999999999558e-08 2.337399502301404017e-02
3.299295999999999688e-08 3.478610822898781652e-01
3.300296999999999817e-08 6.344541070192220023e-01
3.301297999999999946e-08 8.518023116941458861e-01
3.302299000000000075e-08 9.760792514813696474e-01
3.303299999999999543e-08 9.936053458832438956e-01
3.304300999999999672e-08 9.023666891464158235e-01
3.305301999999999801e-08 7.122601011671459981e-01
3.306302999999999930e-08 4.440333552581584020e-01
3.307304000000000060e-08 1.270325070176517579e-01
3.308304999999999527e-08 -2.040004027157116262e-01
3.309305999999999656e-08 -5.127307718987836882e-01
3.310306999999999785e-08 -7.652200820829988537e-01
3.311307999999999915e-08 -9.336618734000117215e-01
3.312309000000000044e-08 -9.994532481301182658e-01
3.313310000000000173e-08 -9.552616368882755893e-01
3.314310999999999640e-08 -8.058558961906814311e-01
3.315311999999999770e-08 -5.676060827138244003e-01
3.316312999999999899e-08 -2.667026821803713532e-01
3.317314000000000028e-08 6.371244155263007525e-02
3.318315000000000157e-08 3.871902157243728992e-01
3.319315999999999625e-08 6.679936414573561798e-01
3.320316999999999754e-08 8.750491677770343424e-01
3.321317999999999883e-08 9.853929237833142230e-01
3.322319000000000012e-08 9.867287794813922597e-01
3.323320000000000142e-08 8.788120674330363036e-01
3.324320999999999609e-08 6.735018011271958205e-01
3.325321999999999738e-08 3.934712322542646135e-01
3.326322999999999867e-08 6.971538076872640932e-02
3.327323999999999997e-08 -2.618717586948569598e-01
3.328325000000000126e-08 -5.644732487491357364e-01
3.329325999999999593e-08 -8.044384517470060114e-01
3.330326999999999722e-08 -9.550311615003675980e-01
3.331327999999999852e-08 -9.994184954544044208e-01
3.332328999999999981e-08 -9.325653237498947590e-01
3.333330000000000110e-08 -7.618196304923465778e-01
3.334330999999999578e-08 -5.061192811155266202e-01
3.335331999999999707e-08 -1.939041506851913454e-01
3.336332999999999836e-08 1.400376346607747069e-01
3.337333999999999965e-08 4.584406902272443740e-01
3.338335000000000094e-08 7.257204651695379205e-01
3.339335999999999562e-08 9.119545430963172938e-01
3.340336999999999691e-08 9.962412428217822802e-01
3.341337999999999820e-08 9.690575848419139549e-01
3.342338999999999949e-08 8.333492924773657773e-01
3.343340000000000079e-08 6.042265503654290493e-01
3.344340999999999546e-08 3.072950843391222819e-01
3.345341999999999675e-08 -2.419465475796412496e-02
3.346342999999999804e-08 -3.530640394029270213e-01
3.347343999999999934e-08 -6.423739207822080077e-01
3.348345000000000063e-08 -8.595764682198148154e-01
3.349345999999999530e-08 -9.801842494963534103e-01
3.350346999999999660e-08 -9.905421324688274964e-01
3.351347999999999789e-08 -8.893870065348137288e-01
3.352348999999999918e-08 -6.880156706410986978e-01
3.353350000000000047e-08 -4.090374358180091097e-01
3.354351000000000176e-08 -8.384753050077434211e-02
3.355351999999999644e-08 2.508977134296359046e-01
3.356352999999999773e-08 5.574091132045858599e-01
3.357353999999999902e-08 8.010318457204104181e-01
3.358355000000000031e-08 9.541696408650168770e-01
3.359356000000000161e-08 9.994209348184596164e-01
3.360356999999999628e-08 9.315694507950909031e-01
3.361357999999999757e-08 7.582000472211170017e-01
3.362358999999999886e-08 4.988655848565142770e-01
3.363360000000000016e-08 1.828945814123804081e-01
3.364361000000000145e-08 -1.539160197784071038e-01
3.365361999999999612e-08 -4.733511363470680466e-01
3.366362999999999742e-08 -7.391132279322318865e-01
3.367363999999999871e-08 -9.209515198816579096e-01
3.368365000000000000e-08 -9.981145135458122652e-01
3.369366000000000129e-08 -9.617307316921891447e-01
3.370366999999999597e-08 -8.158431663879335272e-01
3.371367999999999726e-08 -5.769752255917947048e-01
3.372368999999999855e-08 -2.722729073366857988e-01
3.373369999999999984e-08 6.356950181556238200e-02
3.374371000000000113e-08 3.922532809797770748e-01
3.375371999999999581e-08 6.762411342579202067e-01
3.376372999999999710e-08 8.830475784538547313e-01
3.377373999999999839e-08 9.889631109807376363e-01
3.378374999999999968e-08 9.817843094042680852e-01
3.379376000000000098e-08 8.622341654905733010e-01
3.380376999999999565e-08 6.439057603285428533e-01
3.381377999999999694e-08 3.517309724903063817e-01
3.382378999999999824e-08 1.914504496565335584e-02
3.383379999999999953e-08 -3.157318848676175516e-01
3.384381000000000082e-08 -6.144611118194104327e-01
3.385381999999999549e-08 -8.426997768519124410e-01
3.386382999999999679e-08 -9.741561687277084935e-01
3.387383999999999808e-08 -9.936295808754961323e-01
3.388384999999999937e-08 -8.987819930422163983e-01
3.389386000000000066e-08 -7.004335178375604709e-01
3.390386999999999534e-08 -4.213428282949358561e-01
3.391387999999999663e-08 -9.360827277980510175e-02
3.392388999999999792e-08 2.450150127574994285e-01
3.393389999999999921e-08 5.554604625109688110e-01
3.394391000000000050e-08 8.018582765246102806e-01
3.395392000000000180e-08 9.556861100030932255e-01
3.396392999999999647e-08 9.990812664942108068e-01
3.397393999999999776e-08 9.269285728155193249e-01
3.398394999999999906e-08 7.474783558625014424e-01
3.399396000000000035e-08 4.814182397232913968e-01
3.400397000000000164e-08 1.595013609280482025e-01
3.401397999999999631e-08 -1.809986338828623864e-01
3.402398999999999761e-08 -5.005983096242626607e-01
3.403399999999999890e-08 -7.621829557263789523e-01
3.404401000000000019e-08 -9.353219723830850096e-01
3.405402000000000148e-08 -9.998187810213037263e-01
3.406402999999999616e-08 -9.480800206600231705e-01
3.407403999999999745e-08 -7.860245983921341217e-01
3.408404999999999874e-08 -5.324220943915798365e-01
3.409406000000000003e-08 -2.167325640434364931e-01
3.410407000000000132e-08 1.243052781078309021e-01
3.411407999999999600e-08 4.509436070114797857e-01
3.412408999999999729e-08 7.250573048939680243e-01
3.413409999999999858e-08 9.145984148355144061e-01
3.414410999999999988e-08 9.973522794172794415e-01
3.415412000000000117e-08 9.635540755675823243e-01
3.416412999999999584e-08 8.170560812597127409e-01
3.417413999999999713e-08 5.749044487606980169e-01
3.418414999999999843e-08 2.653699695203840525e-01
3.419415999999999972e-08 -7.534137738394289241e-02
3.420417000000000101e-08 -4.073166763575633009e-01
3.421417999999999568e-08 -6.916101488577418577e-01
3.422418999999999698e-08 -8.948158888798259936e-01
3.423419999999999827e-08 -9.930019396984115509e-01
3.424420999999999956e-08 -9.745414138086441191e-01
3.425422000000000085e-08 -8.415042887653245707e-01
3.426422999999999553e-08 -6.094415702099263976e-01
3.427423999999999682e-08 -3.055821141826536302e-01
3.428424999999999811e-08 3.435056932843629646e-02
3.429425999999999940e-08 3.703308005190812935e-01
3.430427000000000070e-08 6.627413677565753281e-01
3.431427999999999537e-08 8.770482071196110674e-01
3.432428999999999666e-08 9.878871745239633517e-01
3.433429999999999795e-08 9.820783314480363568e-01
3.434430999999999925e-08 8.602080997448233735e-01
3.435432000000000054e-08 6.365876478989224152e-01
3.436432999999999521e-08 3.375872816794555642e-01
3.437433999999999650e-08 -1.461121349688684163e-03
3.438434999999999780e-08 -3.404312445861110703e-01
3.439435999999999909e-08 -6.391485112141811475e-01
3.440437000000000038e-08 -8.621542768090569853e-01
3.441438000000000167e-08 -9.829227639332828170e-01
3.442438999999999635e-08 -9.870283274870595980e-01
3.443439999999999764e-08 -8.738834607794229159e-01
3.444440999999999893e-08 -6.568364274460969376e-01
3.445442000000000022e-08 -3.616117178118959941e-01
3.446443000000000152e-08 -2.327368065473239822e-02
3.447443999999999619e-08 3.179297908830696628e-01
3.448444999999999748e-08 6.213518716791024410e-01
3.449445999999999877e-08 8.507913293406987876e-01
3.450447000000000007e-08 9.788193051576297155e-01
3.451448000000000136e-08 9.900703298614946801e-01
3.452448999999999603e-08 8.831013072468443248e-01
3.453449999999999732e-08 6.705918278500569985e-01
3.454450999999999862e-08 3.778566314354336320e-01
3.455451999999999991e-08 3.984283509390476596e-02
3.456453000000000120e-08 -3.030334505550107416e-01
3.457453999999999588e-08 -6.097161763480634100e-01
3.458454999999999717e-08 -8.434275280201559699e-01
3.459455999999999846e-08 -9.760858317553328112e-01
3.460456999999999975e-08 -9.916916254958009214e-01
3.461458000000000104e-08 -8.882722069790218722e-01
3.462458999999999572e-08 -6.781465775626471792e-01
3.463459999999999701e-08 -3.864736582442316326e-01
3.464460999999999830e-08 -4.825293897750982525e-02
3.465461999999999959e-08 2.958664593440439305e-01
3.466463000000000089e-08 6.044675642343355637e-01
3.467463999999999556e-08 8.403523539403550124e-01
3.468464999999999685e-08 9.750329301406719384e-01
3.469465999999999815e-08 9.921839428804486438e-01
3.470466999999999944e-08 8.896364625778145907e-01
3.471468000000000073e-08 6.796680175486601305e-01
3.472468999999999540e-08 3.875484162504917451e-01
3.473469999999999670e-08 4.851163283392439379e-02
3.474470999999999799e-08 -2.964849960983755306e-01
3.475471999999999928e-08 -6.057049406203570685e-01
3.476473000000000057e-08 -8.416836454512193200e-01
3.477473999999999525e-08 -9.757751576349833478e-01
3.478474999999999654e-08 -9.916415625857787353e-01
3.479475999999999783e-08 -8.872587419877885351e-01
3.480476999999999912e-08 -6.751904248120423890e-01
3.481478000000000041e-08 -3.810918383974253310e-01
3.482479000000000171e-08 -4.061919753856015752e-02
3.483479999999999638e-08 3.048843039559032131e-01
3.484480999999999767e-08 6.134051598638941005e-01
3.485481999999999897e-08 8.473706038830558507e-01
3.486483000000000026e-08 9.782320342565730131e-01
3.487484000000000155e-08 9.899607790576107069e-01
3.488484999999999622e-08 8.810266855637263195e-01
3.489485999999999752e-08 6.646134774077385732e-01
3.490486999999999881e-08 3.670390944207460038e-01
3.491488000000000010e-08 2.456829586138559174e-02
3.492489000000000139e-08 -3.209980748006742157e-01
3.493489999999999607e-08 -6.274218002326215071e-01
3.494490999999999736e-08 -8.571924877131629206e-01
3.495491999999999865e-08 -9.821273403077025455e-01
3.496492999999999994e-08 -9.868404945656490401e-01
3.497494000000000123e-08 -8.706533403143078553e-01
3.498494999999999591e-08 -6.477067825380447008e-01
3.499495999999999720e-08 -3.452560774961939138e-01
3.500496999999999849e-08 -3.518583197025553682e-04
3.501497999999999979e-08 3.446901086493555644e-01
3.502499000000000108e-08 6.474775858504857595e-01
3.503499999999999575e-08 8.707531147883117439e-01
3.504500999999999704e-08 9.869869079647344279e-01
3.505501999999999834e-08 9.817841863282471548e-01
3.506502999999999963e-08 8.556836805394371082e-01
3.507504000000000092e-08 6.241206964706075278e-01
3.508504999999999559e-08 3.155535991964552589e-01
3.509505999999999689e-08 -3.202087921497626111e-02
3.510506999999999818e-08 -3.757384132503709395e-01
3.511507999999999947e-08 -6.731508072998135805e-01
3.512509000000000076e-08 -8.874716949204167760e-01
3.513509999999999544e-08 -9.921355538581925204e-01
3.514510999999999673e-08 -9.741039450873012484e-01
3.515511999999999802e-08 -8.355058719462818972e-01
3.516512999999999931e-08 -5.934039527534425984e-01
3.517514000000000061e-08 -2.777095767886508804e-01
3.518514999999999528e-08 7.250020392927587765e-02
3.519515999999999657e-08 4.138120974374766003e-01
3.520516999999999786e-08 7.038564199002012023e-01
3.521517999999999916e-08 9.065709397449610574e-01
3.522519000000000045e-08 9.966942661206553700e-01
3.523519999999999512e-08 9.629277306453264407e-01
3.524520999999999641e-08 8.093683051030615694e-01
3.525521999999999771e-08 5.550288561060249259e-01
3.526522999999999900e-08 2.314995770376658268e-01
3.527524000000000029e-08 -1.209637307038223114e-01
3.528525000000000158e-08 -4.584416655549378716e-01
3.529525999999999626e-08 -7.388228807366590267e-01
3.530526999999999755e-08 -9.270638562441919639e-01
3.531527999999999884e-08 -9.995792343749365649e-01
3.532529000000000013e-08 -9.472114154254545060e-01
3.533530000000000143e-08 -7.764037411116656573e-01
3.534530999999999610e-08 -5.084249627967581953e-01
3.535531999999999739e-08 -1.767360659068365758e-01
3.536532999999999868e-08 1.771764865296422131e-01
3.537533999999999998e-08 5.089836678177527274e-01
3.538535000000000127e-08 7.770662409563620088e-01
3.539535999999999594e-08 9.477411314477096616e-01
3.540536999999999723e-08 9.995047880338479018e-01
3.541537999999999853e-08 9.257575718677810706e-01
3.542538999999999982e-08 7.356621485328633803e-01
3.543540000000000111e-08 4.530222191032838852e-01
3.544540999999999579e-08 1.133165675525860533e-01
3.545541999999999708e-08 -2.407439048423019035e-01
3.546542999999999837e-08 -5.645811263596193230e-01
3.547543999999999966e-08 -8.173635499582613262e-01
3.548545000000000095e-08 -9.671615555701664757e-01
3.549545999999999563e-08 -9.949927699787713964e-01
3.550546999999999692e-08 -8.972432742792294524e-01
3.551547999999999821e-08 -6.861539286011171246e-01
3.552548999999999950e-08 -3.883044273833011761e-01
3.553550000000000080e-08 -4.128062142171167598e-02
3.554550999999999547e-08 3.110588486751415527e-01
3.555551999999999676e-08 6.241217549781625795e-01
3.556552999999999805e-08 8.582282531456103536e-01
3.557553999999999935e-08 9.836484931643417751e-01
3.558555000000000064e-08 9.843912885141195002e-01
3.559555999999999531e-08 8.602593893074134135e-01
3.560556999999999661e-08 6.269051793267196304e-01
3.561557999999999790e-08 3.138736096907004391e-01
3.562558999999999919e-08 -3.912509330058237811e-02
3.563560000000000048e-08 -3.872444548848879009e-01
3.564560999999999516e-08 -6.861967267197316422e-01
3.565561999999999645e-08 -8.978909600658110390e-01
3.566562999999999774e-08 -9.952959638855355395e-01
3.567563999999999903e-08 -9.659061135521264108e-01
3.568565000000000032e-08 -8.133638668012200812e-01
3.569566000000000162e-08 -5.570263833565956002e-01
3.570566999999999629e-08 -2.295252948128813086e-01
3.571567999999999758e-08 1.273748529771960569e-01
3.572568999999999887e-08 4.680954608763204794e-01
3.573570000000000017e-08 7.490636054919197484e-01
3.574571000000000146e-08 9.342896904501065691e-01
3.575571999999999613e-08 9.999883829331187579e-01
3.576572999999999743e-08 9.376481481874502366e-01
3.577573999999999872e-08 7.551513464415898769e-01
3.578575000000000001e-08 4.757953582729521069e-01
3.579576000000000130e-08 1.353339209867907567e-01
3.580576999999999598e-08 -2.225876063493655854e-01
3.581577999999999727e-08 -5.520217340894501001e-01
3.582578999999999856e-08 -8.106180113785902419e-01
3.583579999999999985e-08 -9.650744126924604149e-01
3.584581000000000114e-08 -9.954383595603887303e-01
3.585581999999999582e-08 -8.977003303992624472e-01
3.586582999999999711e-08 -6.843408859951880530e-01
3.587583999999999840e-08 -3.827544184593652532e-01
3.588584999999999969e-08 -3.174638669356337484e-02
3.589586000000000099e-08 3.234499916807291320e-01
3.590586999999999566e-08 6.369989417950020494e-01
3.591587999999999695e-08 8.683795707442065748e-01
3.592588999999999825e-08 9.876312843980973311e-01
3.593589999999999954e-08 9.792470587065256193e-01
3.594591000000000083e-08 8.442069007971628736e-01
3.595591999999999550e-08 5.998827089134263213e-01
3.596592999999999680e-08 2.778204077285840734e-01
3.597593999999999809e-08 -8.031972313807178576e-02
3.598594999999999938e-08 -4.281438484826822211e-01
3.599596000000000067e-08 -7.205326094167401330e-01
3.600596999999999535e-08 -9.194986124790709425e-01
3.601597999999999664e-08 -9.991323673066221378e-01
3.602598999999999793e-08 -9.489913702290829756e-01
3.603599999999999922e-08 -7.754870982897359433e-01
3.604601000000000051e-08 -5.010834790938242245e-01
3.605601999999999519e-08 -1.614045314710179091e-01
3.606602999999999648e-08 1.993785476520431033e-01
3.607603999999999777e-08 5.342851094651687172e-01
3.608604999999999907e-08 7.996431116960376340e-01
3.609606000000000036e-08 9.607907709551376518e-01
3.610607000000000165e-08 9.966165659723645875e-01
3.611607999999999632e-08 9.023413573896650330e-01
3.612608999999999762e-08 6.901739007554442695e-01
3.613609999999999891e-08 3.877476709274025324e-01
3.614611000000000020e-08 3.453673775002660123e-02
3.615612000000000149e-08 -3.232864280458242479e-01
3.616612999999999617e-08 -6.388827116662264549e-01
3.617613999999999746e-08 -8.708802635682030280e-01
3.618614999999999875e-08 -9.888069612862577795e-01
3.619616000000000004e-08 -9.771069490259828294e-01
3.620617000000000133e-08 -8.372100165886066092e-01
3.621617999999999601e-08 -5.873763087387438020e-01
3.622618999999999730e-08 -2.603300782217783382e-01
3.623619999999999859e-08 1.010131898106576553e-01
3.624620999999999989e-08 4.491701655709221530e-01
3.625622000000000118e-08 7.383278040676791720e-01
3.626622999999999585e-08 9.303769115283944124e-01
3.627623999999999714e-08 9.999458793401209133e-01
3.628624999999999844e-08 9.377682528256848782e-01
3.629625999999999973e-08 7.519351263460356538e-01
3.630627000000000102e-08 4.668608065188396550e-01
3.631627999999999569e-08 1.200914167669566435e-01
3.632628999999999699e-08 -2.426285456283305830e-01
3.633629999999999828e-08 -5.733850243913459765e-01
3.634630999999999957e-08 -8.284248038391537339e-01
3.635632000000000086e-08 -9.739510006498963701e-01
3.636632999999999554e-08 -9.906149927355155649e-01
3.637633999999999683e-08 -8.761060386550305612e-01
3.638634999999999812e-08 -6.454897794187638427e-01
3.639635999999999941e-08 -3.292440169973033237e-01
3.640637000000000071e-08 3.075457496893925849e-02
3.641637999999999538e-08 3.867663107232849895e-01
3.642638999999999667e-08 6.915163839026831072e-01
3.643639999999999796e-08 9.044764418176308718e-01
3.644640999999999926e-08 9.972646897122906529e-01
3.645642000000000055e-08 9.574436639591922260e-01
3.646642999999999522e-08 7.902055033487059843e-01
3.647643999999999651e-08 5.177140270179122483e-01
3.648644999999999781e-08 1.761842792821898263e-01
3.649645999999999910e-08 -1.889179305662822828e-01
3.650647000000000039e-08 -5.289218863870769338e-01
3.651648000000000168e-08 -7.984401924826561858e-01
3.652648999999999636e-08 -9.614344503244852680e-01
3.653649999999999765e-08 -9.960468641872565199e-01
3.654650999999999894e-08 -8.975483387320977169e-01
3.655652000000000023e-08 -6.790032243605619300e-01
3.656653000000000153e-08 -3.695549741157411749e-01
3.657653999999999620e-08 -1.055513630033142088e-02
3.658654999999999749e-08 3.499522337980954800e-01
3.659655999999999878e-08 6.636564544158609635e-01
3.660657000000000008e-08 8.884574577867019318e-01
3.661658000000000137e-08 9.941255488074212110e-01
3.662658999999999604e-08 9.663815229464722822e-01
3.663659999999999733e-08 8.088444668164916918e-01
3.664660999999999863e-08 5.425791676821378751e-01
3.665661999999999992e-08 2.032968591139339143e-01
3.666663000000000121e-08 -1.634210927783814049e-01
3.667663999999999589e-08 -5.082395506035111143e-01
3.668664999999999718e-08 -7.847063013184853997e-01
3.669665999999999847e-08 -9.555163863512833311e-01
3.670666999999999976e-08 -9.975584380361602888e-01
3.671668000000000105e-08 -9.050587255757283067e-01
3.672668999999999573e-08 -6.903929543931696111e-01
3.673669999999999702e-08 -3.824492926976030827e-01
3.674670999999999831e-08 -2.275654042380215875e-02
3.675671999999999960e-08 3.401057850348799816e-01
3.676673000000000090e-08 6.570644858731253812e-01
3.677673999999999557e-08 8.851923782338153579e-01
3.678674999999999686e-08 9.935318928873146938e-01
3.679675999999999815e-08 9.673112465479943856e-01
3.680676999999999945e-08 8.099769611695443183e-01
3.681678000000000074e-08 5.427606376390408105e-01
3.682678999999999541e-08 2.018314844536256147e-01
3.683679999999999671e-08 -1.665859504191593288e-01
3.684680999999999800e-08 -5.124716704950096346e-01
3.685681999999999929e-08 -7.888010435848151758e-01
3.686683000000000058e-08 -9.579446841116134870e-01
3.687683999999999526e-08 -9.968055246210801856e-01
3.688684999999999655e-08 -8.999900602304566899e-01
3.689685999999999784e-08 -6.805760481006251084e-01
3.690686999999999913e-08 -3.683649616679857131e-01
3.691688000000000042e-08 -5.850059515356108818e-03
3.692688999999999510e-08 3.575566277691553108e-01
3.693689999999999639e-08 6.722555487254047168e-01
3.694690999999999768e-08 8.952326856957603107e-01
3.695691999999999897e-08 9.959490761485030319e-01
3.696693000000000027e-08 9.605390347486583158e-01
3.697694000000000156e-08 7.937378480168520989e-01
3.698694999999999623e-08 5.182684442001087577e-01
3.699695999999999753e-08 1.717635524349766796e-01
3.700696999999999882e-08 -1.983622134341722354e-01
3.701698000000000011e-08 -5.413934456949162088e-01
3.702699000000000140e-08 -8.102632934113728203e-01
3.703699999999999608e-08 -9.680188263935581849e-01
3.704700999999999737e-08 -9.929133108022041299e-01
3.705701999999999866e-08 -8.814218342655202321e-01
3.706702999999999995e-08 -6.487597060283504247e-01
3.707704000000000124e-08 -3.268250178444310761e-01
3.708704999999999592e-08 4.015910174670715010e-02
3.709705999999999721e-08 4.017093746996162063e-01
3.710706999999999850e-08 7.080240379578570664e-01
3.711707999999999979e-08 9.168472106066772875e-01
3.712709000000000109e-08 9.993092417857103449e-01
3.713709999999999576e-08 9.439343130995608844e-01
3.714710999999999705e-08 7.582567512911102536e-01
3.715711999999999835e-08 4.678158302552790082e-01
3.716712999999999964e-08 1.126602899139147046e-01
3.717714000000000093e-08 -2.581614512613081280e-01
3.718714999999999560e-08 -5.933691297647544216e-01
3.719715999999999690e-08 -8.465435241431364943e-01
3.720716999999999819e-08 -9.825631654957571737e-01
3.721717999999999948e-08 -9.824911632030156605e-01
3.722719000000000077e-08 -8.462302004845539960e-01
3.723719999999999545e-08 -5.925709477701549543e-01
3.724720999999999674e-08 -2.566195660114287125e-01
3.725721999999999803e-08 1.150461775773727324e-01
3.726722999999999932e-08 4.708259145678041491e-01
3.727724000000000061e-08 7.612591359345858288e-01
3.728724999999999529e-08 9.459071497353985780e-01
3.729725999999999658e-08 9.989961788574831525e-01
3.730726999999999787e-08 9.130324042716243538e-01
3.731727999999999917e-08 6.998795221853266746e-01
3.732729000000000046e-08 3.891412561327868280e-01
3.733729999999999513e-08 2.406650706084787622e-02
3.734730999999999642e-08 -3.444588107624838025e-01
3.735731999999999772e-08 -6.650001916639834976e-01
3.736732999999999901e-08 -8.927564289239778850e-01
3.737734000000000030e-08 -9.958317283314356283e-01
3.738735000000000159e-08 -9.597185400959507007e-01
3.739735999999999627e-08 -7.893588629111347732e-01
3.740736999999999756e-08 -5.084885008273106743e-01
3.741737999999999885e-08 -1.563481984577727024e-01
3.742739000000000014e-08 2.177852278442327372e-01
3.743740000000000144e-08 5.614875058007046116e-01
3.744740999999999611e-08 8.265332833333702833e-01
3.745741999999999740e-08 9.756707409844405099e-01
3.746742999999999869e-08 9.878716572767236581e-01
3.747743999999999999e-08 8.613150302716908735e-01
3.748745000000000128e-08 6.136783532668869112e-01
3.749745999999999595e-08 2.796877802580325367e-01
3.750746999999999724e-08 -9.373609141030397884e-02
3.751747999999999854e-08 -4.540604778279717646e-01
3.752748999999999983e-08 -7.505286616356841023e-01
3.753750000000000112e-08 -9.413154609787339755e-01
3.754750999999999579e-08 -9.994403968068390487e-01
3.755751999999999709e-08 -9.166008308737141341e-01
3.756752999999999838e-08 -7.043780549120557399e-01
3.757753999999999967e-08 -3.926384168514886475e-01
3.758755000000000096e-08 -2.534727119252206534e-02
3.759755999999999564e-08 3.456199830611794144e-01
3.760756999999999693e-08 6.678002287279696247e-01
3.761757999999999822e-08 8.955654159158483729e-01
3.762758999999999951e-08 9.965951481827262093e-01
3.763760000000000081e-08 9.564794276692237807e-01
3.764760999999999548e-08 7.807937992057860654e-01
3.765761999999999677e-08 4.943453263132551179e-01
3.766762999999999806e-08 1.376882174073710552e-01
3.767763999999999936e-08 -2.386041447512947111e-01
3.768765000000000065e-08 -5.811036908726232575e-01
3.769765999999999532e-08 -8.411146973852305919e-01
3.770766999999999662e-08 -9.816058544232928451e-01
3.771767999999999791e-08 -9.824993612402530552e-01
3.772768999999999920e-08 -8.435595210766337892e-01
3.773770000000000049e-08 -5.844625735520618814e-01
3.774770999999999517e-08 -2.420296986249933502e-01
3.775771999999999646e-08 1.349905288578978624e-01
3.776772999999999775e-08 4.928531168311159338e-01
3.777773999999999904e-08 7.804769243327216444e-01
3.778775000000000033e-08 9.567426024555194530e-01
3.779775999999999501e-08 9.963846371322010453e-01
3.780776999999999630e-08 8.936313187677732417e-01
3.781777999999999759e-08 6.630656434171378066e-01
3.782778999999999888e-08 3.375759859548346231e-01
3.783780000000000018e-08 -3.631844919299656582e-02
3.784781000000000147e-08 -4.051054185341467218e-01
3.785781999999999614e-08 -7.159351022969567824e-01
3.786782999999999744e-08 -9.241985481100146727e-01
3.787783999999999873e-08 -9.999417375361637772e-01
3.788785000000000002e-08 -9.321913492611800800e-01
3.789786000000000131e-08 -7.305650461544155316e-01
3.790786999999999599e-08 -4.239271417200823899e-01
3.791787999999999728e-08 -5.627442727712601844e-02
3.792788999999999857e-08 3.195640511384648663e-01
3.793789999999999986e-08 6.495129190843802469e-01
3.794791000000000115e-08 8.860335928051029653e-01
3.795791999999999583e-08 9.949839881160816857e-01
3.796792999999999712e-08 9.605635119405816491e-01
3.797793999999999841e-08 7.876247833133902532e-01
3.798794999999999970e-08 5.010110242443436279e-01
3.799796000000000100e-08 1.420062631996817926e-01
3.800796999999999567e-08 -2.375972176299885885e-01
3.801797999999999696e-08 -5.829637363234853042e-01
3.802798999999999826e-08 -8.441364977343145393e-01
3.803799999999999955e-08 -9.832726418908780408e-01
3.804801000000000084e-08 -9.801419805773156080e-01
3.805801999999999551e-08 -8.350882321168894284e-01
3.806802999999999681e-08 -5.690164934111411332e-01
3.807803999999999810e-08 -2.204002793843952979e-01
3.808804999999999939e-08 1.602663075672819404e-01
3.809806000000000068e-08 5.177735521778682459e-01
3.810806999999999536e-08 8.002027235001765160e-01
3.811807999999999665e-08 9.664732986282581484e-01
3.812808999999999794e-08 9.923326651289492428e-01
3.813809999999999923e-08 8.739129292782465974e-01
3.814811000000000052e-08 6.283304531611709765e-01
3.815811999999999520e-08 2.912324337589195511e-01
3.816812999999999649e-08 -8.836087039277688848e-02
3.817813999999999778e-08 -4.551744359491814440e-01
3.818814999999999908e-08 -7.557251476372828236e-01
3.819816000000000037e-08 -9.461258139002943768e-01
3.820816999999999504e-08 -9.985069654961805652e-01
3.821817999999999633e-08 -9.051148650004189333e-01
3.822818999999999763e-08 -6.794804656090125405e-01
3.823819999999999892e-08 -3.544801415881081996e-01
3.824821000000000021e-08 2.243704705644642902e-02
3.825822000000000150e-08 3.961652944793175868e-01
3.826822999999999618e-08 7.119948713187869149e-01
3.827823999999999747e-08 9.236256150205531812e-01
3.828824999999999876e-08 9.999666897335243165e-01
3.829826000000000005e-08 9.297222298858497380e-01
3.830827000000000134e-08 7.230839197788632156e-01
3.831827999999999602e-08 4.102738942243048803e-01
3.832828999999999731e-08 3.714299601114506161e-02
3.833829999999999860e-08 -3.415372607846399733e-01
3.834830999999999990e-08 -6.701095188308204831e-01
3.835832000000000119e-08 -9.002142798897441178e-01
3.836832999999999586e-08 -9.979187131096352026e-01
3.837833999999999715e-08 -9.487380750648196637e-01
3.838834999999999845e-08 -7.598041401775282866e-01
3.839835999999999974e-08 -4.588530036057676398e-01
3.840837000000000103e-08 -9.017250806374263461e-02
3.841837999999999570e-08 2.919014487208253517e-01
3.842838999999999700e-08 6.309867076257316132e-01
3.843839999999999829e-08 8.769773015933646221e-01
3.844840999999999958e-08 9.934578139302354671e-01
3.845842000000000087e-08 9.631110253196536464e-01
3.846842999999999555e-08 7.903133695028715655e-01
3.847843999999999684e-08 5.005261830112796018e-01
3.848844999999999813e-08 1.365638357369309275e-01
3.849845999999999942e-08 -2.477172581976406773e-01
3.850847000000000072e-08 -5.953806816081994580e-01
3.851847999999999539e-08 -8.548471148937930586e-01
3.852848999999999668e-08 -9.875561008071734870e-01
3.853849999999999797e-08 -9.737129996174448410e-01
3.854850999999999927e-08 -8.152622416656406523e-01
3.855852000000000056e-08 -5.356372710142720539e-01
3.856852999999999523e-08 -1.763152780324336588e-01
3.857853999999999652e-08 2.093198195318799193e-01
3.858854999999999782e-08 5.639004244318837067e-01
3.859855999999999911e-08 8.346096662833680790e-01
3.860857000000000040e-08 9.810575114773824046e-01
3.861857999999999508e-08 9.813228164545648724e-01
3.862858999999999637e-08 8.352551581339949793e-01
3.863859999999999766e-08 5.645361081747753973e-01
3.864860999999999895e-08 2.094816984072012944e-01
3.865862000000000024e-08 -1.769455185225373151e-01
3.866863000000000154e-08 -5.370278807884181216e-01
3.867863999999999621e-08 -8.169130402527983170e-01
3.868864999999999750e-08 -9.746759877018141838e-01
3.869865999999999879e-08 -9.866145678402284958e-01
3.870867000000000009e-08 -8.508308732972753585e-01
3.871868000000000138e-08 -5.875543736528702210e-01
3.872868999999999605e-08 -2.361492104710888884e-01
3.873869999999999734e-08 1.507548390076106914e-01
3.874870999999999864e-08 5.151351976303417679e-01
3.875871999999999993e-08 8.022768912216038384e-01
3.876873000000000122e-08 9.689960919855796773e-01
3.877873999999999590e-08 9.901497138003140241e-01
3.878874999999999719e-08 8.624475644542618502e-01
3.879875999999999848e-08 6.049860683956866936e-01
3.880876999999999977e-08 2.564140617109604836e-01
3.881878000000000106e-08 -1.308519960768662060e-01
3.882878999999999574e-08 -4.985001462219250112e-01
3.883879999999999703e-08 -7.911016598789685217e-01
3.884880999999999832e-08 -9.644750130012917921e-01
3.885881999999999961e-08 -9.923719608516411439e-01
3.886883000000000091e-08 -8.704716921548749653e-01
3.887883999999999558e-08 -6.170722790390353873e-01
3.888884999999999687e-08 -2.703657137988610404e-01
3.889885999999999816e-08 1.173010140648132610e-01
3.890886999999999946e-08 4.873190972757260875e-01
3.891888000000000075e-08 7.836767666458904769e-01
3.892888999999999542e-08 9.614450957488446248e-01
3.893889999999999672e-08 9.936041286750199042e-01
3.894890999999999801e-08 8.751700321608725242e-01
3.895891999999999930e-08 6.239898587524667084e-01
3.896893000000000059e-08 2.780740479855650649e-01
3.897893999999999527e-08 -1.101380351662917950e-01
3.898894999999999656e-08 -4.817170966374937358e-01
3.899895999999999785e-08 -7.801871701918977609e-01
3.900896999999999914e-08 -9.601162220463324015e-01
3.901898000000000043e-08 -9.940463684895682883e-01
3.902898999999999511e-08 -8.767043688581921401e-01
3.903899999999999640e-08 -6.258437054944511191e-01
3.904900999999999769e-08 -2.795805988888270810e-01
3.905901999999999898e-08 1.093797351126393480e-01
3.906903000000000028e-08 4.817547323539814186e-01
3.907904000000000157e-08 7.807178555552655164e-01
3.908904999999999624e-08 9.605775528975541988e-01
3.909905999999999754e-08 9.937752668336844453e-01
3.910906999999999883e-08 8.751284714740005244e-01
3.911908000000000012e-08 6.226623932812347384e-01
3.912909000000000141e-08 2.748937286681131242e-01
3.913909999999999609e-08 -1.150277811115778537e-01
3.914910999999999738e-08 -4.874316019364934860e-01
3.915911999999999867e-08 -7.852559771673424116e-01
3.916912999999999996e-08 -9.627983253982023149e-01
3.917914000000000125e-08 -9.927435445898865618e-01
3.918914999999999593e-08 -8.703871208369302614e-01
3.919915999999999722e-08 -6.143970080127820754e-01
3.920916999999999851e-08 -2.639876854295699626e-01
3.921917999999999980e-08 1.270693041205745721e-01
3.922919000000000110e-08 4.986862890097034651e-01
3.923919999999999577e-08 7.936905316040008262e-01
3.924920999999999706e-08 9.666275739385256083e-01
3.925921999999999836e-08 9.907802400480208993e-01
3.926922999999999965e-08 8.623171090790594517e-01
3.927924000000000094e-08 6.009231470031429767e-01
3.928924999999999561e-08 2.468055342521879025e-01
3.929925999999999691e-08 -1.454733827508704336e-01
3.930926999999999820e-08 -5.153928499444021538e-01
3.931927999999999949e-08 -8.058095789398374009e-01
3.932929000000000078e-08 -9.717928206163872762e-01
3.933929999999999546e-08 -9.875914446679322500e-01
3.934930999999999675e-08 -8.506502919698719634e-01
3.935931999999999804e-08 -5.820461520434832003e-01
3.936932999999999933e-08 -2.232659962660865360e-01
3.937934000000000062e-08 1.701835600993583386e-01
3.938934999999999530e-08 5.373539025436001593e-01
3.939935999999999659e-08 8.212951764760729745e-01
3.940936999999999788e-08 9.778979556153672981e-01
3.941937999999999918e-08 9.827618395191100031e-01
3.942939000000000047e-08 8.350189281640774119e-01
3.943939999999999514e-08 5.575097512114866039e-01
3.944940999999999643e-08 1.932742705269959727e-01
3.945941999999999773e-08 -2.011064479774169189e-01
3.946942999999999902e-08 -5.642905094084682549e-01
3.947944000000000031e-08 -8.397163405663696789e-01
3.948944999999999498e-08 -9.844207072657129576e-01
3.949945999999999628e-08 -9.757574573994451939e-01
3.950946999999999757e-08 -8.149636858742177470e-01
3.951947999999999886e-08 -5.270083760159053332e-01
3.952949000000000015e-08 -1.567369347138654334e-01
3.953950000000000144e-08 2.380965256783922068e-01
3.954950999999999612e-08 5.958291668728550317e-01
3.955951999999999741e-08 8.605205168095081403e-01
3.956952999999999870e-08 9.907102851118033682e-01
3.957954000000000000e-08 9.659302676115200104e-01
3.958955000000000129e-08 7.899448287541204206e-01
3.959955999999999596e-08 4.902034884973982543e-01
3.960956999999999725e-08 1.135810133287895041e-01
3.961957999999999855e-08 -2.809373226181910432e-01
3.962958999999999984e-08 -6.314863541604550656e-01
3.963960000000000113e-08 -8.830242202181719513e-01
3.964960999999999580e-08 -9.959859674255716611e-01
3.965961999999999710e-08 -9.525253428126266853e-01
3.966962999999999839e-08 -7.593572009758630115e-01
3.967963999999999968e-08 -4.467442871800578752e-01
3.968965000000000097e-08 -6.377725523578953171e-02
3.969965999999999565e-08 3.293192953758417030e-01
3.970966999999999694e-08 6.706512730779740084e-01
3.971967999999999823e-08 9.064037072466566425e-01
3.972968999999999952e-08 9.993375946654620146e-01
3.973970000000000082e-08 9.346915133527975428e-01
3.974970999999999549e-08 7.225497064998364083e-01
3.975971999999999678e-08 3.962931497360128175e-01
3.976972999999999807e-08 7.367565020487739508e-03
3.977973999999999937e-08 -3.828148783188615178e-01
3.978975000000000066e-08 -7.125676204182586071e-01
3.979975999999999533e-08 -9.296867600543349264e-01
3.980976999999999662e-08 -9.997291166257343820e-01
3.981977999999999792e-08 -9.114965341502184737e-01
3.982978999999999921e-08 -6.788500069659797465e-01
3.983980000000000050e-08 -3.385561011325983749e-01
3.984980999999999518e-08 5.550362596321699316e-02
3.985981999999999647e-08 4.408514098563406924e-01
3.986982999999999776e-08 7.563154846985894464e-01
3.987983999999999905e-08 9.517468956247475687e-01
3.988985000000000034e-08 9.960065137172940952e-01
3.989985999999999502e-08 8.819478689990434273e-01
3.990986999999999631e-08 6.275951316242014411e-01
3.991987999999999760e-08 2.733184552916923526e-01
3.992988999999999889e-08 -1.245544927045696276e-01
3.993990000000000019e-08 -5.026829175306426478e-01
3.994991000000000148e-08 -8.007947432437014790e-01
3.995991999999999615e-08 -9.713015491555497816e-01
3.996992999999999744e-08 -9.869115575879088276e-01
3.997993999999999874e-08 -8.450202200546783615e-01
3.998995000000000003e-08 -5.681685842624695226e-01
3.999996000000000132e-08 -2.004855521309395761e-01
4.000996999999999600e-08 1.993282062890752160e-01
4.001997999999999729e-08 5.673620848410066975e-01
4.002998999999999858e-08 8.447116471070944543e-01
4.003999999999999987e-08 9.869160076053525854e-01
4.005001000000000116e-08 9.711029735473268865e-01
4.006001999999999584e-08 7.996908751263454018e-01
4.007002999999999713e-08 5.000443275131781773e-01
4.008003999999999842e-08 1.201281874529846194e-01
4.009004999999999971e-08 -2.791537247711265990e-01
4.010006000000000101e-08 -6.337141156526319152e-01
4.011006999999999568e-08 -8.865706054939749281e-01
4.012007999999999697e-08 -9.970150639517710855e-01
4.013008999999999826e-08 -9.471865919880416707e-01
4.014009999999999956e-08 -7.449837880657763645e-01
4.015011000000000085e-08 -4.228377051401929210e-01
4.016011999999999552e-08 -3.253190023779492512e-02
4.017012999999999682e-08 3.631066040886457569e-01
4.018013999999999811e-08 7.003146458748588099e-01
4.019014999999999940e-08 9.246734958746379851e-01
4.020016000000000069e-08 9.999044968729530192e-01
4.021016999999999537e-08 9.137559978949412187e-01
4.022017999999999666e-08 6.800230214621028058e-01
4.023018999999999795e-08 3.363629101158275292e-01
4.024019999999999924e-08 -6.175126498960527288e-02
4.025021000000000053e-08 -4.499719964101958625e-01
4.026021999999999521e-08 -7.654743052106879331e-01
4.027022999999999650e-08 -9.571290994079494352e-01
4.028023999999999779e-08 -9.938045179804270157e-01
4.029024999999999908e-08 -8.694449718787353731e-01
4.030026000000000038e-08 -6.040957390521781711e-01
4.031026999999999505e-08 -2.406960064888395701e-01
4.032027999999999634e-08 1.618505617929495710e-01
4.033028999999999764e-08 5.382126071406859724e-01
4.034029999999999893e-08 8.272329715896081792e-01
4.035031000000000022e-08 9.818754521672606872e-01
4.036031999999999489e-08 9.768972261032100590e-01
4.037032999999999619e-08 8.129926254333190716e-01
4.038033999999999748e-08 5.167243130223025949e-01
4.039034999999999877e-08 1.362417593101790392e-01
4.040036000000000006e-08 -2.665267101540767514e-01
4.041037000000000135e-08 -6.259450095106638967e-01
4.042037999999999603e-08 -8.833671420688583575e-01
4.043038999999999732e-08 -9.967179593431300111e-01
4.044039999999999861e-08 -9.473898164143785827e-01
4.045040999999999991e-08 -7.433215297887255657e-01
4.046042000000000120e-08 -4.177462899435830934e-01
4.047042999999999587e-08 -2.380162350091852286e-02
4.048043999999999716e-08 3.741280570740548872e-01
4.049044999999999846e-08 7.109283201115401685e-01
4.050045999999999975e-08 9.314141074650268415e-01
4.051047000000000104e-08 9.993859810592125026e-01
4.052047999999999571e-08 9.035947592907948023e-01
4.053048999999999701e-08 6.596282883585082857e-01
4.054049999999999830e-08 3.073999305476694532e-01
4.055050999999999959e-08 -9.536079028137993407e-02
4.056052000000000088e-08 -4.825572111098203609e-01
4.057052999999999556e-08 -7.905697551210920659e-01
4.058053999999999685e-08 -9.687166909396502934e-01
4.059054999999999814e-08 -9.876101965927904791e-01
4.060055999999999943e-08 -8.440273387552752471e-01
4.061057000000000073e-08 -5.614848835077378419e-01
4.062057999999999540e-08 -1.864118116932395319e-01
4.063058999999999669e-08 2.194615755896726916e-01
4.064059999999999798e-08 5.892534438074094050e-01
4.065060999999999928e-08 8.619519316459609559e-01
4.066062000000000057e-08 9.924921082842091957e-01
4.067062999999999524e-08 9.592223176120240336e-01
4.068063999999999653e-08 7.675197795083578134e-01
4.069064999999999783e-08 4.489477320285087947e-01
4.070065999999999912e-08 5.608158597727837258e-02
4.071067000000000041e-08 -3.461516600129086463e-01
4.072067999999999508e-08 -6.911968269232444673e-01
4.073068999999999638e-08 -9.218868496967896897e-01
4.074069999999999767e-08 -9.999279364493798283e-01
4.075070999999999896e-08 -9.122775831257495804e-01
4.076072000000000025e-08 -6.733496667061947827e-01
4.077072999999999493e-08 -3.226697281709672294e-01
4.078073999999999622e-08 8.164250165349236366e-02
4.079074999999999751e-08 4.724922119799273013e-01
4.080075999999999880e-08 7.849404968331026300e-01
4.081077000000000010e-08 9.670011706936119111e-01
4.082078000000000139e-08 9.883071419953980419e-01
4.083078999999999606e-08 8.451988745607382780e-01
4.084079999999999735e-08 5.613784712219970219e-01
4.085080999999999865e-08 1.840086906975932080e-01
4.086081999999999994e-08 -2.241052399291935393e-01
4.087083000000000123e-08 -5.949581842674048771e-01
4.088083999999999591e-08 -8.666774648863628805e-01
4.089084999999999720e-08 -9.938565721073706616e-01
4.090085999999999849e-08 -9.551625359318653974e-01
4.091086999999999978e-08 -7.569392088806127239e-01
4.092088000000000107e-08 -4.321937700907864111e-01
4.093088999999999575e-08 -3.512365756954077822e-02
4.094089999999999704e-08 3.679124783551607769e-01
4.095090999999999833e-08 7.094783300879720089e-01
4.096091999999999962e-08 9.323478648466764218e-01
4.097093000000000092e-08 9.991074805294857253e-01
4.098093999999999559e-08 8.984588212101752847e-01
4.099094999999999688e-08 6.471568104245966069e-01
4.100095999999999817e-08 2.872462824648159274e-01
4.101096999999999947e-08 -1.209514624222273876e-01
4.102098000000000076e-08 -5.089358438255425776e-01
4.103098999999999543e-08 -8.115199317121291056e-01
4.104099999999999673e-08 -9.777912785341053015e-01
4.105100999999999802e-08 -9.796962596606644258e-01
4.106101999999999931e-08 -8.167975586923185150e-01
4.107103000000000060e-08 -5.163939934959004274e-01
4.108103999999999528e-08 -1.289702737975360058e-01
4.109104999999999657e-08 2.802690598713931114e-01
4.110105999999999786e-08 6.423649043449706220e-01
4.111106999999999915e-08 8.962255982433553481e-01
4.112108000000000044e-08 9.989466498147779872e-01
4.113108999999999512e-08 9.330828851191166340e-01
4.114109999999999641e-08 7.096369315114681164e-01
4.115110999999999770e-08 3.662478459177120338e-01
4.116111999999999899e-08 -3.912656369584331661e-02
4.117113000000000029e-08 -4.379771699819844932e-01
4.118113999999999496e-08 -7.628171786545073774e-01
4.119114999999999625e-08 -9.586076005719000870e-01
4.120115999999999755e-08 -9.920991585311533800e-01
4.121116999999999884e-08 -8.575022664528241245e-01
4.122118000000000013e-08 -5.775142535592052706e-01
4.123119000000000142e-08 -1.995174155531334592e-01
4.124119999999999610e-08 2.124196681666735143e-01
4.125120999999999739e-08 5.883906853565195050e-01
4.126121999999999868e-08 8.645149188446076272e-01
4.127122999999999997e-08 9.938021227736825169e-01
4.128124000000000126e-08 9.541692147778189081e-01
4.129124999999999594e-08 7.522377608308969954e-01
4.130125999999999723e-08 4.222549670274794442e-01
4.131126999999999852e-08 2.030909357749287672e-02
4.132127999999999981e-08 -3.851877398019888377e-01
4.133129000000000111e-08 -7.251372741877224470e-01
4.134129999999999578e-08 -9.415347329387631081e-01
4.135130999999999707e-08 -9.973813827663875475e-01
4.136131999999999837e-08 -8.830334818607473713e-01
4.137132999999999966e-08 -6.178942654155252789e-01
4.138134000000000095e-08 -2.471477508413205404e-01
4.139134999999999562e-08 1.659204109235541402e-01
4.140135999999999692e-08 5.507135695970936107e-01
4.141136999999999821e-08 8.413884247771762359e-01
4.142137999999999950e-08 9.881316390844373521e-01
4.143139000000000079e-08 9.657157732393329974e-01
4.144139999999999547e-08 7.778617103570644176e-01
4.145140999999999676e-08 4.566489264884010524e-01
4.146141999999999805e-08 5.706179342984502717e-02
4.147142999999999934e-08 -3.524051789062035422e-01
4.148144000000000063e-08 -7.014809633750822560e-01
4.149144999999999531e-08 -9.301817239558318740e-01
4.150145999999999660e-08 -9.991329242707874814e-01
4.151146999999999789e-08 -8.963711075198459444e-01
4.152147999999999919e-08 -6.394465057551548259e-01
4.153149000000000048e-08 -2.724524795068856142e-01
4.154149999999999515e-08 1.415201246159900617e-01
4.155150999999999644e-08 5.312161960379587766e-01
4.156151999999999774e-08 8.294792648926919698e-01
4.157152999999999903e-08 9.848340254306975350e-01
4.158154000000000032e-08 9.703892489123161491e-01
4.159154999999999499e-08 7.885180333352600490e-01
4.160155999999999629e-08 4.704965014462690887e-01
4.161156999999999758e-08 7.115022271640078499e-02
4.162157999999999887e-08 -3.405796290264759274e-01
4.163159000000000016e-08 -6.935302263209732754e-01
4.164160000000000145e-08 -9.266205367528890235e-01
4.165160999999999613e-08 -9.994364967159605762e-01
4.166161999999999742e-08 -8.992610477360225563e-01
4.167162999999999871e-08 -6.433222528027198184e-01
4.168164000000000001e-08 -2.758575296094397111e-01
4.169165000000000130e-08 1.395105319625317419e-01
4.170165999999999597e-08 5.307766215312709202e-01
4.171166999999999726e-08 8.300330557346800031e-01
4.172167999999999856e-08 9.852652449909934385e-01
4.173168999999999985e-08 9.694118181082977959e-01
4.174170000000000114e-08 7.851079657719330918e-01
4.175170999999999581e-08 4.642761850696898729e-01
4.176171999999999711e-08 6.262224703827806715e-02
4.177172999999999840e-08 -3.500190483339465919e-01
4.178173999999999969e-08 -7.018183310116340445e-01
4.179175000000000098e-08 -9.314592154615992659e-01
4.180175999999999566e-08 -9.988403596925194972e-01
4.181176999999999695e-08 -8.921015397160607652e-01
4.182177999999999824e-08 -6.297387076151050866e-01
4.183178999999999953e-08 -2.574262312563776467e-01
4.184180000000000083e-08 1.599125804622286429e-01
4.185180999999999550e-08 5.494139125472865537e-01
4.186181999999999679e-08 8.429933944853139627e-01
4.187182999999999808e-08 9.892573179886643420e-01
4.188183999999999938e-08 9.625195467917896375e-01
4.189185000000000067e-08 7.673386768439944827e-01
4.190185999999999534e-08 4.377694938655997681e-01
4.191186999999999663e-08 3.144619275474272446e-02
4.192187999999999793e-08 -3.804790870967198479e-01
4.193188999999999922e-08 -7.257890348918503154e-01
4.194190000000000051e-08 -9.438670501853527739e-01
4.195190999999999519e-08 -9.963539838689299266e-01
4.196191999999999648e-08 -8.739194701544807931e-01
4.197192999999999777e-08 -5.979483747440174080e-01
4.198193999999999906e-08 -2.168328658124155095e-01
4.199195000000000035e-08 2.024918516460780804e-01
4.200195999999999503e-08 5.862914662219953499e-01
4.201196999999999632e-08 8.669977860392741320e-01
4.202197999999999761e-08 9.951155783886129758e-01
4.203198999999999890e-08 9.479708382269755873e-01
4.204200000000000020e-08 7.337505710324341290e-01
4.205200999999999487e-08 3.901096699688497704e-01
4.206201999999999616e-08 -2.242334245475719606e-02
4.207202999999999745e-08 -4.310912920885293098e-01
4.208203999999999875e-08 -7.637348927731267834e-01
4.209205000000000004e-08 -9.615406222674662828e-01
4.210206000000000133e-08 -9.894567370120234129e-01
4.211206999999999601e-08 -8.424296954945476035e-01
4.212207999999999730e-08 -5.463470226560777077e-01
4.213208999999999859e-08 -1.535061440585195058e-01
4.214209999999999988e-08 2.666025535080015496e-01
4.215211000000000117e-08 6.395776941845996433e-01
4.216211999999999585e-08 8.992850271492039971e-01
4.217212999999999714e-08 9.995973053943589814e-01
4.218213999999999843e-08 9.226096084168285971e-01
4.219214999999999972e-08 6.818630043325485390e-01
4.220216000000000102e-08 3.199913433908510574e-01
4.221216999999999569e-08 -9.880507680566143203e-02
4.222217999999999698e-08 -5.001345807763938334e-01
4.223218999999999827e-08 -8.126251486788175216e-01
4.224219999999999957e-08 -9.806259284463777481e-01
4.225221000000000086e-08 -9.741373186457660260e-01
4.226221999999999553e-08 -7.941943531683207658e-01
4.227222999999999683e-08 -4.727327227546184174e-01
4.228223999999999812e-08 -6.694718965939258637e-02
4.229224999999999941e-08 3.508657391053134345e-01
4.230226000000000070e-08 7.061804202437870215e-01
4.231226999999999538e-08 9.355394342590913626e-01
4.232227999999999667e-08 9.979023931310425644e-01
4.233228999999999796e-08 8.820138150941198019e-01
4.234229999999999925e-08 6.084630502238700389e-01
4.235231000000000054e-08 2.260543570433844185e-01
4.236231999999999522e-08 -1.968780336339997494e-01
4.237232999999999651e-08 -5.846683717058550611e-01
4.238233999999999780e-08 -8.678560666439687488e-01
4.239234999999999909e-08 -9.956389946572209437e-01
4.240236000000000039e-08 -9.450086971701621152e-01
4.241236999999999506e-08 -7.249209664593253555e-01
4.242237999999999635e-08 -3.747409765073398957e-01
4.243238999999999765e-08 4.277257810677401184e-02
4.244239999999999894e-08 4.526984846670167317e-01
4.245241000000000023e-08 7.813923151406216849e-01
4.246241999999999490e-08 9.697242415713068775e-01
4.247242999999999620e-08 9.837345433215486379e-01
4.248243999999999749e-08 8.207833597093805444e-01
4.249244999999999878e-08 5.100763929822679232e-01
4.250246000000000007e-08 1.074575848249548632e-01
4.251247000000000136e-08 -3.146077505410065922e-01
4.252247999999999604e-08 -6.800662465563600545e-01
4.253248999999999733e-08 -9.229838619076915496e-01
4.254249999999999862e-08 -9.994562733145683220e-01
4.255250999999999991e-08 -8.955681307621207177e-01
4.256252000000000121e-08 -6.299539817383282836e-01
4.257252999999999588e-08 -2.504845217133226387e-01
4.258253999999999717e-08 1.743378596475207709e-01
4.259254999999999847e-08 5.677318674961167044e-01
4.260255999999999976e-08 8.585133499234492982e-01
4.261257000000000105e-08 9.939871608713481965e-01
4.262257999999999572e-08 9.495180677007518666e-01
4.263258999999999702e-08 7.330385125946698999e-01
4.264259999999999831e-08 3.836634265866261106e-01
4.265260999999999960e-08 -3.535169350597279492e-02
4.266262000000000089e-08 -4.480463800475120717e-01
4.267262999999999557e-08 -7.795202165316421627e-01
4.268263999999999686e-08 -9.695338974176995750e-01
4.269264999999999815e-08 -9.834752465394792642e-01
4.270265999999999944e-08 -8.186905960009626115e-01
4.271267000000000073e-08 -5.050186150633019233e-01
4.272267999999999541e-08 -9.941480316606511602e-02
4.273268999999999670e-08 3.243700347276221030e-01
4.274269999999999799e-08 6.891905879185943329e-01
4.275270999999999929e-08 9.285538706139716547e-01
4.276272000000000058e-08 9.987538235031512279e-01
4.277272999999999525e-08 8.868764209056223535e-01
4.278273999999999654e-08 6.132046462902739359e-01
4.279274999999999784e-08 2.275702909589348566e-01
4.280275999999999913e-08 -1.996966469512403697e-01
4.281277000000000042e-08 -5.905814272134670695e-01
4.282277999999999509e-08 -8.736288115967607570e-01
4.283278999999999639e-08 -9.970174457861095130e-01
4.284279999999999768e-08 -9.380699547239640390e-01
4.285280999999999897e-08 -7.074494367075546686e-01
4.286282000000000026e-08 -3.472606485878858007e-01
4.287282999999999494e-08 7.661169875895101899e-02
4.288283999999999623e-08 4.865380665033184893e-01
4.289284999999999752e-08 8.073572185514358290e-01
4.290285999999999881e-08 9.801659029319534921e-01
4.291287000000000011e-08 9.731535777886602956e-01
4.292287999999999478e-08 7.874856249960555665e-01
4.293288999999999607e-08 4.571420019351876141e-01
4.294289999999999736e-08 4.272575617778421458e-02
4.295290999999999866e-08 -3.796355401196698787e-01
4.296291999999999995e-08 -7.322664959635528659e-01
4.297293000000000124e-08 -9.502341591114041863e-01
4.298293999999999591e-08 -9.933218800409631122e-01
4.299294999999999721e-08 -8.534756414354298659e-01
4.300295999999999850e-08 -5.563393930613704796e-01
4.301296999999999979e-08 -1.565814967189882168e-01
4.302298000000000108e-08 2.721413790358738205e-01
4.303298999999999576e-08 6.507445769133278768e-01
4.304299999999999705e-08 9.093056050365924126e-01
4.305300999999999834e-08 9.999921418609137858e-01
4.306301999999999963e-08 9.059350251958621092e-01
4.307303000000000093e-08 6.443958421065767439e-01
4.308303999999999560e-08 2.636289909956414101e-01
4.309304999999999689e-08 -1.659970179498806708e-01
4.310305999999999818e-08 -5.649899146579010489e-01
4.311306999999999948e-08 -8.594402779630554434e-01
4.312308000000000077e-08 -9.947239144032032909e-01
4.313308999999999544e-08 -9.456575986290187696e-01
4.314309999999999673e-08 -7.212159445441335137e-01
4.315310999999999803e-08 -3.629206538448065400e-01
4.316311999999999932e-08 6.281472956407123387e-02
4.317313000000000061e-08 4.769781172305508909e-01
4.318313999999999529e-08 8.026179287585910593e-01
4.319314999999999658e-08 9.791491460065363528e-01
4.320315999999999787e-08 9.736452079852350172e-01
4.321316999999999916e-08 7.870074660664343469e-01
4.322318000000000045e-08 4.538510995214120047e-01
4.323318999999999513e-08 3.611302008662613250e-02
4.324319999999999642e-08 -3.884431218832928301e-01
4.325320999999999771e-08 -7.406951597735430548e-01
4.326321999999999900e-08 -9.549134899654871944e-01
4.327323000000000030e-08 -9.910439168618071504e-01
4.328323999999999497e-08 -8.422237030874993868e-01
4.329324999999999626e-08 -5.361155321545884034e-01
4.330325999999999755e-08 -1.297947591501398268e-01
4.331326999999999885e-08 3.008706263209061094e-01
4.332328000000000014e-08 6.753753983867616384e-01
4.333328999999999481e-08 9.236287801945176623e-01
4.334329999999999611e-08 9.990878181032235572e-01
4.335330999999999740e-08 8.875087102342551493e-01
4.336331999999999869e-08 6.096659154925107016e-01
4.337332999999999998e-08 2.175144481319285783e-01
4.338334000000000127e-08 -2.155014706631366295e-01
4.339334999999999595e-08 -6.081901837667547106e-01
4.340335999999999724e-08 -8.868361690547503784e-01
4.341336999999999853e-08 -9.990510248314571351e-01
4.342337999999999982e-08 -9.236468862603718355e-01
4.343339000000000112e-08 -6.746670532198636439e-01
4.344339999999999579e-08 -2.988015494078749557e-01
4.345340999999999708e-08 1.333427592016340202e-01
4.346341999999999837e-08 5.404901002557481737e-01
4.347342999999999967e-08 8.459790722338237368e-01
4.348344000000000096e-08 9.922079145500500852e-01
4.349344999999999563e-08 9.515178745315410191e-01
4.350345999999999693e-08 7.314542209769412384e-01
4.351346999999999822e-08 3.733987460585442286e-01
4.352347999999999951e-08 -5.518468900256903037e-02
4.353349000000000080e-08 -4.734436607489552196e-01
4.354349999999999548e-08 -8.023848408322118431e-01
4.355350999999999677e-08 -9.798013270534264851e-01
4.356351999999999806e-08 -9.720572824923773281e-01
4.357352999999999935e-08 -7.804935416740553800e-01
4.358354000000000064e-08 -4.412289578548739266e-01
4.359354999999999532e-08 -1.837871734398712625e-02
4.360355999999999661e-08 4.080424996897633050e-01
4.361356999999999790e-08 7.572539602351712196e-01
4.362357999999999920e-08 9.630181472216019500e-01
4.363359000000000049e-08 9.862233581146808703e-01
4.364359999999999516e-08 8.223458994513261899e-01
4.365360999999999645e-08 5.023629455955321843e-01
4.366361999999999775e-08 8.692652039603573910e-02
4.367362999999999904e-08 -3.451113525724438524e-01
4.368364000000000033e-08 -7.116555381212236187e-01
4.369364999999999500e-08 -9.429715246273190354e-01
4.370365999999999630e-08 -9.949694768272355772e-01
4.371366999999999759e-08 -8.576348510950311255e-01
4.372367999999999888e-08 -5.569884665931051915e-01
4.373369000000000017e-08 -1.501866956155792354e-01
4.374369999999999485e-08 2.853214552737134979e-01
4.375370999999999614e-08 6.665278702136046007e-01
4.376371999999999743e-08 9.206888786927260870e-01
4.377372999999999872e-08 9.992220828566533708e-01
4.378374000000000002e-08 8.870187183066101655e-01
4.379375000000000131e-08 6.053816531331037698e-01
4.380375999999999598e-08 2.080119142891400097e-01
4.381376999999999727e-08 -2.292061739657740016e-01
4.382377999999999857e-08 -6.226829441762606887e-01
4.383378999999999986e-08 -8.971047961919542679e-01
4.384380000000000115e-08 -9.998635851680142128e-01
4.385380999999999582e-08 -9.111668277532818383e-01
4.386381999999999712e-08 -6.478810369996441665e-01
4.387382999999999841e-08 -2.603560631041466622e-01
4.388383999999999970e-08 1.771778603673921371e-01
4.389385000000000099e-08 5.808138437914391883e-01
4.390385999999999567e-08 8.730579331990310221e-01
4.391386999999999696e-08 9.977196201809993559e-01
4.392387999999999825e-08 9.307397036542102153e-01
4.393388999999999954e-08 6.848644380469374182e-01
4.394390000000000084e-08 3.072520811255376461e-01
4.395390999999999551e-08 -1.295451067169449966e-01
4.396391999999999680e-08 -5.415041343111930416e-01
4.397392999999999809e-08 -8.492910734697425301e-01
4.398393999999999939e-08 -9.935500509285688508e-01
4.399395000000000068e-08 -9.463729036386843152e-01
4.400395999999999535e-08 -7.167287720548101149e-01
4.401396999999999664e-08 -3.487915117370710139e-01
4.402397999999999794e-08 8.652974235483203158e-02
4.403398999999999923e-08 5.052384352870551432e-01
4.404400000000000052e-08 8.264535587369811198e-01
4.405400999999999520e-08 9.880430656022989311e-01
4.406401999999999649e-08 9.586641158970979903e-01
4.407402999999999778e-08 7.438727098589424935e-01
4.408403999999999907e-08 3.851060168045268850e-01
4.409405000000000036e-08 -4.828306401767010897e-02
4.410405999999999504e-08 -4.724135114156299831e-01
4.411406999999999633e-08 -8.051053843428542800e-01
4.412407999999999762e-08 -9.818117586939252295e-01
4.413408999999999891e-08 -9.681630972830833626e-01
4.414410000000000021e-08 -7.666820319267277917e-01
4.415410999999999488e-08 -4.163509803516443619e-01
4.416411999999999617e-08 1.490092202463367925e-02
4.417412999999999746e-08 4.433493293227658838e-01
4.418413999999999876e-08 7.857223387335813269e-01
4.419415000000000005e-08 9.753926175683599320e-01
4.420416000000000134e-08 9.753640213647323254e-01
4.421416999999999602e-08 7.855174656393719701e-01
4.422417999999999731e-08 4.426912376149534367e-01
4.423418999999999860e-08 1.356260665800872178e-02
4.424419999999999989e-08 -4.182996350400632890e-01
4.425421000000000118e-08 -7.687016520394258645e-01
4.426421999999999586e-08 -9.692453899328424827e-01
4.427422999999999715e-08 -9.806998164518972994e-01
4.428423999999999844e-08 -8.007047618195850536e-01
4.429424999999999973e-08 -4.642888998364648190e-01
4.430426000000000103e-08 -3.708313977109232995e-02
4.431426999999999570e-08 3.974617010712050424e-01
4.432427999999999699e-08 7.543677032851715536e-01
4.433428999999999828e-08 9.637538682356268094e-01
4.434429999999999958e-08 9.845381010863399895e-01
4.435431000000000087e-08 8.125267579941322094e-01
4.436431999999999554e-08 4.812932024841572454e-01
4.437432999999999684e-08 5.565561896740880282e-02
4.438433999999999813e-08 -3.809849725943215137e-01
4.439434999999999942e-08 -7.429774151176858910e-01
4.440436000000000071e-08 -9.592271916819378186e-01
4.441436999999999539e-08 -9.871783639690189238e-01
4.442437999999999668e-08 -8.212171843052190612e-01
4.443438999999999797e-08 -4.938322814574156450e-01
4.444439999999999926e-08 -6.928571047062248578e-02
4.445441000000000055e-08 3.689784096961220561e-01
4.446441999999999523e-08 7.347250378922943748e-01
4.447442999999999652e-08 9.559013325540649531e-01
4.448443999999999781e-08 9.888500832739085533e-01
4.449444999999999910e-08 8.269559901564591531e-01
4.450446000000000040e-08 5.020067749656457190e-01
4.451446999999999507e-08 7.798300664088492207e-02
4.452447999999999636e-08 -3.615163775756715103e-01
4.453448999999999766e-08 -7.297460910558490887e-01
4.454449999999999895e-08 -9.539404990912534466e-01
4.455451000000000024e-08 -9.897115339954212221e-01
4.456451999999999491e-08 -8.298660023527227869e-01
4.457452999999999621e-08 -5.058851550023359955e-01
4.458453999999999750e-08 -8.175603689487846715e-02
4.459454999999999879e-08 3.586429809331417307e-01
4.460456000000000008e-08 7.281202893113083441e-01
4.461456999999999476e-08 9.534382513565711204e-01
4.462457999999999605e-08 9.898490893662383883e-01
4.463458999999999734e-08 8.300107659233590951e-01
4.464459999999999863e-08 5.055007086625634694e-01
4.465460999999999992e-08 8.060908584271854471e-02
4.466462000000000122e-08 -3.603747742515912567e-01
4.467462999999999589e-08 -7.298733349507262602e-01
4.468463999999999718e-08 -9.544181889905218874e-01
4.469464999999999848e-08 -9.892768820010990893e-01
4.470465999999999977e-08 -8.273934646623758438e-01
4.471467000000000106e-08 -5.008501132001529355e-01
4.472467999999999573e-08 -7.454081358391249912e-02
4.473468999999999703e-08 3.667018086333573845e-01
4.474469999999999832e-08 7.349775073269626535e-01
4.475470999999999961e-08 9.568341306992516060e-01
4.476472000000000090e-08 9.879367512894935421e-01
4.477472999999999558e-08 8.219568677085417052e-01
4.478473999999999687e-08 4.918935770601811086e-01
4.479474999999999816e-08 6.354467507113646663e-02
4.480475999999999945e-08 -3.775870006653542776e-01
4.481477000000000074e-08 -7.433510273329047013e-01
4.482477999999999542e-08 -9.605697652915522466e-01
4.483478999999999671e-08 -9.856984650047800889e-01
4.484479999999999800e-08 -8.135842994683148977e-01
4.485480999999999930e-08 -4.785565496759679460e-01
4.486482000000000059e-08 -4.761113954018868222e-02
4.487482999999999526e-08 3.929638320257374251e-01
4.488483999999999655e-08 7.548562207602981244e-01
4.489484999999999785e-08 9.654378137788521830e-01
4.490485999999999914e-08 9.823602646298741359e-01
4.491487000000000043e-08 8.021016812498996673e-01
4.492487999999999510e-08 4.607330331388279632e-01
4.493488999999999640e-08 2.673171444258027815e-02
4.494489999999999769e-08 -4.127324127313111157e-01
4.495490999999999898e-08 -7.692965513784761900e-01
4.496492000000000027e-08 -9.711788022626128836e-01
4.497492999999999495e-08 -9.776498450587469691e-01
4.498493999999999624e-08 -7.872807425218707467e-01
4.499494999999999753e-08 -4.382905565437417161e-01
4.500495999999999882e-08 -9.047783597000650518e-04
4.501497000000000012e-08 4.367539686172326463e-01
4.502497999999999479e-08 7.864126442887280355e-01
4.503498999999999608e-08 9.774596067318844783e-01
4.504499999999999737e-08 9.712259395372595527e-01
4.505500999999999867e-08 7.688435460059788173e-01
4.506501999999999996e-08 4.110768963218087158e-01
4.507503000000000125e-08 -2.985677878200497168e-02
4.508503999999999592e-08 -4.648438472950226497e-01
4.509504999999999722e-08 -8.058774742072883912e-01
4.510505999999999851e-08 -9.838719939150476490e-01
4.511506999999999980e-08 -9.626807391107693457e-01
4.512508000000000109e-08 -7.464685119120429979e-01
4.513508999999999577e-08 -3.789286406045436206e-01
4.514509999999999706e-08 6.551612497297075455e-02
4.515510999999999835e-08 4.967631787362921658e-01
4.516511999999999964e-08 8.272909531079156720e-01
4.517513000000000094e-08 9.899314470151295842e-01
4.518513999999999561e-08 9.515434311962255309e-01
4.519514999999999690e-08 7.197981602383718425e-01
4.520515999999999819e-08 3.416816997425230484e-01
4.521516999999999949e-08 -1.060013084370928643e-01
4.522518000000000078e-08 -5.322093788400084069e-01
4.523518999999999545e-08 -8.501742180111097058e-01
4.524519999999999674e-08 -9.950766310092682421e-01
4.525520999999999804e-08 -9.372851923930715090e-01
4.526521999999999933e-08 -6.884488134775099688e-01
4.527523000000000062e-08 -2.991838555451886150e-01
4.528523999999999530e-08 1.511924177440803763e-01
4.529524999999999659e-08 5.708057485239228512e-01
4.530525999999999788e-08 8.739639929101902238e-01
4.531526999999999917e-08 9.986699179925088155e-01
4.532528000000000046e-08 9.193260138296270867e-01
4.533528999999999514e-08 6.520225121083996767e-01
4.534529999999999643e-08 2.513094153899769201e-01
4.535530999999999772e-08 -2.009072224205558088e-01
4.536531999999999901e-08 -6.120904981686696722e-01
4.537533000000000031e-08 -8.980074783962435081e-01
4.538533999999999498e-08 -9.999994567322444405e-01
4.539534999999999627e-08 -8.970437699801991904e-01
4.540535999999999756e-08 -6.101213882260524413e-01
4.541536999999999886e-08 -1.979759907949765196e-01
4.542538000000000015e-08 2.548855136980917035e-01
4.543538999999999482e-08 6.555056180842551150e-01
4.544539999999999612e-08 9.215583070029664814e-01
4.545540999999999741e-08 9.982833290769238532e-01
4.546541999999999870e-08 8.697859599151559484e-01
4.547542999999999999e-08 5.623647144341599180e-01
4.548543999999999467e-08 1.391633500854816408e-01
4.549544999999999596e-08 -3.127724624828627231e-01
4.550545999999999725e-08 -7.003861194865517170e-01
4.551546999999999854e-08 -9.437741890132190781e-01
4.552547999999999983e-08 -9.926763849035654674e-01
4.553549000000000113e-08 -8.368845484448184102e-01
4.554549999999999580e-08 -5.084087911841194130e-01
4.555550999999999709e-08 -7.493419837398361538e-02
4.556551999999999838e-08 3.741014304005815250e-01
4.557552999999999968e-08 7.459502855231423535e-01
4.558554000000000097e-08 9.637169584145417467e-01
4.559554999999999564e-08 9.822803814094271946e-01
4.560555999999999694e-08 7.976743078410513110e-01
4.561556999999999823e-08 4.479697513970965495e-01
4.562557999999999952e-08 5.456612741504471981e-03
4.563559000000000081e-08 -4.382768094849325835e-01
4.564559999999999549e-08 -7.912916948660009275e-01
4.565560999999999678e-08 -9.803558062314490229e-01
4.566561999999999807e-08 -9.661580649851521096e-01
4.567562999999999936e-08 -7.515150023528684997e-01
4.568564000000000065e-08 -3.808492418802923440e-01
4.569564999999999533e-08 6.897229538918343839e-02
4.570565999999999662e-08 5.045576248297484190e-01
4.571566999999999791e-08 8.353739061549242395e-01
4.572567999999999920e-08 9.925745512416285221e-01
4.573569000000000050e-08 9.433518166229326596e-01
4.574569999999999517e-08 6.978176606905401869e-01
4.575570999999999646e-08 3.069627826316125851e-01
4.576571999999999776e-08 -1.479021053695872556e-01
4.577572999999999905e-08 -5.720428084670324820e-01
4.578574000000000034e-08 -8.770288128419116980e-01
4.579574999999999501e-08 -9.991838368786069013e-01
4.580575999999999631e-08 -9.129074256849619706e-01
4.581576999999999760e-08 -6.360750390852987213e-01
4.582577999999999889e-08 -2.263704045496814365e-01
4.583579000000000018e-08 2.307050303863280860e-01
4.584579999999999486e-08 6.396592355611039338e-01
4.585580999999999615e-08 9.149597850507313890e-01
4.586581999999999744e-08 9.989391468847790279e-01
4.587582999999999873e-08 8.739034519492502318e-01
4.588584000000000002e-08 5.658961829424271617e-01
4.589584999999999470e-08 1.393089219182151728e-01
4.590585999999999599e-08 -3.165531495447881927e-01
4.591586999999999728e-08 -7.061537965065406430e-01
4.592587999999999858e-08 -9.477507956368146358e-01
4.593588999999999987e-08 -9.905654882886928414e-01
4.594590000000000116e-08 -8.254864718950652991e-01
4.595590999999999583e-08 -4.870447431490222967e-01
4.596591999999999713e-08 -4.622490933718639144e-02
4.597592999999999842e-08 4.043982580551597761e-01
4.598593999999999971e-08 7.700909481789274258e-01
4.599595000000000100e-08 9.738827667723120030e-01
4.600595999999999568e-08 9.727894844954838582e-01
4.601596999999999697e-08 7.669122723025930677e-01
4.602597999999999826e-08 3.994803905080113182e-01
4.603598999999999955e-08 -5.219287203457035479e-02
4.604600000000000084e-08 -4.929559285316076900e-01
4.605600999999999552e-08 -8.298573282434256182e-01
4.606601999999999681e-08 -9.917583536863968652e-01
4.607602999999999810e-08 -9.443794389720482352e-01
4.608603999999999940e-08 -6.975927438778931622e-01
4.609605000000000069e-08 -3.034022984064288497e-01
4.610605999999999536e-08 1.549832083210752887e-01
4.611606999999999665e-08 5.806956303427899257e-01
4.612607999999999795e-08 8.836751081881220049e-01
4.613608999999999924e-08 9.997362842101723546e-01
4.614610000000000053e-08 9.041936566765216288e-01
4.615610999999999520e-08 6.171478337594050734e-01
4.616611999999999650e-08 1.992932339861316071e-01
4.617612999999999779e-08 -2.608863058471620477e-01
4.618613999999999908e-08 -6.658389767809828053e-01
4.619615000000000037e-08 -9.296257800834351048e-01
4.620615999999999505e-08 -9.961761758215975648e-01
4.621616999999999634e-08 -8.512369330412866697e-01
4.622617999999999763e-08 -5.254614365100208628e-01
4.623618999999999892e-08 -8.796232183134958249e-02
4.624620000000000022e-08 3.683241467982970030e-01
4.625620999999999489e-08 7.463683352692321860e-01
4.626621999999999618e-08 9.656859924119132188e-01
4.627622999999999747e-08 9.794944352433303525e-01
4.628623999999999877e-08 7.847246291729582657e-01
4.629625000000000006e-08 4.227395423938112851e-01
4.630625999999999473e-08 -2.941596120369106143e-02
4.631626999999999602e-08 -4.753900037072226747e-01
4.632627999999999732e-08 -8.200481123398144501e-01
4.633628999999999861e-08 -9.897768430376503446e-01
4.634629999999999990e-08 -9.482313903159088619e-01
4.635631000000000119e-08 -7.041531424262132965e-01
4.636631999999999587e-08 -3.095683310122325782e-01
4.637632999999999716e-08 1.512695101049352786e-01
4.638633999999999845e-08 5.798500542921443124e-01
4.639634999999999974e-08 8.844609767300534164e-01
4.640636000000000104e-08 9.998276734556642564e-01
4.641636999999999571e-08 9.011291948348785219e-01
4.642637999999999700e-08 6.093748567473175060e-01
4.643638999999999829e-08 1.869692190451330838e-01
4.644639999999999959e-08 -2.756064613724252821e-01
4.645641000000000088e-08 -6.791601946043464011e-01
4.646641999999999555e-08 -9.370610714504550298e-01
4.647642999999999684e-08 -9.938548607914163835e-01
4.648643999999999814e-08 -8.372192760894366925e-01
4.649644999999999943e-08 -5.006748306151529437e-01
4.650646000000000072e-08 -5.644717589262952112e-02
4.651646999999999540e-08 4.000070335312411185e-01
4.652647999999999669e-08 7.705011473768391683e-01
4.653648999999999798e-08 9.752458489926868479e-01
4.654649999999999927e-08 9.700553505258419085e-01
4.655651000000000056e-08 7.559171639038211321e-01
4.656651999999999524e-08 3.788455785931260089e-01
4.657652999999999653e-08 -7.997204340128580280e-02
4.658653999999999782e-08 -5.216334285777964874e-01
4.659654999999999911e-08 -8.508347507429390166e-01
4.660656000000000041e-08 -9.964475050233690956e-01
4.661656999999999508e-08 -9.269137004470380248e-01
4.662657999999999637e-08 -6.571214648104792833e-01
4.663658999999999767e-08 -2.452553677794107045e-01
4.664659999999999896e-08 2.197206721715684041e-01
4.665661000000000025e-08 6.372619504543378666e-01
4.666661999999999492e-08 9.169838352761833233e-01
4.667662999999999622e-08 9.982440535203057630e-01
4.668663999999999751e-08 8.633202151738544883e-01
4.669664999999999880e-08 5.413125590289756817e-01
4.670666000000000009e-08 1.019045430985525413e-01
4.671666999999999477e-08 -3.596890458147886660e-01
4.672667999999999606e-08 -7.433412921160740261e-01
4.673668999999999735e-08 -9.657373023675162038e-01
4.674669999999999864e-08 -9.784888606239457998e-01
4.675670999999999993e-08 -7.786963596277456379e-01
4.676672000000000123e-08 -4.096453559444033776e-01
4.677672999999999590e-08 4.853640505948956380e-02
4.678673999999999719e-08 4.962525443482739829e-01
4.679674999999999849e-08 8.360803934929661452e-01
4.680675999999999978e-08 9.939808605759342663e-01
4.681677000000000107e-08 9.354559338519596867e-01
4.682677999999999574e-08 6.731220917412776839e-01
4.683678999999999704e-08 2.640292248770454431e-01
4.684679999999999833e-08 -2.027139122199600463e-01
4.685680999999999962e-08 -6.253306615412796976e-01
4.686682000000000091e-08 -9.115683077104498322e-01
4.687682999999999559e-08 -9.988523306901454513e-01
4.688683999999999688e-08 -8.679964710355335678e-01
4.689684999999999817e-08 -5.474581209799348480e-01
4.690685999999999946e-08 -1.071871272401080377e-01
4.691687000000000075e-08 3.566107052100627173e-01
4.692687999999999543e-08 7.424828590882694979e-01
4.693688999999999672e-08 9.659270727901388964e-01
4.694689999999999801e-08 9.779184911030702754e-01
4.695690999999999931e-08 7.757001648348799128e-01
4.696692000000000060e-08 4.034544842098274908e-01
4.697692999999999527e-08 -5.731485540580061322e-02
4.698693999999999656e-08 -5.056044408732834894e-01
4.699694999999999786e-08 -8.430446823747922425e-01
4.700695999999999915e-08 -9.954966323840261921e-01
4.701697000000000044e-08 -9.293681326739456905e-01
4.702697999999999511e-08 -6.590526282203269526e-01
4.703698999999999641e-08 -2.438353733505360110e-01
4.704699999999999770e-08 2.250768217138301441e-01
4.705700999999999899e-08 6.445718398770807767e-01
4.706702000000000028e-08 9.223058102519312573e-01
4.707702999999999496e-08 9.970483765873703330e-01
4.708703999999999625e-08 8.522133998949147360e-01
4.709704999999999754e-08 5.195781921666713377e-01
4.710705999999999883e-08 7.234902376426606552e-02
4.711707000000000013e-08 -3.909222399674356363e-01
4.712707999999999480e-08 -7.680430721768247704e-01
4.713708999999999609e-08 -9.757292346174968323e-01
4.714709999999999738e-08 -9.680209228776167629e-01
4.715710999999999868e-08 -7.464887384249645486e-01
4.716711999999999997e-08 -3.599554139405351516e-01
4.717712999999999464e-08 1.062291181164663478e-01
4.718713999999999593e-08 5.490111660963403750e-01
4.719714999999999723e-08 8.704088739155856347e-01
4.720715999999999852e-08 9.992076111958275719e-01
4.721716999999999981e-08 9.067684266471953691e-01
4.722718000000000110e-08 6.134340323109280790e-01
4.723718999999999578e-08 1.840911530050416411e-01
4.724719999999999707e-08 -2.861515610199105719e-01
4.725720999999999836e-08 -6.930157870538239395e-01
4.726721999999999965e-08 -9.461797237655906745e-01
4.727723000000000095e-08 -9.893490475157882269e-01
4.728723999999999562e-08 -8.128081695731349532e-01
4.729724999999999691e-08 -4.556460435913605167e-01
4.730725999999999820e-08 2.861709736908128743e-03
4.731726999999999950e-08 4.608227261758994220e-01
4.732728000000000079e-08 8.163616889111405817e-01
4.733728999999999546e-08 9.902923782987351764e-01
4.734729999999999675e-08 9.437803335146637274e-01
4.735730999999999805e-08 6.870506693352719241e-01
4.736731999999999934e-08 2.771803674191153366e-01
4.737733000000000063e-08 -1.945576216946405812e-01
4.738733999999999531e-08 -6.229997981985851974e-01
4.739734999999999660e-08 -9.125342207227327140e-01
4.740735999999999789e-08 -9.984542438337619119e-01
4.741736999999999918e-08 -8.614511038404784049e-01
4.742738000000000047e-08 -5.319924139434550892e-01
4.743738999999999515e-08 -8.358514051089521724e-02
4.744739999999999644e-08 3.835959886796063145e-01
4.745740999999999773e-08 7.650748522451250588e-01
4.746741999999999902e-08 9.754441749911235693e-01
4.747743000000000032e-08 9.675106356751989045e-01
4.748743999999999499e-08 7.429179814222661715e-01
4.749744999999999628e-08 3.518489514066093227e-01
4.750745999999999757e-08 -1.181519290586864890e-01
4.751746999999999887e-08 -5.617532387194283938e-01
4.752748000000000016e-08 -8.794374695811111309e-01
4.753748999999999483e-08 -9.998408575431224632e-01
4.754749999999999613e-08 -8.958142586045976241e-01
4.755750999999999742e-08 -5.905838265206982962e-01
4.756751999999999871e-08 -1.526049228576365768e-01
4.757753000000000000e-08 3.197596286553484046e-01
4.758753999999999468e-08 7.203146571104369622e-01
4.759754999999999597e-08 9.589104639855505763e-01
4.760755999999999726e-08 9.817537408729897219e-01
4.761756999999999855e-08 7.835706838448308620e-01
4.762757999999999984e-08 4.088643360529980453e-01
4.763759000000000114e-08 -5.804179378302892073e-02
4.764759999999999581e-08 -5.119547916865324622e-01
4.765760999999999710e-08 -8.505046685451829180e-01
4.766761999999999839e-08 -9.972435211186316817e-01
4.767762999999999969e-08 -9.189367172769551395e-01
4.768764000000000098e-08 -6.331287800718923275e-01
4.769764999999999565e-08 -2.042530055774363640e-01
4.770765999999999695e-08 2.708618849153192065e-01
4.771766999999999824e-08 6.848354378045162782e-01
4.772767999999999953e-08 9.440058098400845310e-01
4.773769000000000082e-08 9.896408816634072458e-01
4.774769999999999550e-08 8.112820979026788004e-01
4.775770999999999679e-08 4.491816777262664928e-01
4.776771999999999808e-08 -1.474349174525802636e-02
4.777772999999999937e-08 -4.754170226149569967e-01
4.778774000000000066e-08 -8.283930025206113212e-01
4.779774999999999534e-08 -9.935467213063186032e-01
4.780775999999999663e-08 -9.332902722276888996e-01
4.781776999999999792e-08 -6.611657153723570213e-01
4.782777999999999921e-08 -2.388426822931578042e-01
4.783779000000000051e-08 2.378235473468638117e-01
4.784779999999999518e-08 6.605293418104419834e-01
4.785780999999999647e-08 9.331303767558275508e-01
4.786781999999999777e-08 9.935286276909021108e-01
4.787782999999999906e-08 8.278519242643035403e-01
4.788784000000000035e-08 4.736806923437505978e-01
4.789784999999999502e-08 1.156239326995482826e-02
4.790785999999999632e-08 -4.532792715511396175e-01
4.791786999999999761e-08 -8.148932775294731590e-01
4.792787999999999890e-08 -9.907599618274239850e-01
4.793789000000000019e-08 -9.406488020957283203e-01
4.794789999999999487e-08 -6.758597447903182953e-01
4.795790999999999616e-08 -2.567166261566394270e-01
4.796791999999999745e-08 2.211411519980248375e-01
4.797792999999999874e-08 6.485615039029122286e-01
4.798794000000000003e-08 9.278113217395057566e-01
4.799794999999999471e-08 9.949424665464968731e-01
4.800795999999999600e-08 8.344695095290001197e-01
4.801796999999999729e-08 4.829826930752798564e-01
4.802797999999999859e-08 2.084408855866909036e-02
4.803798999999999988e-08 -4.461576737080703015e-01
4.804799999999999455e-08 -8.110127355040355202e-01
4.805800999999999584e-08 -9.900195622789242922e-01
4.806801999999999714e-08 -9.420138598623944981e-01
4.807802999999999843e-08 -6.778732562078420010e-01
4.808803999999999972e-08 -2.580944214901070843e-01
4.809805000000000101e-08 2.210277067409066043e-01
4.810805999999999569e-08 6.494692561852005719e-01
4.811806999999999698e-08 9.287420511127354450e-01
4.812807999999999827e-08 9.945523128137806479e-01
4.813808999999999956e-08 8.316362171648783441e-01
4.814810000000000085e-08 4.773413360421867591e-01
4.815810999999999553e-08 1.310444092889010044e-02
4.816811999999999682e-08 -4.542388967813043021e-01
4.817812999999999811e-08 -8.170298946559830799e-01
4.818813999999999941e-08 -9.915966780278013815e-01
4.819815000000000070e-08 -9.375792767008493955e-01
4.820815999999999537e-08 -6.672999114644611041e-01
4.821816999999999666e-08 -2.429942097694781922e-01
4.822817999999999796e-08 2.374845742443614238e-01
4.823818999999999925e-08 6.632126550988026725e-01
4.824820000000000054e-08 9.358035113389274740e-01
4.825820999999999521e-08 9.921646793991141244e-01
4.826821999999999651e-08 8.191354603513092414e-01
4.827822999999999780e-08 4.566016057619793900e-01
4.828823999999999909e-08 -1.165943153035461227e-02
4.829825000000000038e-08 -4.773106943975767846e-01
4.830825999999999506e-08 -8.325108369160287847e-01
4.831826999999999635e-08 -9.948999686333497294e-01
4.832827999999999764e-08 -9.267248436664974331e-01
4.833828999999999893e-08 -6.436557112173456607e-01
4.834830000000000023e-08 -2.112266657543776516e-01
4.835830999999999490e-08 2.703019624422838274e-01
4.836831999999999619e-08 6.891706131582411299e-01
4.837832999999999748e-08 9.480603760225387866e-01
4.838833999999999878e-08 9.867247565147237998e-01
4.839835000000000007e-08 7.960454542987129845e-01
4.840835999999999474e-08 4.202246560820329102e-01
4.841836999999999603e-08 -5.342249331866427697e-02
4.842837999999999733e-08 -5.147272498172842381e-01
4.843838999999999862e-08 -8.562840486786431615e-01
4.844839999999999991e-08 -9.984701539279542404e-01
4.845840999999999459e-08 -9.080371317519612129e-01
4.846841999999999588e-08 -6.059262129674801711e-01
4.847842999999999717e-08 -1.624611442945775308e-01
4.848843999999999846e-08 3.189880066840721229e-01
4.849844999999999975e-08 7.260830561907632985e-01
4.850846000000000105e-08 9.637333519573765273e-01
4.851846999999999572e-08 9.763303518436899919e-01
4.852847999999999701e-08 7.607968310895850683e-01
4.853848999999999830e-08 3.673799729814928861e-01
4.854849999999999960e-08 -1.120242677011313581e-01
4.855851000000000089e-08 -5.653116159407981511e-01
4.856851999999999556e-08 -8.863783294793990963e-01
4.857852999999999685e-08 -9.999724794540091333e-01
4.858853999999999815e-08 -8.793636382715493971e-01
4.859854999999999944e-08 -5.526745733240248093e-01
4.860856000000000073e-08 -9.636557409105044048e-02
4.861856999999999541e-08 3.826289529327498995e-01
4.862857999999999670e-08 7.719457275535436258e-01
4.863858999999999799e-08 9.801572491673722354e-01
4.864859999999999928e-08 9.582683018806193997e-01
4.865861000000000057e-08 7.112840975811970390e-01
4.866861999999999525e-08 2.971097123668010598e-01
4.867862999999999654e-08 -1.869884327092764253e-01
4.868863999999999783e-08 -6.272025049053638890e-01
4.869864999999999912e-08 -9.199361164589379136e-01
4.870866000000000042e-08 -9.962019480836259433e-01
4.871866999999999509e-08 -8.379141457852943287e-01
4.872867999999999638e-08 -4.822197700714716539e-01
4.873868999999999767e-08 -1.282219018606704959e-02
4.874869999999999897e-08 4.596867488366032095e-01
4.875871000000000026e-08 8.238714577374877113e-01
4.876871999999999493e-08 9.937432981732260417e-01
4.877872999999999623e-08 9.290922651671196242e-01
4.878873999999999752e-08 6.450456142784316560e-01
4.879874999999999881e-08 2.085717212688299182e-01
4.880876000000000010e-08 -2.772733667825038606e-01
4.881876999999999478e-08 -6.976593280622666038e-01
4.882877999999999607e-08 -9.531233974382995466e-01
4.883878999999999736e-08 -9.831249706735727401e-01
4.884879999999999865e-08 -7.804297183076424060e-01
4.885880999999999994e-08 -3.928969519855036729e-01
4.886881999999999462e-08 8.778086921757498329e-02
4.887882999999999591e-08 5.477466123269159048e-01
4.888883999999999720e-08 8.779406367139251932e-01
4.889884999999999849e-08 9.999735253434945959e-01
4.890885999999999979e-08 8.847681498337006678e-01
4.891887000000000108e-08 5.595301969384198770e-01
4.892887999999999575e-08 1.013662934043710329e-01
4.893888999999999705e-08 -3.809635377453448601e-01
4.894889999999999834e-08 -7.728485854662892063e-01
4.895890999999999963e-08 -9.810673990521411314e-01
4.896892000000000092e-08 -9.559893285194767110e-01
4.897892999999999560e-08 -7.034440296189953257e-01
4.898893999999999689e-08 -2.834109412315138354e-01
4.899894999999999818e-08 2.041880976694726568e-01
4.900895999999999947e-08 6.432368406844439779e-01
4.901897000000000076e-08 9.290745626269769630e-01
4.902897999999999544e-08 9.934643467837215303e-01
4.903898999999999673e-08 8.209186845559892642e-01
4.904899999999999802e-08 4.524680877227630349e-01
4.905900999999999931e-08 -2.405435804383594320e-02
4.906902000000000061e-08 -4.949220188185712854e-01
4.907902999999999528e-08 -8.476468422727332364e-01
4.908903999999999657e-08 -9.978639967200507721e-01
4.909904999999999787e-08 -9.095408407682867846e-01
4.910905999999999916e-08 -6.036620838554453972e-01
4.911907000000000045e-08 -1.532878041425221050e-01
4.912907999999999512e-08 3.338625218328470368e-01
4.913908999999999642e-08 7.411567478019643884e-01
4.914909999999999771e-08 9.709778709160188370e-01
4.915910999999999900e-08 9.681446406020368656e-01
4.916912000000000029e-08 7.331999957779410382e-01
4.917912999999999497e-08 3.223580061025405619e-01
4.918913999999999626e-08 -1.659070911380302327e-01
4.919914999999999755e-08 -6.144397841640439895e-01
4.920915999999999884e-08 -9.155102167948268033e-01
4.921917000000000013e-08 -9.967069218018446142e-01
4.922917999999999481e-08 -8.383878451643889118e-01
4.923918999999999610e-08 -4.784756485755666255e-01
4.924919999999999739e-08 -3.416332912973531633e-03
4.925920999999999869e-08 4.725535230346744053e-01
4.926921999999999998e-08 8.348658483855876389e-01
4.927922999999999465e-08 9.962088866705227641e-01
4.928923999999999594e-08 9.175980962666547835e-01
4.929924999999999724e-08 6.178379411568790669e-01
4.930925999999999853e-08 1.690681202682361994e-01
4.931926999999999982e-08 -3.205618779635309723e-01
4.932928000000000111e-08 -7.329375765564333234e-01
4.933928999999999579e-08 -9.684759638815153560e-01
4.934929999999999708e-08 -9.701977378353595638e-01
4.935930999999999837e-08 -7.375505419862672385e-01
4.936931999999999966e-08 -3.266202667941135451e-01
4.937933000000000096e-08 1.633502782175763612e-01
4.938933999999999563e-08 6.139045108551178798e-01
4.939934999999999692e-08 9.160066085748279630e-01
4.940935999999999821e-08 9.964465871794521146e-01
4.941936999999999951e-08 8.356171487202211923e-01
4.942938000000000080e-08 4.723372173171190846e-01
4.943938999999999547e-08 -5.474913174930890608e-03
4.944939999999999676e-08 -4.820483879008088390e-01
4.945940999999999806e-08 -8.417994032470259569e-01
4.946941999999999935e-08 -9.973751621377768828e-01
4.947943000000000064e-08 -9.108952226569516641e-01
4.948943999999999531e-08 -6.032176351673776971e-01
4.949944999999999661e-08 -1.489529829044900500e-01
4.950945999999999790e-08 3.415929350339699244e-01
4.951946999999999919e-08 7.491862200395906779e-01
4.952948000000000048e-08 9.746507557866257443e-01
4.953948999999999516e-08 9.630253383879323614e-01
4.954949999999999645e-08 7.170017814244198373e-01
4.955950999999999774e-08 2.963486606580224003e-01
4.956951999999999903e-08 -1.965692918574478698e-01
4.957953000000000033e-08 -6.416775180619257446e-01
4.958953999999999500e-08 -9.304393362984290095e-01
4.959954999999999629e-08 -9.923415209445545226e-01
4.960955999999999758e-08 -8.121499166067283060e-01
4.961956999999999888e-08 -4.337034806869070058e-01
4.962958000000000017e-08 5.070876150673459676e-02
4.963958999999999484e-08 5.228241868152853078e-01
4.964959999999999614e-08 8.672696980566834135e-01
4.965960999999999743e-08 9.997694598177407910e-01
4.966961999999999872e-08 8.877974707513034414e-01
4.967963000000000001e-08 5.586059478495690733e-01
4.968963999999999469e-08 9.263730699725633566e-02
4.969964999999999598e-08 -3.960987925845663726e-01
4.970965999999999727e-08 -7.879050122212419849e-01
4.971966999999999856e-08 -9.867187710583995575e-01
4.972967999999999985e-08 -9.436927139523252350e-01
4.973968999999999453e-08 -6.692381365416688599e-01
4.974969999999999582e-08 -2.305518749876669382e-01
4.975970999999999711e-08 2.647976981559884702e-01
4.976971999999999840e-08 6.952256497640966204e-01
4.977972999999999970e-08 9.549746041247583195e-01
4.978974000000000099e-08 9.801223720492802105e-01
4.979974999999999566e-08 7.643518330623788604e-01
4.980975999999999696e-08 3.605830521848414905e-01
4.981976999999999825e-08 -1.319643441672185280e-01
4.982977999999999954e-08 -5.921259430814475033e-01
4.983979000000000083e-08 -9.065929373520208445e-01
4.984979999999999551e-08 -9.978301436954650772e-01
4.985980999999999680e-08 -8.432287924810386581e-01
4.986981999999999809e-08 -4.807542536862438043e-01
4.987982999999999938e-08 3.330201247533216662e-04
4.988984000000000067e-08 4.814264607835746501e-01
4.989984999999999535e-08 8.438029399297451993e-01
4.990985999999999664e-08 9.979324528539875727e-01
4.991986999999999793e-08 9.056293599354963142e-01
4.992987999999999922e-08 5.895568566950882827e-01
4.993989000000000052e-08 1.277082839998525954e-01
4.994989999999999519e-08 -3.658024245898320870e-01
4.995990999999999648e-08 -7.689188503212165404e-01
4.996991999999999778e-08 -9.818350743836208316e-01
4.997992999999999907e-08 -9.517333938273371263e-01
4.998994000000000036e-08 -6.859286671886106745e-01
4.999994999999999503e-08 -2.501378795442007474e-01
5.000995999999999633e-08 0.000000000000000000e+00
5.001996999999999762e-08 2.489820910633271656e-01
5.002997999999999891e-08 4.823705788806903483e-01
5.003999000000000020e-08 6.854266737644816310e-01
5.004999999999999488e-08 8.452970117679120543e-01
5.006000999999999617e-08 9.518309272149854117e-01
5.007001999999999746e-08 9.982297602176551932e-01
5.008002999999999875e-08 9.814863728986408242e-01
5.009004000000000004e-08 9.025861197039998229e-01
5.010004999999999472e-08 7.664554898787236947e-01
5.011005999999999601e-08 5.816605766910909470e-01
5.012006999999999730e-08 3.598734228175874406e-01
5.013007999999999860e-08 1.151391339708792150e-01
5.014008999999999989e-08 -1.370105078129927045e-01
5.015009999999999456e-08 -3.805411946500294462e-01
5.016010999999999585e-08 -5.999357560165146097e-01
5.017011999999999715e-08 -7.811844988358384034e-01
5.018012999999999844e-08 -9.126829248568812947e-01
5.019013999999999973e-08 -9.859791128119427261e-01
5.020015000000000102e-08 -9.963223610021262333e-01
5.021015999999999570e-08 -9.429771449699655417e-01
5.022016999999999699e-08 -8.292812785446378454e-01
5.023017999999999828e-08 -6.624434405613190968e-01
5.024018999999999957e-08 -4.530919103478039389e-01
5.025020000000000086e-08 -2.146023751374264710e-01
5.026020999999999554e-08 3.775300119834537615e-02
5.027021999999999683e-08 2.877813583195847347e-01
5.028022999999999812e-08 5.194075743108537146e-01
5.029023999999999942e-08 7.177088100241942881e-01
5.030025000000000071e-08 8.698785266460834498e-01
5.031025999999999538e-08 9.660575439313674462e-01
5.032026999999999667e-08 9.999779624775382292e-01
5.033027999999999797e-08 9.693775757562290707e-01
5.034028999999999926e-08 8.761570075486876386e-01
5.035030000000000055e-08 7.262683019992910438e-01
5.036030999999999522e-08 5.293410120250864326e-01
5.037031999999999652e-08 2.980688611474841543e-01
5.038032999999999781e-08 4.739568817844286991e-02
5.039033999999999910e-08 -2.064473999459437437e-01
5.040035000000000039e-08 -4.469918187114333419e-01
5.041035999999999507e-08 -6.586004277356427572e-01
5.042036999999999636e-08 -8.274861813812410816e-01
5.043037999999999765e-08 -9.426140223723959988e-01
5.044038999999999894e-08 -9.964267954684910000e-01
5.045040000000000024e-08 -9.853471234630558628e-01
5.046040999999999491e-08 -9.100215530363072736e-01
5.047041999999999620e-08 -7.752899269251234404e-01
5.048042999999999749e-08 -5.898807990682684022e-01
5.049043999999999879e-08 -3.658516212210051188e-01
5.050045000000000008e-08 -1.178092213709577007e-01
5.051045999999999475e-08 1.380393408980103154e-01
5.052046999999999604e-08 3.849440884650338068e-01
5.053047999999999734e-08 6.067087512505986435e-01
5.054048999999999863e-08 7.887549127672710547e-01
5.055049999999999992e-08 9.190836583007673255e-01
5.056050999999999460e-08 9.890710854366030480e-01
5.057051999999999589e-08 9.940446424217476151e-01
5.058052999999999718e-08 9.336014181906155951e-01
5.059053999999999847e-08 8.116463104846391996e-01
5.060054999999999976e-08 6.361463549067949419e-01
5.061055999999999444e-08 4.186162068807396941e-01
5.062056999999999573e-08 1.733675970227288310e-01
5.063057999999999702e-08 -8.342865585934895745e-02
5.064058999999999831e-08 -3.348068474737138644e-01
5.065059999999999961e-08 -5.641269161988955450e-01
5.066061000000000090e-08 -7.561773220109522242e-01
5.067061999999999557e-08 -8.981870974036931798e-01
5.068062999999999686e-08 -9.806795472137822545e-01
5.069063999999999816e-08 -9.981102463416159365e-01
5.070064999999999945e-08 -9.492460266970125238e-01
5.071066000000000074e-08 -8.372586489587938718e-01
5.072066999999999542e-08 -6.695257087030549448e-01
5.073067999999999671e-08 -4.571507864692472833e-01
5.074068999999999800e-08 -2.142336241497999616e-01
5.075069999999999929e-08 4.306206123381629142e-02
5.076071000000000058e-08 2.975817671680446308e-01
5.077071999999999526e-08 5.323233108245716272e-01
5.078072999999999655e-08 7.315737297404218964e-01
5.079073999999999784e-08 8.819638900094807221e-01
5.080074999999999913e-08 9.733698414657249165e-01
5.081076000000000043e-08 9.995998721269843124e-01
5.082076999999999510e-08 9.588202788693456213e-01
5.083077999999999639e-08 8.536901711136648530e-01
5.084078999999999768e-08 6.911950183265823666e-01
5.085079999999999898e-08 4.821888502684192890e-01
5.086081000000000027e-08 2.406746674690277976e-01
5.087081999999999494e-08 -1.712960824563724074e-02
5.088082999999999624e-08 -2.738776271434693044e-01
5.089083999999999753e-08 -5.122609434424613140e-01
5.090084999999999882e-08 -7.161768291147454502e-01
5.091086000000000011e-08 -8.718187205697833786e-01
5.092086999999999479e-08 -9.686152828866323450e-01
5.093087999999999608e-08 -9.999539442210113593e-01
5.094088999999999737e-08 -9.636390201340993000e-01
5.095089999999999866e-08 -8.620522761016828905e-01
5.096090999999999995e-08 -7.020037870117412648e-01
5.097091999999999463e-08 -4.942819022024562137e-01
5.098092999999999592e-08 -2.529315970814988157e-01
5.099093999999999721e-08 5.690906769273854603e-03
5.100094999999999850e-08 2.640239191222037429e-01
5.101095999999999980e-08 5.044918915446489072e-01
5.102096999999999447e-08 7.107020788664225597e-01
5.103097999999999576e-08 8.685647228229219641e-01
5.104098999999999706e-08 9.672600389095841189e-01
5.105099999999999835e-08 9.999853621006445925e-01
5.106100999999999964e-08 9.644304924463258377e-01
5.107102000000000093e-08 8.629476036228707070e-01
5.108102999999999561e-08 7.024028062560522256e-01
5.109103999999999690e-08 4.937181894733237431e-01
5.110104999999999819e-08 2.511344159090181383e-01
5.111105999999999948e-08 -8.756743340567285303e-03
5.112107000000000077e-08 -2.681445145953916254e-01
5.113107999999999545e-08 -5.092188174869739514e-01
5.114108999999999674e-08 -7.153940977364784404e-01
5.115109999999999803e-08 -8.724531450529062759e-01
5.116110999999999932e-08 -9.695318345923824577e-01
5.117112000000000062e-08 -9.998762963402351156e-01
5.118112999999999529e-08 -9.613193654405381983e-01
5.119113999999999658e-08 -8.564422698464444483e-01
5.120114999999999788e-08 -6.924090748824355268e-01
5.121115999999999917e-08 -4.804839531813797082e-01
5.122117000000000046e-08 -2.352633299118882526e-01
5.123117999999999513e-08 2.632515780171990061e-02
5.124118999999999643e-08 2.861885429858609942e-01
5.125119999999999772e-08 5.263191461121614623e-01
5.126120999999999901e-08 7.300435484717400225e-01
5.127122000000000030e-08 8.831832300079672793e-01
5.128122999999999498e-08 9.750458879727725847e-01
5.129123999999999627e-08 9.991778233058247194e-01
5.130124999999999756e-08 9.538240601392162787e-01
5.131125999999999885e-08 8.420629484851162028e-01
5.132127000000000014e-08 6.716045159402022069e-01
5.133127999999999482e-08 4.542652266265713168e-01
5.134128999999999611e-08 2.051544476749025958e-01
5.135129999999999740e-08 -5.837177088990389007e-02
5.136130999999999870e-08 -3.179174623103868669e-01
5.137131999999999999e-08 -5.553303318026004964e-01
5.138132999999999466e-08 -7.539726558005169776e-01
5.139133999999999595e-08 -8.998904284888877836e-01
5.140134999999999725e-08 -9.827983870661795018e-01
5.141135999999999854e-08 -9.968110582829642352e-01
5.142136999999999983e-08 -9.408674552766295163e-01
5.143137999999999450e-08 -8.188183188500823828e-01
5.144138999999999580e-08 -6.391683700635780729e-01
5.145139999999999709e-08 -4.144902772970192051e-01
5.146140999999999838e-08 -1.605502382259608729e-01
5.147141999999999967e-08 1.047944061143738087e-01
5.148143000000000096e-08 3.628487360784288240e-01
5.149143999999999564e-08 5.953971629214636074e-01
5.150144999999999693e-08 7.859909453641203969e-01
5.151145999999999822e-08 9.211151991291615104e-01
5.152146999999999952e-08 9.911523632297163378e-01
5.153148000000000081e-08 9.910730883295540972e-01
5.154148999999999548e-08 9.208044836385140819e-01
5.155149999999999677e-08 7.852482862543110897e-01
5.156150999999999807e-08 5.939462184670135647e-01
5.157151999999999936e-08 3.604148335466905717e-01
5.158153000000000065e-08 1.011957420459380780e-01
5.159153999999999532e-08 -1.653124282560841374e-01
5.160154999999999662e-08 -4.201581311235330074e-01
5.161155999999999791e-08 -6.451847623438828894e-01
5.162156999999999920e-08 -8.243264166111081703e-01
5.163158000000000049e-08 -9.447589243700106332e-01
5.164158999999999517e-08 -9.978234297704046130e-01
5.165159999999999646e-08 -9.796556138452419127e-01
5.166160999999999775e-08 -8.914743807956255761e-01
5.167161999999999904e-08 -7.395079589750888083e-01
5.168163000000000034e-08 -5.345612157490149396e-01
5.169163999999999501e-08 -2.912537058481904917e-01
5.170164999999999630e-08 -2.698172114347879846e-02
5.171165999999999759e-08 2.393223306502153258e-01
5.172166999999999889e-08 4.885449838637000997e-01
5.173168000000000018e-08 7.027643245016231832e-01
5.174168999999999485e-08 8.665415347964218196e-01
5.175169999999999614e-08 9.680381109115748783e-01
5.176170999999999744e-08 9.998775933438251995e-01
5.177171999999999873e-08 9.596886677805460675e-01
5.178173000000000002e-08 8.502891671380129468e-01
5.179173999999999470e-08 6.794962261487642596e-01
5.180174999999999599e-08 4.595747695263888710e-01
5.181175999999999728e-08 2.063627143248398244e-01
5.182176999999999857e-08 -6.186516337258065462e-02
5.183177999999999986e-08 -3.257135308719709132e-01
5.184178999999999454e-08 -5.660683602912591761e-01
5.185179999999999583e-08 -7.654830794611088285e-01
5.186180999999999712e-08 -9.094483935701929145e-01
5.187181999999999841e-08 -9.874531187686497180e-01
5.188182999999999971e-08 -9.937581058089284269e-01
5.189184000000000100e-08 -9.278258167203377038e-01
5.190184999999999567e-08 -7.943728960070769451e-01
5.191185999999999696e-08 -6.030403724678188304e-01
5.192186999999999826e-08 -3.677039650609756349e-01
5.193187999999999955e-08 -1.054733193843392369e-01
5.194189000000000084e-08 1.645480625485919446e-01
5.195189999999999552e-08 4.226526143244396794e-01
5.196190999999999681e-08 6.499672606443240852e-01
5.197191999999999810e-08 8.298357260841431327e-01
5.198192999999999939e-08 9.490431990155216990e-01
5.199194000000000068e-08 9.987930124914780050e-01
5.200194999999999536e-08 9.753627475186120721e-01
5.201195999999999665e-08 8.803903317089020186e-01
5.202196999999999794e-08 7.207676309283587157e-01
5.203197999999999923e-08 5.081477585520371987e-01
5.204199000000000053e-08 2.581007553421243994e-01
5.205199999999999520e-08 -1.102167093920508600e-02
5.206200999999999649e-08 -2.794299455295101708e-01
5.207201999999999778e-08 -5.273508057183889930e-01
5.208202999999999908e-08 -7.364850896639880684e-01
5.209204000000000037e-08 -8.913615882766425802e-01
5.210204999999999504e-08 -9.804865738694961141e-01
5.211205999999999634e-08 -9.972032379767105104e-01
5.212206999999999763e-08 -9.401963132055600747e-01
5.213207999999999892e-08 -8.136031029253856239e-01
5.214209000000000021e-08 -6.267211066332071256e-01
5.215209999999999489e-08 -3.933322798594048875e-01
5.216210999999999618e-08 -1.306924966927610621e-01
5.217211999999999747e-08 1.417401356869094631e-01
5.218212999999999876e-08 4.037447124637538187e-01
5.219214000000000005e-08 6.358384041674788323e-01
5.220214999999999473e-08 8.207273778788716223e-01
5.221215999999999602e-08 9.445995650138447886e-01
5.222216999999999731e-08 9.981623402445267690e-01
5.223217999999999860e-08 9.773467312197375856e-01
5.224218999999999990e-08 8.836242836954820712e-01
5.225219999999999457e-08 7.239113687723904844e-01
5.226220999999999586e-08 5.100664223103665851e-01
5.227221999999999716e-08 2.580160680054081612e-01
5.228222999999999845e-08 -1.342598595656795471e-02
5.229223999999999974e-08 -2.839600792457809275e-01
5.230224999999999441e-08 -5.333176622416579971e-01
5.231225999999999571e-08 -7.427810036155726436e-01
5.232226999999999700e-08 -8.965915208238149914e-01
5.233227999999999829e-08 -9.831405346639850995e-01
5.234228999999999958e-08 -9.958520962038973634e-01
5.235230000000000087e-08 -9.336902635831221264e-01
5.236230999999999555e-08 -8.012511492846338124e-01
5.237231999999999684e-08 -6.084311430039623936e-01
5.238232999999999813e-08 -3.696946175409155932e-01
5.239233999999999943e-08 -1.029947437397177729e-01
5.240235000000000072e-08 1.715725231313889043e-01
5.241235999999999539e-08 4.332806901957712009e-01
5.242236999999999668e-08 6.623375708443786092e-01
5.243237999999999798e-08 8.413845739242895583e-01
5.244238999999999927e-08 9.568166906415424000e-01
5.245240000000000056e-08 9.998224769795708289e-01
5.246240999999999523e-08 9.670640804185370865e-01
5.247241999999999653e-08 8.609442894786675238e-01
5.248242999999999782e-08 6.894386865403359099e-01
5.249243999999999911e-08 4.655039210518395199e-01
5.250245000000000040e-08 2.061053985024257351e-01
5.251245999999999508e-08 -6.906315980618278616e-02
5.252246999999999637e-08 -3.390720298049056391e-01
5.253247999999999766e-08 -5.833468178626288747e-01
5.254248999999999895e-08 -7.832378803186298422e-01
5.255250000000000025e-08 -9.234479985870424068e-01
5.256250999999999492e-08 -9.932087387374642917e-01
5.257251999999999621e-08 -9.871146129846151140e-01
5.258252999999999750e-08 -9.055499005158572645e-01
5.259253999999999880e-08 -7.546738499437368741e-01
5.260255000000000009e-08 -5.459636429939634938e-01
5.261255999999999476e-08 -2.953483863497601281e-01
5.262256999999999605e-08 -2.199891814326896886e-02
5.263257999999999735e-08 2.531350664114076499e-01
5.264258999999999864e-08 5.089292310041341194e-01
5.265259999999999993e-08 7.257074319669442053e-01
5.266260999999999460e-08 8.867584389486944385e-01
5.267261999999999590e-08 9.796293944475052973e-01
5.268262999999999719e-08 9.970955112357348105e-01
5.269263999999999848e-08 9.377299904895024518e-01
5.270264999999999977e-08 8.060286231615090280e-01
5.271265999999999445e-08 6.120776965794845204e-01
5.272266999999999574e-08 3.707890510268213591e-01
5.273267999999999703e-08 1.007597006633388637e-01
5.274268999999999832e-08 -1.771572576126127785e-01
5.275269999999999962e-08 -4.414609700253949165e-01
5.276271000000000091e-08 -6.716665138651679579e-01
5.277271999999999558e-08 -8.498952051400978647e-01
5.278272999999999687e-08 -9.622678754254985201e-01
5.279273999999999817e-08 -9.999921863398200106e-01
5.280274999999999946e-08 -9.600583112567487865e-01
5.281276000000000075e-08 -8.454873607884850761e-01
5.282276999999999543e-08 -6.651114647492686327e-01
5.283277999999999672e-08 -4.329007869885721504e-01
5.284278999999999801e-08 -1.668881183758137710e-01
5.285279999999999930e-08 1.122266966291730061e-01
5.286281000000000059e-08 3.826848824302105379e-01
5.287281999999999527e-08 6.233646910941604835e-01
5.288282999999999656e-08 8.154330423700945074e-01
5.289283999999999785e-08 9.438235409151078947e-01
5.290284999999999914e-08 9.984245508805850156e-01
5.291286000000000044e-08 9.748831700594348115e-01
5.292286999999999511e-08 8.749606047664747477e-01
5.293287999999999640e-08 7.064093221789229382e-01
5.294288999999999769e-08 4.823797437574666724e-01
5.295289999999999899e-08 2.204012207493769304e-01
5.296291000000000028e-08 -5.898430784515595882e-02
5.297291999999999495e-08 -3.338299003395110431e-01
5.298292999999999625e-08 -5.825068913561852746e-01
5.299293999999999754e-08 -7.854086240242138528e-01
5.300294999999999883e-08 -9.265003091126894352e-01
5.301296000000000012e-08 -9.945921975035229012e-01
5.302296999999999480e-08 -9.842345188323351479e-01
5.303297999999999609e-08 -8.961620387197278825e-01
5.304298999999999738e-08 -7.372513453508243719e-01
5.305299999999999867e-08 -5.199923400080299629e-01
5.306300999999999996e-08 -2.615138578538721004e-01
5.307301999999999464e-08 1.776116022574530592e-02
5.308302999999999593e-08 2.957258177639563446e-01
5.309303999999999722e-08 5.503380812770458652e-01
5.310304999999999851e-08 7.613700246292135487e-01
5.311305999999999981e-08 9.120185855657884089e-01
5.312306999999999448e-08 9.902492870234692601e-01
5.313307999999999577e-08 9.897650213446771428e-01
5.314308999999999707e-08 9.105213389490598441e-01
5.315309999999999836e-08 7.587454394475873221e-01
5.316310999999999965e-08 5.464554210968762815e-01
5.317311999999999432e-08 2.905161861218650277e-01
5.318312999999999562e-08 1.130554741444602870e-02
5.319313999999999691e-08 -2.689044471239644407e-01
5.320314999999999820e-08 -5.277227125810867170e-01
5.321315999999999949e-08 -7.444294794158974327e-01
5.322317000000000078e-08 -9.016385703342374436e-01
5.323317999999999546e-08 -9.866979725771952703e-01
5.324318999999999675e-08 -9.927154393401393939e-01
5.325319999999999804e-08 -9.191254099960390889e-01
5.326320999999999933e-08 -7.717499705137745858e-01
5.327322000000000063e-08 -5.623469976127154490e-01
5.328322999999999530e-08 -3.076798172907818651e-01
5.329323999999999659e-08 -2.818135174417602321e-02
5.330324999999999789e-08 2.536812976881377968e-01
5.331325999999999918e-08 5.152112703029738672e-01
5.332327000000000047e-08 7.353105879207183504e-01
5.333327999999999514e-08 8.961856224853652630e-01
5.334328999999999644e-08 9.847912613898395229e-01
5.335329999999999773e-08 9.938961175220681898e-01
5.336330999999999902e-08 9.226812244115228934e-01
5.337332000000000031e-08 7.768219916987847418e-01
5.338332999999999499e-08 5.680447933500936131e-01
5.339333999999999628e-08 3.131920762678326864e-01
5.340334999999999757e-08 3.286986911151221907e-02
5.341335999999999886e-08 -2.502142191299492890e-01
5.342337000000000015e-08 -5.130888056617698423e-01
5.343337999999999483e-08 -7.343837510616972875e-01
5.344338999999999612e-08 -8.960709040999612629e-01
5.345339999999999741e-08 -9.849385098605643041e-01
5.346340999999999871e-08 -9.936782493437207320e-01
5.347342000000000000e-08 -9.214948808798659741e-01
5.348342999999999467e-08 -7.741869575007727100e-01
5.349343999999999596e-08 -5.636900034719208863e-01
5.350344999999999726e-08 -3.071173708133194680e-01
5.351345999999999855e-08 -2.537518714903867420e-02
5.352346999999999984e-08 2.585370334089289734e-01
5.353347999999999451e-08 5.214023266082150609e-01
5.354348999999999581e-08 7.416858956456738872e-01
5.355349999999999710e-08 9.013029107714185528e-01
5.356350999999999839e-08 9.871090912158548836e-01
5.357351999999999968e-08 9.919907491387411902e-01
5.358352999999999436e-08 9.154632931017941955e-01
5.359353999999999565e-08 7.637271506544617283e-01
5.360354999999999694e-08 5.491744362095781762e-01
5.361355999999999823e-08 2.893848378557237200e-01
5.362356999999999953e-08 5.691413185810452295e-03
5.363358000000000082e-08 -2.785672254202281595e-01
5.364358999999999549e-08 -5.399654797548431029e-01
5.365359999999999678e-08 -7.569225028240447184e-01
5.366360999999999808e-08 -9.114877188156653709e-01
5.367361999999999937e-08 -9.908320978030650261e-01
5.368363000000000066e-08 -9.883208089013835185e-01
5.369363999999999533e-08 -9.040769386162605947e-01
5.370364999999999663e-08 -7.449876771053950408e-01
5.371365999999999792e-08 -5.241503336501079913e-01
5.372366999999999921e-08 -2.598019592181538551e-01
5.373368000000000050e-08 2.618061897642301114e-02
5.374368999999999518e-08 3.100875001186730318e-01
5.375369999999999647e-08 5.683402694244361619e-01
5.376370999999999776e-08 7.794517442773859495e-01
5.377371999999999905e-08 9.258179045086882830e-01
5.378373000000000035e-08 9.951922378736675068e-01
5.379373999999999502e-08 9.817185081238881672e-01
5.380374999999999631e-08 8.864341976689772418e-01
5.381375999999999760e-08 7.172006281234617475e-01
5.382376999999999890e-08 4.880634123886261055e-01
5.383378000000000019e-08 2.180944842551991170e-01
5.384378999999999486e-08 -7.018949241395144867e-02
5.385379999999999615e-08 -3.527016798215439897e-01
5.386380999999999745e-08 -6.057968286810518910e-01
5.387381999999999874e-08 -8.082522988939873088e-01
5.388383000000000003e-08 -9.430522136143221212e-01
5.389383999999999471e-08 -9.988243866978129271e-01
5.390384999999999600e-08 -9.708081286643140961e-01
5.391385999999999729e-08 -8.612698855206145643e-01
5.392386999999999858e-08 -6.793296939230420994e-01
5.393387999999999987e-08 -4.402108161405551834e-01
5.394388999999999455e-08 -1.639735129285336546e-01
5.395389999999999584e-08 1.261623753895297073e-01
5.396390999999999713e-08 4.057662520612239643e-01
5.397391999999999842e-08 6.512536931969071796e-01
5.398392999999999972e-08 8.418783334127835083e-01
5.399393999999999439e-08 9.614902769066846488e-01
5.400394999999999568e-08 9.999115789594028580e-01
5.401395999999999697e-08 9.538110544160973703e-01
5.402396999999999827e-08 8.270025077992027018e-01
5.403397999999999956e-08 6.301389605888791934e-01
5.404399000000000085e-08 3.798265054459161183e-01
5.405399999999999553e-08 9.723073052240607805e-02
5.406400999999999682e-08 -1.937079651292770155e-01
5.407401999999999811e-08 -4.683001196439273706e-01
5.408402999999999940e-08 -7.032028254661097932e-01
5.409404000000000069e-08 -8.784073189148424721e-01
5.410404999999999537e-08 -9.789490448117339483e-01
5.411405999999999666e-08 -9.961935721594640247e-01
5.412406999999999795e-08 -9.285872197420745877e-01
5.413407999999999924e-08 -7.818063909825798685e-01
5.414409000000000054e-08 -5.682906202436102117e-01
5.415409999999999521e-08 -3.061968775637043394e-01
5.416410999999999650e-08 -1.786228531813061765e-02
5.417411999999999779e-08 2.720951896793449287e-01
5.418412999999999909e-08 5.388769616668958040e-01
5.419414000000000038e-08 7.596259487451655357e-01
5.420414999999999505e-08 9.153889033383458829e-01
5.421415999999999635e-08 9.927501524462721827e-01
5.422416999999999764e-08 9.849953871930555716e-01
5.423417999999999893e-08 8.927038531092902351e-01
5.424419000000000022e-08 7.237159388799601079e-01
5.425419999999999490e-08 4.924766120372299216e-01
5.426420999999999619e-08 2.188088353009161324e-01
5.427421999999999748e-08 -7.377960278914648395e-02
5.428422999999999877e-08 -3.601117665520833233e-01
5.429424000000000006e-08 -6.155072525008684625e-01
5.430424999999999474e-08 -8.179116619286406209e-01
5.431425999999999603e-08 -9.498059616788830928e-01
5.432426999999999732e-08 -9.997300251070184718e-01
5.433427999999999861e-08 -9.632872561576192316e-01
5.434428999999999991e-08 -8.435414870740380877e-01
5.435429999999999458e-08 -6.507695390386719625e-01
5.436430999999999587e-08 -4.015884700219741754e-01
5.437431999999999717e-08 -1.175308036106226667e-01
5.438432999999999846e-08 1.768107776500518757e-01
5.439433999999999975e-08 4.559098978328169349e-01
5.440434999999999442e-08 6.955204892301508623e-01
5.441435999999999572e-08 8.747862930721483909e-01
5.442436999999999701e-08 9.780620636193160244e-01
5.443437999999999830e-08 9.962869550474252600e-01
5.444438999999999959e-08 9.277888582585794852e-01
5.445440000000000088e-08 7.784474995425638699e-01
5.446440999999999556e-08 5.611997004526664279e-01
5.447441999999999685e-08 2.949275159310756900e-01
5.448442999999999814e-08 2.824021182472574287e-03
5.449443999999999943e-08 -2.896224342746888669e-01
5.450445000000000073e-08 -5.568507163986300412e-01
5.451445999999999540e-08 -7.754624994199111887e-01
5.452446999999999669e-08 -9.262753248361496050e-01
5.453447999999999799e-08 -9.960126213111474280e-01
5.454448999999999928e-08 -9.784812109631064736e-01
5.455450000000000057e-08 -8.751311266807150213e-01
5.456450999999999524e-08 -6.949463200739400826e-01
5.457451999999999654e-08 -4.536733828045958483e-01
5.458452999999999783e-08 -1.724536168925789592e-01
5.459453999999999912e-08 1.240234500338669582e-01
5.460455000000000041e-08 4.096843757159945310e-01
5.461455999999999509e-08 6.593645192139564459e-01
5.462456999999999638e-08 8.510275971439462683e-01
5.463457999999999767e-08 9.677160867360047325e-01
5.464458999999999896e-08 9.990593777026859357e-01
5.465460000000000025e-08 9.422048716604579655e-01
5.466460999999999493e-08 8.020876295207421958e-01
5.467461999999999622e-08 5.910122859160007458e-01
5.468462999999999751e-08 3.275816864579587651e-01
5.469463999999999881e-08 3.506469515410234883e-02
5.470465000000000010e-08 -2.606542886015513205e-01
5.471465999999999477e-08 -5.333638580394757245e-01
5.472466999999999606e-08 -7.588500228635957079e-01
5.473467999999999736e-08 -9.170503131409963871e-01
5.474468999999999865e-08 -9.938455808435694427e-01
5.475469999999999994e-08 -9.823288889064877294e-01
5.476470999999999461e-08 -8.834366953164011216e-01
5.477471999999999591e-08 -7.058838061121459617e-01
5.478472999999999720e-08 -4.654053332948013266e-01
5.479473999999999849e-08 -1.833706770768747940e-01
5.480474999999999978e-08 1.151091544856816529e-01
5.481475999999999446e-08 4.034138277416732254e-01
5.482476999999999575e-08 6.557874512625275765e-01
5.483477999999999704e-08 8.496422086979195099e-01
5.484478999999999833e-08 9.675855907710039228e-01
5.485479999999999963e-08 9.989888017994977831e-01
5.486480999999999430e-08 9.409542137434947495e-01
5.487481999999999559e-08 7.985929766115457129e-01
5.488482999999999688e-08 5.845853673178432741e-01
5.489483999999999818e-08 3.180606999270870761e-01
5.490484999999999947e-08 2.289487559462567712e-02
5.491486000000000076e-08 -2.744236008029709017e-01
5.492486999999999543e-08 -5.471688595741055483e-01
5.493487999999999673e-08 -7.707813549762788652e-01
5.494488999999999802e-08 -9.250837172487202942e-01
5.495489999999999931e-08 -9.961084687682723038e-01
5.496491000000000060e-08 -9.773714297036764087e-01
5.497491999999999528e-08 -8.704739240608617701e-01
5.498492999999999657e-08 -6.849769798808109655e-01
5.499493999999999786e-08 -4.375562308974121906e-01
5.500494999999999915e-08 -1.505112796769458305e-01
5.501496000000000045e-08 1.502380128731136411e-01
5.502496999999999512e-08 4.374888392711028251e-01
5.503497999999999641e-08 6.852158998198726314e-01
5.504498999999999770e-08 8.709324744984225930e-01
5.505499999999999900e-08 9.777376419491097259e-01
5.506501000000000029e-08 9.958627331241982628e-01
5.507501999999999496e-08 9.235747757240438949e-01
5.508502999999999625e-08 7.673525017610971499e-01
5.509503999999999755e-08 5.413162708854661886e-01
5.510504999999999884e-08 2.659610655948416169e-01
5.511506000000000013e-08 -3.369462139693315400e-02
5.512506999999999481e-08 -3.303774866470928218e-01
5.513507999999999610e-08 -5.970403963046265750e-01
5.514508999999999739e-08 -8.093300943154204674e-01
5.515509999999999868e-08 -9.478163293668012690e-01
5.516510999999999997e-08 -9.997779187849318294e-01
5.517511999999999465e-08 -9.603808901038803914e-01
5.518512999999999594e-08 -8.331387396337682771e-01
5.519513999999999723e-08 -6.296100825167297854e-01
5.520514999999999852e-08 -3.683586230832455732e-01
5.521515999999999982e-08 -7.326808823689225092e-02
5.522516999999999449e-08 2.286356813489223427e-01
5.523517999999999578e-08 5.096574085606676574e-01
5.524518999999999707e-08 7.439738363682854017e-01
5.525519999999999837e-08 9.100106877563181040e-01
5.526520999999999966e-08 9.924359815645527050e-01
5.527521999999999433e-08 9.835849195238853815e-01
5.528522999999999563e-08 8.841831061160598804e-01
5.529523999999999692e-08 7.032989393774262687e-01
5.530524999999999821e-08 4.575267795442483076e-01
5.531525999999999950e-08 1.694734716819615017e-01
5.532527000000000079e-08 -1.343145827328983966e-01
5.533527999999999547e-08 -4.257943469967958028e-01
5.534528999999999676e-08 -6.780145973850956187e-01
5.535529999999999805e-08 -8.676110156319397637e-01
5.536530999999999934e-08 -9.769766657444124425e-01
5.537532000000000064e-08 -9.959056746948020677e-01
5.538532999999999531e-08 -9.225558970749981880e-01
5.539533999999999660e-08 -7.636388424950480980e-01
5.540534999999999789e-08 -5.338164620873792066e-01
5.541535999999999919e-08 -2.543579530162734526e-01
5.542537000000000048e-08 4.882127610057002132e-02
5.543537999999999515e-08 3.475583706560790853e-01
5.544538999999999645e-08 6.140579265321666202e-01
5.545539999999999774e-08 8.234803545767674926e-01
5.546540999999999903e-08 9.562624914888239180e-01
5.547542000000000032e-08 9.999531722090946317e-01
5.548542999999999500e-08 9.503908027595237007e-01
5.549543999999999629e-08 8.121106589563373834e-01
5.550544999999999758e-08 5.979411074562183126e-01
5.551545999999999887e-08 3.278235803297856465e-01
5.552547000000000016e-08 2.696388137966264711e-02
5.553547999999999484e-08 -2.765145631303496665e-01
5.554548999999999613e-08 -5.541975322618472033e-01
5.555549999999999742e-08 -7.800417710395889381e-01
5.556550999999999872e-08 -9.328222252345387266e-01
5.557552000000000001e-08 -9.981343654547463196e-01
5.558552999999999468e-08 -9.697620149292441871e-01
5.559553999999999597e-08 -8.502799066491240065e-01
5.560554999999999727e-08 -6.508315889377115360e-01
5.561555999999999856e-08 -3.901006266941729472e-01
5.562556999999999985e-08 -9.256906125574820843e-02
5.563557999999999452e-08 2.137753733363741415e-01
5.564558999999999582e-08 5.000691390887369581e-01
5.565559999999999711e-08 7.392930502967907103e-01
5.566560999999999840e-08 9.088262992055288203e-01
5.567561999999999969e-08 9.925925616361133130e-01
5.568562999999999437e-08 9.825939236032557034e-01
5.569563999999999566e-08 8.796853993947607586e-01
5.570564999999999695e-08 6.935140506129371385e-01
5.571565999999999824e-08 4.416254966378995728e-01
5.572566999999999954e-08 1.478195064193817687e-01
5.573567999999999421e-08 -1.600921009792282412e-01
5.574568999999999550e-08 -4.529146720419534589e-01
5.575569999999999679e-08 -7.028388406383346831e-01
5.576570999999999809e-08 -8.860851075575604252e-01
5.577571999999999938e-08 -9.851730696275692312e-01
5.578573000000000067e-08 -9.905981341971086263e-01
5.579573999999999534e-08 -9.017540365522049850e-01
5.580574999999999664e-08 -7.270106276010996904e-01
5.581575999999999793e-08 -4.829365218045855168e-01
5.582576999999999922e-08 -1.927376988443572914e-01
5.583578000000000051e-08 1.159417335143701211e-01
5.584578999999999519e-08 4.136488914328306787e-01
5.585579999999999648e-08 6.719318917581749151e-01
5.586580999999999777e-08 8.660620674025955035e-01
5.587581999999999906e-08 9.774078897252475029e-01
5.588583000000000036e-08 9.952321168672150220e-01
5.589583999999999503e-08 9.177379809880460426e-01
5.590584999999999632e-08 7.522614808029334243e-01
5.591585999999999761e-08 5.145883167036937600e-01
5.592586999999999891e-08 2.274579299799145971e-01
5.593588000000000020e-08 -8.160456202001337145e-02
5.594588999999999487e-08 -3.829225653814614660e-01
5.595589999999999616e-08 -6.475166896596918908e-01
5.596590999999999746e-08 -8.498945654402485506e-01
5.597591999999999875e-08 -9.705129829661620633e-01
5.598593000000000004e-08 -9.976739844997116746e-01
5.599593999999999472e-08 -9.286701205527730929e-01
5.600594999999999601e-08 -7.700657431049997559e-01
5.601595999999999730e-08 -5.370841377415225271e-01
5.602596999999999859e-08 -2.521565415904670759e-01
5.603597999999999988e-08 5.722966373092044923e-02
5.604598999999999456e-08 3.611779408303906203e-01
5.605599999999999585e-08 6.302703438198465902e-01
5.606600999999999714e-08 8.384172266911452676e-01
5.607601999999999843e-08 9.653926414695378488e-01
5.608602999999999973e-08 9.988084830490584487e-01
5.609603999999999440e-08 9.353338679262179767e-01
5.610604999999999569e-08 7.810387096493163206e-01
5.611605999999999698e-08 5.508250365635010137e-01
5.612606999999999828e-08 2.669981298829919858e-01
5.613607999999999957e-08 -4.288654908286653605e-02
5.614608999999999424e-08 -3.486936162778475623e-01
5.615609999999999554e-08 -6.206369477897404341e-01
5.616610999999999683e-08 -8.321832225438264841e-01
5.617611999999999812e-08 -9.626465795336698328e-01
5.618612999999999941e-08 -9.992201130715943069e-01
5.619614000000000070e-08 -9.382438676116440224e-01
5.620614999999999538e-08 -7.855827657590278568e-01
5.621615999999999667e-08 -5.560744031686976063e-01
5.622616999999999796e-08 -2.720974776765824887e-01
5.623617999999999925e-08 3.860208245118893627e-02
5.624619000000000055e-08 3.456169437989831672e-01
5.625619999999999522e-08 6.188527862624751963e-01
5.626620999999999651e-08 8.314805207382807151e-01
5.627621999999999780e-08 9.625764890739892943e-01
5.628622999999999910e-08 9.991902746475399555e-01
5.629624000000000039e-08 9.376349257394110959e-01
5.630624999999999506e-08 7.838700093372855671e-01
5.631625999999999636e-08 5.529366397715242964e-01
5.632626999999999765e-08 2.674967988363372018e-01
5.633627999999999894e-08 -4.438227436684094585e-02
5.634629000000000023e-08 -3.519828417282295785e-01
5.635629999999999491e-08 -6.249607163103595431e-01
5.636630999999999620e-08 -8.363410547594058997e-01
5.637631999999999749e-08 -9.651899074861293171e-01
5.638632999999999878e-08 -9.986963690141278382e-01
5.639634000000000007e-08 -9.334573682742424161e-01
5.640634999999999475e-08 -7.758351880163981695e-01
5.641635999999999604e-08 -5.413490870841815017e-01
5.642636999999999733e-08 -2.531579447792980941e-01
5.643637999999999862e-08 6.021879789077576317e-02
5.644638999999999992e-08 3.677184523930641102e-01
5.645639999999999459e-08 6.388128531063967941e-01
5.646640999999999588e-08 8.465417715623878570e-01
5.647641999999999718e-08 9.702003192218802141e-01
5.648642999999999847e-08 9.974118593080100181e-01
5.649643999999999976e-08 9.253780019228627918e-01
5.650644999999999443e-08 7.611783517276430322e-01
5.651645999999999573e-08 5.210868452475181378e-01
5.652646999999999702e-08 2.289694352398659316e-01
5.653647999999999831e-08 -8.608019798811633594e-02
5.654648999999999960e-08 -3.926335140495709197e-01
5.655649999999999428e-08 -6.600614040602058585e-01
5.656650999999999557e-08 -8.615974427335136854e-01
5.657651999999999686e-08 -9.770234641674295784e-01
5.658652999999999815e-08 -9.947073705819022837e-01
5.659653999999999944e-08 -9.127868527626569195e-01
5.660655000000000074e-08 -7.393774485486900305e-01
5.661655999999999541e-08 -4.917807047520783015e-01
5.662656999999999670e-08 -1.947684380266208881e-01
5.663657999999999800e-08 1.218878373311731850e-01
5.664658999999999929e-08 4.263967214889965995e-01
5.665660000000000058e-08 6.881381921292577530e-01
5.666660999999999525e-08 8.807460439562764254e-01
5.667661999999999655e-08 9.847708771308211206e-01
5.668662999999999784e-08 9.896539864434118483e-01
5.669663999999999913e-08 8.948108517635813275e-01
5.670665000000000042e-08 7.097119013516758335e-01
5.671665999999999510e-08 4.529489444495854444e-01
5.672666999999999639e-08 1.503780397922452883e-01
5.673667999999999768e-08 -1.674767526184909872e-01
5.674668999999999897e-08 -4.684988158952388404e-01
5.675670000000000026e-08 -7.222241629673021857e-01
5.676670999999999494e-08 -9.029284710308812523e-01
5.677671999999999623e-08 -9.922427544711130976e-01
5.678672999999999752e-08 -9.810309661855839414e-01
5.679673999999999882e-08 -8.703365836323019300e-01
5.680675000000000011e-08 -6.712989283878244562e-01
5.681675999999999478e-08 -4.040441781966488954e-01
5.682676999999999607e-08 -9.566022536387154551e-02
5.683677999999999737e-08 2.225418792128104062e-01
5.684678999999999866e-08 5.182037586707508581e-01
5.685679999999999995e-08 7.612110497233799400e-01
5.686680999999999462e-08 9.267654094432544731e-01
5.687681999999999592e-08 9.979233468506488736e-01
5.688682999999999721e-08 9.673411404868831331e-01
5.689683999999999850e-08 8.380450639225799359e-01
5.690684999999999979e-08 6.231449359604774862e-01
5.691685999999999447e-08 3.445166458424434031e-01
5.692686999999999576e-08 3.058481775228968566e-02
5.693687999999999705e-08 -2.865706330495597642e-01
5.694688999999999834e-08 -5.744901850489245732e-01
5.695689999999999964e-08 -8.036584281242485917e-01
5.696690999999999431e-08 -9.505353320537230921e-01
5.697691999999999560e-08 -9.999832007160268654e-01
5.698692999999999689e-08 -9.468382018842527170e-01
5.699693999999999819e-08 -7.964621867383615550e-01
5.700694999999999948e-08 -5.642146227199082986e-01
5.701696000000000077e-08 -2.738952449890891816e-01
5.702696999999999544e-08 4.468587680307906790e-02
5.703697999999999674e-08 3.587637049995018312e-01
5.704698999999999803e-08 6.359864646368058594e-01
5.705699999999999932e-08 8.477506638186405041e-01
5.706701000000000061e-08 9.721588599139033837e-01
5.707701999999999529e-08 9.962936724530154775e-01
5.708702999999999658e-08 9.175709125051444426e-01
5.709703999999999787e-08 7.440288912572270430e-01
5.710704999999999916e-08 4.935203793089670832e-01
5.711706000000000046e-08 1.918870737940762961e-01
5.712706999999999513e-08 -1.296979240988636040e-01
5.713707999999999642e-08 -4.379471974168609449e-01
5.714708999999999771e-08 -7.009041546762111441e-01
5.715709999999999901e-08 -8.912597289995405347e-01
5.716711000000000030e-08 -9.891960368107928225e-01
5.717711999999999497e-08 -9.844601318104370113e-01
5.718712999999999626e-08 -8.774497898967641429e-01
5.719713999999999756e-08 -6.791950969022144680e-01
5.720714999999999885e-08 -4.102340100377081522e-01
5.721716000000000014e-08 -9.849518301307670642e-02
5.722716999999999482e-08 2.235948033680466851e-01
5.723717999999999611e-08 5.224809619866130905e-01
5.724718999999999740e-08 7.669764144152837471e-01
5.725719999999999869e-08 9.315214909460416415e-01
5.726720999999999998e-08 9.988643363480176340e-01
5.727721999999999466e-08 9.618810154214575414e-01
5.728722999999999595e-08 8.243419404900959035e-01
5.729723999999999724e-08 6.005408891313430697e-01
5.730724999999999853e-08 3.138215962256355462e-01
5.731725999999999983e-08 -5.847496019517655491e-03
5.732726999999999450e-08 -3.249993947451323972e-01
5.733727999999999579e-08 -6.101701842754267968e-01
5.734728999999999708e-08 -8.314099935642049743e-01
5.735729999999999838e-08 -9.654347295963431330e-01
5.736730999999999967e-08 -9.980862713671779796e-01
5.737731999999999434e-08 -9.258401871673440642e-01
5.738732999999999564e-08 -7.561991818500849449e-01
5.739733999999999693e-08 -5.069271100847129174e-01
5.740734999999999822e-08 -2.042003141444981851e-01
5.741735999999999951e-08 1.201325606178586941e-01
5.742736999999999419e-08 4.318963548699916721e-01
5.743737999999999548e-08 6.981898379972374391e-01
5.744738999999999677e-08 8.908615725949916575e-01
5.745739999999999806e-08 9.894936197204703410e-01
5.746740999999999935e-08 9.835760626607595869e-01
5.747742000000000065e-08 8.736396486960924523e-01
5.748742999999999532e-08 6.712231844078332399e-01
5.749743999999999661e-08 3.976752218361919167e-01
5.750744999999999790e-08 8.191308738346465834e-02
5.751745999999999920e-08 -2.426266603817098799e-01
5.752747000000000049e-08 -5.415255490590153986e-01
5.753747999999999516e-08 -7.830344400539378524e-01
5.754748999999999646e-08 -9.414512740421675518e-01
5.755749999999999775e-08 -9.998654143054220844e-01
5.756750999999999904e-08 -9.519746210570846356e-01
5.757752000000000033e-08 -8.027782072907185817e-01
5.758752999999999501e-08 -5.680688082763407643e-01
5.759753999999999630e-08 -2.727728866997229940e-01
5.760754999999999759e-08 5.168697425405249790e-02
5.761755999999999888e-08 3.707299055705557400e-01
5.762757000000000017e-08 6.503008011167472624e-01
5.763757999999999485e-08 8.605082903992666843e-01
5.764758999999999614e-08 9.788277176414729164e-01
5.765759999999999743e-08 9.925251858048627085e-01
5.766760999999999872e-08 9.000407073489300469e-01
5.767762000000000002e-08 7.111789071870388002e-01
5.768762999999999469e-08 4.460828665221275302e-01
5.769763999999999598e-08 1.330970360183456047e-01
5.770764999999999728e-08 -1.942552811247357791e-01
5.771765999999999857e-08 -5.008584603745696029e-01
5.772766999999999986e-08 -7.537718500611271244e-01
5.773767999999999453e-08 -9.257736424238629525e-01
5.774768999999999583e-08 -9.982995633012073933e-01
5.775769999999999712e-08 -9.634582237966033968e-01
5.776770999999999841e-08 -8.249031178812622489e-01
5.777771999999999970e-08 -5.974635360820563790e-01
5.778772999999999438e-08 -3.055700410597388395e-01
5.779773999999999567e-08 1.935971141441204801e-02
5.780774999999999696e-08 3.422961833917445018e-01
5.781775999999999825e-08 6.283723078100442727e-01
5.782776999999999954e-08 8.466505479086762209e-01
5.783777999999999422e-08 9.734754176094323475e-01
5.784778999999999551e-08 9.950474569509852873e-01
5.785779999999999680e-08 9.089374915693517742e-01
5.786780999999999810e-08 7.243736675829753890e-01
5.787781999999999939e-08 4.612660836936090525e-01
5.788783000000000068e-08 1.480705871429772447e-01
5.789783999999999535e-08 -1.812803552592182899e-01
5.790784999999999665e-08 -4.910496260447438366e-01
5.791785999999999794e-08 -7.475734017149704425e-01
5.792786999999999923e-08 -9.229242648241162694e-01
5.793788000000000052e-08 -9.979603905444406342e-01
5.794788999999999520e-08 -9.644269603552990677e-01
5.795789999999999649e-08 -8.258778497040596411e-01
5.796790999999999778e-08 -5.973132645995421486e-01
5.797791999999999907e-08 -3.035685810320864486e-01
5.798793000000000036e-08 2.337399502301404017e-02
5.799793999999999504e-08 3.478610822898781652e-01
5.800794999999999633e-08 6.344541070192220023e-01
5.801795999999999762e-08 8.518023116941458861e-01
5.802796999999999892e-08 9.760792514813696474e-01
5.803798000000000021e-08 9.936053458832438956e-01
5.804798999999999488e-08 9.023666891464158235e-01
5.805799999999999617e-08 7.122601011671459981e-01
5.806800999999999747e-08 4.440333552581584020e-01
5.807801999999999876e-08 1.270325070176517579e-01
5.808803000000000005e-08 -2.040004027157116262e-01
5.809803999999999472e-08 -5.127307718987836882e-01
5.810804999999999602e-08 -7.652200820829988537e-01
5.811805999999999731e-08 -9.336618734000117215e-01
5.812806999999999860e-08 -9.994532481301182658e-01
5.813807999999999989e-08 -9.552616368882755893e-01
5.814808999999999457e-08 -8.058558961906814311e-01
5.815809999999999586e-08 -5.676060827138244003e-01
5.816810999999999715e-08 -2.667026821803713532e-01
5.817811999999999844e-08 6.371244155263007525e-02
5.818812999999999974e-08 3.871902157243728992e-01
5.819813999999999441e-08 6.679936414573561798e-01
5.820814999999999570e-08 8.750491677770343424e-01
5.821815999999999699e-08 9.853929237833142230e-01
5.822816999999999829e-08 9.867287794813922597e-01
5.823817999999999958e-08 8.788120674330363036e-01
5.824818999999999425e-08 6.735018011271958205e-01
5.825819999999999554e-08 3.934712322542646135e-01
5.826820999999999684e-08 6.971538076872640932e-02
5.827821999999999813e-08 -2.618717586948569598e-01
5.828822999999999942e-08 -5.644732487491357364e-01
5.829823999999999410e-08 -8.044384517470060114e-01
5.830824999999999539e-08 -9.550311615003675980e-01
5.831825999999999668e-08 -9.994184954544044208e-01
5.832826999999999797e-08 -9.325653237498947590e-01
5.833827999999999926e-08 -7.618196304923465778e-01
5.834829000000000056e-08 -5.061192811155266202e-01
5.835829999999999523e-08 -1.939041506851913454e-01
5.836830999999999652e-08 1.400376346607747069e-01
5.837831999999999781e-08 4.584406902272443740e-01
5.838832999999999911e-08 7.257204651695379205e-01
5.839834000000000040e-08 9.119545430963172938e-01
5.840834999999999507e-08 9.962412428217822802e-01
5.841835999999999636e-08 9.690575848419139549e-01
5.842836999999999766e-08 8.333492924773657773e-01
5.843837999999999895e-08 6.042265503654290493e-01
5.844839000000000024e-08 3.072950843391222819e-01
5.845839999999999492e-08 -2.419465475796412496e-02
5.846840999999999621e-08 -3.530640394029270213e-01
5.847841999999999750e-08 -6.423739207822080077e-01
5.848842999999999879e-08 -8.595764682198148154e-01
5.849844000000000008e-08 -9.801842494963534103e-01
5.850844999999999476e-08 -9.905421324688274964e-01
5.851845999999999605e-08 -8.893870065348137288e-01
5.852846999999999734e-08 -6.880156706410986978e-01
5.853847999999999863e-08 -4.090374358180091097e-01
5.854848999999999993e-08 -8.384753050077434211e-02
5.855849999999999460e-08 2.508977134296359046e-01
5.856850999999999589e-08 5.574091132045858599e-01
5.857851999999999719e-08 8.010318457204104181e-01
5.858852999999999848e-08 9.541696408650168770e-01
5.859853999999999977e-08 9.994209348184596164e-01
5.860854999999999444e-08 9.315694507950909031e-01
5.861855999999999574e-08 7.582000472211170017e-01
5.862856999999999703e-08 4.988655848565142770e-01
5.863857999999999832e-08 1.828945814123804081e-01
5.864858999999999961e-08 -1.539160197784071038e-01
5.865859999999999429e-08 -4.733511363470680466e-01
5.866860999999999558e-08 -7.391132279322318865e-01
5.867861999999999687e-08 -9.209515198816579096e-01
5.868862999999999816e-08 -9.981145135458122652e-01
5.869863999999999945e-08 -9.617307316921891447e-01
5.870864999999999413e-08 -8.158431663879335272e-01
5.871865999999999542e-08 -5.769752255917947048e-01
5.872866999999999671e-08 -2.722729073366857988e-01
5.873867999999999801e-08 6.356950181556238200e-02
5.874868999999999930e-08 3.922532809797770748e-01
5.875870000000000059e-08 6.762411342579202067e-01
5.876870999999999526e-08 8.830475784538547313e-01
5.877871999999999656e-08 9.889631109807376363e-01
5.878872999999999785e-08 9.817843094042680852e-01
5.879873999999999914e-08 8.622341654905733010e-01
5.880875000000000043e-08 6.439057603285428533e-01
5.881875999999999511e-08 3.517309724903063817e-01
5.882876999999999640e-08 1.914504496565335584e-02
5.883877999999999769e-08 -3.157318848676175516e-01
5.884878999999999898e-08 -6.144611118194104327e-01
5.885880000000000027e-08 -8.426997768519124410e-01
5.886880999999999495e-08 -9.741561687277084935e-01
5.887881999999999624e-08 -9.936295808754961323e-01
5.888882999999999753e-08 -8.987819930422163983e-01
5.889883999999999883e-08 -7.004335178375604709e-01
5.890885000000000012e-08 -4.213428282949358561e-01
5.891885999999999479e-08 -9.360827277980510175e-02
5.892886999999999608e-08 2.450150127574994285e-01
5.893887999999999738e-08 5.554604625109688110e-01
5.894888999999999867e-08 8.018582765246102806e-01
5.895889999999999996e-08 9.556861100030932255e-01
5.896890999999999463e-08 9.990812664942108068e-01
5.897891999999999593e-08 9.269285728155193249e-01
5.898892999999999722e-08 7.474783558625014424e-01
5.899893999999999851e-08 4.814182397232913968e-01
5.900894999999999980e-08 1.595013609280482025e-01
5.901895999999999448e-08 -1.809986338828623864e-01
5.902896999999999577e-08 -5.005983096242626607e-01
5.903897999999999706e-08 -7.621829557263789523e-01
5.904898999999999835e-08 -9.353219723830850096e-01
5.905899999999999965e-08 -9.998187810213037263e-01
5.906900999999999432e-08 -9.480800206600231705e-01
5.907901999999999561e-08 -7.860245983921341217e-01
5.908902999999999690e-08 -5.324220943915798365e-01
5.909903999999999820e-08 -2.167325640434364931e-01
5.910904999999999949e-08 1.243052781078309021e-01
5.911905999999999416e-08 4.509436070114797857e-01
5.912906999999999545e-08 7.250573048939680243e-01
5.913907999999999675e-08 9.145984148355144061e-01
5.914908999999999804e-08 9.973522794172794415e-01
5.915909999999999933e-08 9.635540755675823243e-01
5.916911000000000062e-08 8.170560812597127409e-01
5.917911999999999530e-08 5.749044487606980169e-01
5.918912999999999659e-08 2.653699695203840525e-01
5.919913999999999788e-08 -7.534137738394289241e-02
5.920914999999999917e-08 -4.073166763575633009e-01
5.921916000000000047e-08 -6.916101488577418577e-01
5.922916999999999514e-08 -8.948158888798259936e-01
5.923917999999999643e-08 -9.930019396984115509e-01
5.924918999999999772e-08 -9.745414138086441191e-01
5.925919999999999902e-08 -8.415042887653245707e-01
5.926921000000000031e-08 -6.094415702099263976e-01
5.927921999999999498e-08 -3.055821141826536302e-01
5.928922999999999627e-08 3.435056932843629646e-02
5.929923999999999757e-08 3.703308005190812935e-01
5.930924999999999886e-08 6.627413677565753281e-01
5.931926000000000015e-08 8.770482071196110674e-01
5.932926999999999483e-08 9.878871745239633517e-01
5.933927999999999612e-08 9.820783314480363568e-01
5.934928999999999741e-08 8.602080997448233735e-01
5.935929999999999870e-08 6.365876478989224152e-01
5.936930999999999999e-08 3.375872816794555642e-01
5.937931999999999467e-08 -1.461121349688684163e-03
5.938932999999999596e-08 -3.404312445861110703e-01
5.939933999999999725e-08 -6.391485112141811475e-01
5.940934999999999854e-08 -8.621542768090569853e-01
5.941935999999999984e-08 -9.829227639332828170e-01
5.942936999999999451e-08 -9.870283274870595980e-01
5.943937999999999580e-08 -8.738834607794229159e-01
5.944938999999999709e-08 -6.568364274460969376e-01
5.945939999999999839e-08 -3.616117178118959941e-01
5.946940999999999968e-08 -2.327368065473239822e-02
5.947941999999999435e-08 3.179297908830696628e-01
5.948942999999999565e-08 6.213518716791024410e-01
5.949943999999999694e-08 8.507913293406987876e-01
5.950944999999999823e-08 9.788193051576297155e-01
5.951945999999999952e-08 9.900703298614946801e-01
5.952946999999999420e-08 8.831013072468443248e-01
5.953947999999999549e-08 6.705918278500569985e-01
5.954948999999999678e-08 3.778566314354336320e-01
5.955949999999999807e-08 3.984283509390476596e-02
5.956950999999999936e-08 -3.030334505550107416e-01
5.957952000000000066e-08 -6.097161763480634100e-01
5.958952999999999533e-08 -8.434275280201559699e-01
5.959953999999999662e-08 -9.760858317553328112e-01
5.960954999999999791e-08 -9.916916254958009214e-01
5.961955999999999259e-08 -8.882722069790218722e-01
5.962957000000000050e-08 -6.781465775626471792e-01
5.963957999999999517e-08 -3.864736582442316326e-01
5.964959000000000308e-08 -4.825293897750982525e-02
5.965959999999999776e-08 2.958664593440439305e-01
5.966960999999999243e-08 6.044675642343355637e-01
5.967962000000000034e-08 8.403523539403550124e-01
5.968962999999999502e-08 9.750329301406719384e-01
5.969964000000000293e-08 9.921839428804486438e-01
5.970964999999999760e-08 8.896364625778145907e-01
5.971965999999999227e-08 6.796680175486601305e-01
5.972967000000000018e-08 3.875484162504917451e-01
5.973967999999999486e-08 4.851163283392439379e-02
5.974969000000000277e-08 -2.964849960983755306e-01
5.975969999999999744e-08 -6.057049406203570685e-01
5.976970999999999212e-08 -8.416836454512193200e-01
5.977972000000000003e-08 -9.757751576349833478e-01
5.978972999999999470e-08 -9.916415625857787353e-01
5.979974000000000261e-08 -8.872587419877885351e-01
5.980974999999999729e-08 -6.751904248120423890e-01
5.981975999999999196e-08 -3.810918383974253310e-01
5.982976999999999987e-08 -4.061919753856015752e-02
5.983977999999999454e-08 3.048843039559032131e-01
5.984979000000000245e-08 6.134051598638941005e-01
5.985979999999999713e-08 8.473706038830558507e-01
5.986980999999999180e-08 9.782320342565730131e-01
5.987981999999999971e-08 9.899607790576107069e-01
5.988982999999999439e-08 8.810266855637263195e-01
5.989984000000000230e-08 6.646134774077385732e-01
5.990984999999999697e-08 3.670390944207460038e-01
5.991985999999999165e-08 2.456829586138559174e-02
5.992986999999999955e-08 -3.209980748006742157e-01
5.993987999999999423e-08 -6.274218002326215071e-01
5.994989000000000214e-08 -8.571924877131629206e-01
5.995989999999999681e-08 -9.821273403077025455e-01
5.996990999999999149e-08 -9.868404945656490401e-01
5.997991999999999940e-08 -8.706533403143078553e-01
5.998992999999999407e-08 -6.477067825380447008e-01
5.999994000000000198e-08 -3.452560774961939138e-01
6.000994999999999666e-08 -3.518583197025553682e-04
6.001995999999999133e-08 3.446901086493555644e-01
6.002996999999999924e-08 6.474775858504857595e-01
6.003997999999999391e-08 8.707531147883117439e-01
6.004999000000000182e-08 9.869869079647344279e-01
6.005999999999999650e-08 9.817841863282471548e-01
6.007000999999999117e-08 8.556836805394371082e-01
6.008001999999999908e-08 6.241206964706075278e-01
6.009002999999999376e-08 3.155535991964552589e-01
6.010004000000000167e-08 -3.202087921497626111e-02
6.011004999999999634e-08 -3.757384132503709395e-01
6.012005999999999102e-08 -6.731508072998135805e-01
6.013006999999999893e-08 -8.874716949204167760e-01
6.014007999999999360e-08 -9.921355538581925204e-01
6.015009000000000151e-08 -9.741039450873012484e-01
6.016009999999999618e-08 -8.355058719462818972e-01
6.017010999999999086e-08 -5.934039527534425984e-01
6.018011999999999877e-08 -2.777095767886508804e-01
6.019012999999999344e-08 7.250020392927587765e-02
6.020014000000000135e-08 4.138120974374766003e-01
6.021014999999999603e-08 7.038564199002012023e-01
6.022015999999999070e-08 9.065709397449610574e-01
6.023016999999999861e-08 9.966942661206553700e-01
6.024017999999999329e-08 9.629277306453264407e-01
6.025019000000000119e-08 8.093683051030615694e-01
6.026019999999999587e-08 5.550288561060249259e-01
6.027021000000000378e-08 2.314995770376658268e-01
6.028021999999999845e-08 -1.209637307038223114e-01
6.029022999999999313e-08 -4.584416655549378716e-01
6.030024000000000104e-08 -7.388228807366590267e-01
6.031024999999999571e-08 -9.270638562441919639e-01
6.032026000000000362e-08 -9.995792343749365649e-01
6.033026999999999830e-08 -9.472114154254545060e-01
6.034027999999999297e-08 -7.764037411116656573e-01
6.035029000000000088e-08 -5.084249627967581953e-01
6.036029999999999555e-08 -1.767360659068365758e-01
6.037031000000000346e-08 1.771764865296422131e-01
6.038031999999999814e-08 5.089836678177527274e-01
6.039032999999999281e-08 7.770662409563620088e-01
6.040034000000000072e-08 9.477411314477096616e-01
6.041034999999999540e-08 9.995047880338479018e-01
6.042036000000000331e-08 9.257575718677810706e-01
6.043036999999999798e-08 7.356621485328633803e-01
6.044037999999999266e-08 4.530222191032838852e-01
6.045039000000000057e-08 1.133165675525860533e-01
6.046039999999999524e-08 -2.407439048423019035e-01
6.047041000000000315e-08 -5.645811263596193230e-01
6.048041999999999782e-08 -8.173635499582613262e-01
6.049042999999999250e-08 -9.671615555701664757e-01
6.050044000000000041e-08 -9.949927699787713964e-01
6.051044999999999508e-08 -8.972432742792294524e-01
6.052046000000000299e-08 -6.861539286011171246e-01
6.053046999999999767e-08 -3.883044273833011761e-01
6.054047999999999234e-08 -4.128062142171167598e-02
6.055049000000000025e-08 3.110588486751415527e-01
6.056049999999999493e-08 6.241217549781625795e-01
6.057051000000000283e-08 8.582282531456103536e-01
6.058051999999999751e-08 9.836484931643417751e-01
6.059052999999999218e-08 9.843912885141195002e-01
6.060054000000000009e-08 8.602593893074134135e-01
6.061054999999999477e-08 6.269051793267196304e-01
6.062056000000000268e-08 3.138736096907004391e-01
6.063056999999999735e-08 -3.912509330058237811e-02
6.064057999999999203e-08 -3.872444548848879009e-01
6.065058999999999994e-08 -6.861967267197316422e-01
6.066059999999999461e-08 -8.978909600658110390e-01
6.067061000000000252e-08 -9.952959638855355395e-01
6.068061999999999719e-08 -9.659061135521264108e-01
6.069062999999999187e-08 -8.133638668012200812e-01
6.070063999999999978e-08 -5.570263833565956002e-01
6.071064999999999445e-08 -2.295252948128813086e-01
6.072066000000000236e-08 1.273748529771960569e-01
6.073066999999999704e-08 4.680954608763204794e-01
6.074067999999999171e-08 7.490636054919197484e-01
6.075068999999999962e-08 9.342896904501065691e-01
6.076069999999999430e-08 9.999883829331187579e-01
6.077071000000000221e-08 9.376481481874502366e-01
6.078071999999999688e-08 7.551513464415898769e-01
6.079072999999999155e-08 4.757953582729521069e-01
6.080073999999999946e-08 1.353339209867907567e-01
6.081074999999999414e-08 -2.225876063493655854e-01
6.082076000000000205e-08 -5.520217340894501001e-01
6.083076999999999672e-08 -8.106180113785902419e-01
6.084077999999999140e-08 -9.650744126924604149e-01
6.085078999999999931e-08 -9.954383595603887303e-01
6.086079999999999398e-08 -8.977003303992624472e-01
6.087081000000000189e-08 -6.843408859951880530e-01
6.088081999999999657e-08 -3.827544184593652532e-01
6.089082999999999124e-08 -3.174638669356337484e-02
6.090083999999999915e-08 3.234499916807291320e-01
6.091084999999999382e-08 6.369989417950020494e-01
6.092086000000000173e-08 8.683795707442065748e-01
6.093086999999999641e-08 9.876312843980973311e-01
6.094087999999999108e-08 9.792470587065256193e-01
6.095088999999999899e-08 8.442069007971628736e-01
6.096089999999999367e-08 5.998827089134263213e-01
6.097091000000000158e-08 2.778204077285840734e-01
6.098091999999999625e-08 -8.031972313807178576e-02
6.099092999999999093e-08 -4.281438484826822211e-01
6.100093999999999883e-08 -7.205326094167401330e-01
6.101094999999999351e-08 -9.194986124790709425e-01
6.102096000000000142e-08 -9.991323673066221378e-01
6.103096999999999609e-08 -9.489913702290829756e-01
6.104097999999999077e-08 -7.754870982897359433e-01
6.105098999999999868e-08 -5.010834790938242245e-01
6.106099999999999335e-08 -1.614045314710179091e-01
6.107101000000000126e-08 1.993785476520431033e-01
6.108101999999999594e-08 5.342851094651687172e-01
6.109103000000000385e-08 7.996431116960376340e-01
6.110103999999999852e-08 9.607907709551376518e-01
6.111104999999999319e-08 9.966165659723645875e-01
6.112106000000000110e-08 9.023413573896650330e-01
6.113106999999999578e-08 6.901739007554442695e-01
6.114108000000000369e-08 3.877476709274025324e-01
6.115108999999999836e-08 3.453673775002660123e-02
6.116109999999999304e-08 -3.232864280458242479e-01
6.117111000000000095e-08 -6.388827116662264549e-01
6.118111999999999562e-08 -8.708802635682030280e-01
6.119113000000000353e-08 -9.888069612862577795e-01
6.120113999999999821e-08 -9.771069490259828294e-01
6.121114999999999288e-08 -8.372100165886066092e-01
6.122116000000000079e-08 -5.873763087387438020e-01
6.123116999999999546e-08 -2.603300782217783382e-01
6.124118000000000337e-08 1.010131898106576553e-01
6.125118999999999805e-08 4.491701655709221530e-01
6.126119999999999272e-08 7.383278040676791720e-01
6.127121000000000063e-08 9.303769115283944124e-01
6.128121999999999531e-08 9.999458793401209133e-01
6.129123000000000322e-08 9.377682528256848782e-01
6.130123999999999789e-08 7.519351263460356538e-01
6.131124999999999257e-08 4.668608065188396550e-01
6.132126000000000048e-08 1.200914167669566435e-01
6.133126999999999515e-08 -2.426285456283305830e-01
6.134128000000000306e-08 -5.733850243913459765e-01
6.135128999999999773e-08 -8.284248038391537339e-01
6.136129999999999241e-08 -9.739510006498963701e-01
6.137131000000000032e-08 -9.906149927355155649e-01
6.138131999999999499e-08 -8.761060386550305612e-01
6.139133000000000290e-08 -6.454897794187638427e-01
6.140133999999999758e-08 -3.292440169973033237e-01
6.141134999999999225e-08 3.075457496893925849e-02
6.142136000000000016e-08 3.867663107232849895e-01
6.143136999999999483e-08 6.915163839026831072e-01
6.144138000000000274e-08 9.044764418176308718e-01
6.145138999999999742e-08 9.972646897122906529e-01
6.146139999999999209e-08 9.574436639591922260e-01
6.147141000000000000e-08 7.902055033487059843e-01
6.148141999999999468e-08 5.177140270179122483e-01
6.149143000000000259e-08 1.761842792821898263e-01
6.150143999999999726e-08 -1.889179305662822828e-01
6.151144999999999194e-08 -5.289218863870769338e-01
6.152145999999999985e-08 -7.984401924826561858e-01
6.153146999999999452e-08 -9.614344503244852680e-01
6.154148000000000243e-08 -9.960468641872565199e-01
6.155148999999999710e-08 -8.975483387320977169e-01
6.156149999999999178e-08 -6.790032243605619300e-01
6.157150999999999969e-08 -3.695549741157411749e-01
6.158151999999999436e-08 -1.055513630033142088e-02
6.159153000000000227e-08 3.499522337980954800e-01
6.160153999999999695e-08 6.636564544158609635e-01
6.161154999999999162e-08 8.884574577867019318e-01
6.162155999999999953e-08 9.941255488074212110e-01
6.163156999999999421e-08 9.663815229464722822e-01
6.164158000000000212e-08 8.088444668164916918e-01
6.165158999999999679e-08 5.425791676821378751e-01
6.166159999999999146e-08 2.032968591139339143e-01
6.167160999999999937e-08 -1.634210927783814049e-01
6.168161999999999405e-08 -5.082395506035111143e-01
6.169163000000000196e-08 -7.847063013184853997e-01
6.170163999999999663e-08 -9.555163863512833311e-01
6.171164999999999131e-08 -9.975584380361602888e-01
6.172165999999999922e-08 -9.050587255757283067e-01
6.173166999999999389e-08 -6.903929543931696111e-01
6.174168000000000180e-08 -3.824492926976030827e-01
6.175168999999999648e-08 -2.275654042380215875e-02
6.176169999999999115e-08 3.401057850348799816e-01
6.177170999999999906e-08 6.570644858731253812e-01
6.178171999999999373e-08 8.851923782338153579e-01
6.179173000000000164e-08 9.935318928873146938e-01
6.180173999999999632e-08 9.673112465479943856e-01
6.181174999999999099e-08 8.099769611695443183e-01
6.182175999999999890e-08 5.427606376390408105e-01
6.183176999999999358e-08 2.018314844536256147e-01
6.184178000000000149e-08 -1.665859504191593288e-01
6.185178999999999616e-08 -5.124716704950096346e-01
6.186179999999999083e-08 -7.888010435848151758e-01
6.187180999999999874e-08 -9.579446841116134870e-01
6.188181999999999342e-08 -9.968055246210801856e-01
6.189183000000000133e-08 -8.999900602304566899e-01
6.190183999999999600e-08 -6.805760481006251084e-01
6.191184999999999068e-08 -3.683649616679857131e-01
6.192185999999999859e-08 -5.850059515356108818e-03
6.193186999999999326e-08 3.575566277691553108e-01
6.194188000000000117e-08 6.722555487254047168e-01
6.195188999999999585e-08 8.952326856957603107e-01
6.196190000000000376e-08 9.959490761485030319e-01
6.197190999999999843e-08 9.605390347486583158e-01
6.198191999999999310e-08 7.937378480168520989e-01
6.199193000000000101e-08 5.182684442001087577e-01
6.200193999999999569e-08 1.717635524349766796e-01
6.201195000000000360e-08 -1.983622134341722354e-01
6.202195999999999827e-08 -5.413934456949162088e-01
6.203196999999999295e-08 -8.102632934113728203e-01
6.204198000000000086e-08 -9.680188263935581849e-01
6.205198999999999553e-08 -9.929133108022041299e-01
6.206200000000000344e-08 -8.814218342655202321e-01
6.207200999999999812e-08 -6.487597060283504247e-01
6.208201999999999279e-08 -3.268250178444310761e-01
6.209203000000000070e-08 4.015910174670715010e-02
6.210203999999999537e-08 4.017093746996162063e-01
6.211205000000000328e-08 7.080240379578570664e-01
6.212205999999999796e-08 9.168472106066772875e-01
6.213206999999999263e-08 9.993092417857103449e-01
6.214208000000000054e-08 9.439343130995608844e-01
6.215208999999999522e-08 7.582567512911102536e-01
6.216210000000000313e-08 4.678158302552790082e-01
6.217210999999999780e-08 1.126602899139147046e-01
6.218211999999999248e-08 -2.581614512613081280e-01
6.219213000000000038e-08 -5.933691297647544216e-01
6.220213999999999506e-08 -8.465435241431364943e-01
6.221215000000000297e-08 -9.825631654957571737e-01
6.222215999999999764e-08 -9.824911632030156605e-01
6.223216999999999232e-08 -8.462302004845539960e-01
6.224218000000000023e-08 -5.925709477701549543e-01
6.225218999999999490e-08 -2.566195660114287125e-01
6.226220000000000281e-08 1.150461775773727324e-01
6.227220999999999749e-08 4.708259145678041491e-01
6.228221999999999216e-08 7.612591359345858288e-01
6.229223000000000007e-08 9.459071497353985780e-01
6.230223999999999474e-08 9.989961788574831525e-01
6.231225000000000265e-08 9.130324042716243538e-01
6.232225999999999733e-08 6.998795221853266746e-01
6.233226999999999200e-08 3.891412561327868280e-01
6.234227999999999991e-08 2.406650706084787622e-02
6.235228999999999459e-08 -3.444588107624838025e-01
6.236230000000000250e-08 -6.650001916639834976e-01
6.237230999999999717e-08 -8.927564289239778850e-01
6.238231999999999185e-08 -9.958317283314356283e-01
6.239232999999999976e-08 -9.597185400959507007e-01
6.240233999999999443e-08 -7.893588629111347732e-01
6.241235000000000234e-08 -5.084885008273106743e-01
6.242235999999999701e-08 -1.563481984577727024e-01
6.243236999999999169e-08 2.177852278442327372e-01
6.244237999999999960e-08 5.614875058007046116e-01
6.245238999999999427e-08 8.265332833333702833e-01
6.246240000000000218e-08 9.756707409844405099e-01
6.247240999999999686e-08 9.878716572767236581e-01
6.248241999999999153e-08 8.613150302716908735e-01
6.249242999999999944e-08 6.136783532668869112e-01
6.250243999999999412e-08 2.796877802580325367e-01
6.251245000000000202e-08 -9.373609141030397884e-02
6.252245999999999670e-08 -4.540604778279717646e-01
6.253246999999999137e-08 -7.505286616356841023e-01
6.254247999999999928e-08 -9.413154609787339755e-01
6.255248999999999396e-08 -9.994403968068390487e-01
6.256250000000000187e-08 -9.166008308737141341e-01
6.257250999999999654e-08 -7.043780549120557399e-01
6.258251999999999122e-08 -3.926384168514886475e-01
6.259252999999999913e-08 -2.534727119252206534e-02
6.260253999999999380e-08 3.456199830611794144e-01
6.261255000000000171e-08 6.678002287279696247e-01
6.262255999999999638e-08 8.955654159158483729e-01
6.263256999999999106e-08 9.965951481827262093e-01
6.264257999999999897e-08 9.564794276692237807e-01
6.265258999999999364e-08 7.807937992057860654e-01
6.266260000000000155e-08 4.943453263132551179e-01
6.267260999999999623e-08 1.376882174073710552e-01
6.268261999999999090e-08 -2.386041447512947111e-01
6.269262999999999881e-08 -5.811036908726232575e-01
6.270263999999999349e-08 -8.411146973852305919e-01
6.271265000000000140e-08 -9.816058544232928451e-01
6.272265999999999607e-08 -9.824993612402530552e-01
6.273266999999999074e-08 -8.435595210766337892e-01
6.274267999999999865e-08 -5.844625735520618814e-01
6.275268999999999333e-08 -2.420296986249933502e-01
6.276270000000000124e-08 1.349905288578978624e-01
6.277270999999999591e-08 4.928531168311159338e-01
6.278272000000000382e-08 7.804769243327216444e-01
6.279272999999999850e-08 9.567426024555194530e-01
6.280273999999999317e-08 9.963846371322010453e-01
6.281275000000000108e-08 8.936313187677732417e-01
6.282275999999999576e-08 6.630656434171378066e-01
6.283277000000000366e-08 3.375759859548346231e-01
6.284277999999999834e-08 -3.631844919299656582e-02
6.285278999999999301e-08 -4.051054185341467218e-01
6.286280000000000092e-08 -7.159351022969567824e-01
6.287280999999999560e-08 -9.241985481100146727e-01
6.288282000000000351e-08 -9.999417375361637772e-01
6.289282999999999818e-08 -9.321913492611800800e-01
6.290283999999999286e-08 -7.305650461544155316e-01
6.291285000000000077e-08 -4.239271417200823899e-01
6.292285999999999544e-08 -5.627442727712601844e-02
6.293287000000000335e-08 3.195640511384648663e-01
6.294287999999999802e-08 6.495129190843802469e-01
6.295288999999999270e-08 8.860335928051029653e-01
6.296290000000000061e-08 9.949839881160816857e-01
6.297290999999999528e-08 9.605635119405816491e-01
6.298292000000000319e-08 7.876247833133902532e-01
6.299292999999999787e-08 5.010110242443436279e-01
6.300293999999999254e-08 1.420062631996817926e-01
6.301295000000000045e-08 -2.375972176299885885e-01
6.302295999999999513e-08 -5.829637363234853042e-01
6.303297000000000304e-08 -8.441364977343145393e-01
6.304297999999999771e-08 -9.832726418908780408e-01
6.305298999999999238e-08 -9.801419805773156080e-01
6.306300000000000029e-08 -8.350882321168894284e-01
6.307300999999999497e-08 -5.690164934111411332e-01
6.308302000000000288e-08 -2.204002793843952979e-01
6.309302999999999755e-08 1.602663075672819404e-01
6.310303999999999223e-08 5.177735521778682459e-01
6.311305000000000014e-08 8.002027235001765160e-01
6.312305999999999481e-08 9.664732986282581484e-01
6.313307000000000272e-08 9.923326651289492428e-01
6.314307999999999740e-08 8.739129292782465974e-01
6.315308999999999207e-08 6.283304531611709765e-01
6.316309999999999998e-08 2.912324337589195511e-01
6.317310999999999465e-08 -8.836087039277688848e-02
6.318312000000000256e-08 -4.551744359491814440e-01
6.319312999999999724e-08 -7.557251476372828236e-01
6.320313999999999191e-08 -9.461258139002943768e-01
6.321314999999999982e-08 -9.985069654961805652e-01
6.322315999999999450e-08 -9.051148650004189333e-01
6.323317000000000241e-08 -6.794804656090125405e-01
6.324317999999999708e-08 -3.544801415881081996e-01
6.325318999999999176e-08 2.243704705644642902e-02
6.326319999999999966e-08 3.961652944793175868e-01
6.327320999999999434e-08 7.119948713187869149e-01
6.328322000000000225e-08 9.236256150205531812e-01
6.329322999999999692e-08 9.999666897335243165e-01
6.330323999999999160e-08 9.297222298858497380e-01
6.331324999999999951e-08 7.230839197788632156e-01
6.332325999999999418e-08 4.102738942243048803e-01
6.333327000000000209e-08 3.714299601114506161e-02
6.334327999999999677e-08 -3.415372607846399733e-01
6.335328999999999144e-08 -6.701095188308204831e-01
6.336329999999999935e-08 -9.002142798897441178e-01
6.337330999999999402e-08 -9.979187131096352026e-01
6.338332000000000193e-08 -9.487380750648196637e-01
6.339332999999999661e-08 -7.598041401775282866e-01
6.340333999999999128e-08 -4.588530036057676398e-01
6.341334999999999919e-08 -9.017250806374263461e-02
6.342335999999999387e-08 2.919014487208253517e-01
6.343337000000000178e-08 6.309867076257316132e-01
6.344337999999999645e-08 8.769773015933646221e-01
6.345338999999999113e-08 9.934578139302354671e-01
6.346339999999999904e-08 9.631110253196536464e-01
6.347340999999999371e-08 7.903133695028715655e-01
6.348342000000000162e-08 5.005261830112796018e-01
6.349342999999999629e-08 1.365638357369309275e-01
6.350343999999999097e-08 -2.477172581976406773e-01
6.351344999999999888e-08 -5.953806816081994580e-01
6.352345999999999355e-08 -8.548471148937930586e-01
6.353347000000000146e-08 -9.875561008071734870e-01
6.354347999999999614e-08 -9.737129996174448410e-01
6.355348999999999081e-08 -8.152622416656406523e-01
6.356349999999999872e-08 -5.356372710142720539e-01
6.357350999999999340e-08 -1.763152780324336588e-01
6.358352000000000130e-08 2.093198195318799193e-01
6.359352999999999598e-08 5.639004244318837067e-01
6.360353999999999065e-08 8.346096662833680790e-01
6.361354999999999856e-08 9.810575114773824046e-01
6.362355999999999324e-08 9.813228164545648724e-01
6.363357000000000115e-08 8.352551581339949793e-01
6.364357999999999582e-08 5.645361081747753973e-01
6.365359000000000373e-08 2.094816984072012944e-01
6.366359999999999841e-08 -1.769455185225373151e-01
6.367360999999999308e-08 -5.370278807884181216e-01
6.368362000000000099e-08 -8.169130402527983170e-01
6.369362999999999566e-08 -9.746759877018141838e-01
6.370364000000000357e-08 -9.866145678402284958e-01
6.371364999999999825e-08 -8.508308732972753585e-01
6.372365999999999292e-08 -5.875543736528702210e-01
6.373367000000000083e-08 -2.361492104710888884e-01
6.374367999999999551e-08 1.507548390076106914e-01
6.375369000000000342e-08 5.151351976303417679e-01
6.376369999999999809e-08 8.022768912216038384e-01
6.377370999999999277e-08 9.689960919855796773e-01
6.378372000000000068e-08 9.901497138003140241e-01
6.379372999999999535e-08 8.624475644542618502e-01
6.380374000000000326e-08 6.049860683956866936e-01
6.381374999999999793e-08 2.564140617109604836e-01
6.382375999999999261e-08 -1.308519960768662060e-01
6.383377000000000052e-08 -4.985001462219250112e-01
6.384377999999999519e-08 -7.911016598789685217e-01
6.385379000000000310e-08 -9.644750130012917921e-01
6.386379999999999778e-08 -9.923719608516411439e-01
6.387380999999999245e-08 -8.704716921548749653e-01
6.388382000000000036e-08 -6.170722790390353873e-01
6.389382999999999504e-08 -2.703657137988610404e-01
6.390384000000000294e-08 1.173010140648132610e-01
6.391384999999999762e-08 4.873190972757260875e-01
6.392385999999999229e-08 7.836767666458904769e-01
6.393387000000000020e-08 9.614450957488446248e-01
6.394387999999999488e-08 9.936041286750199042e-01
6.395389000000000279e-08 8.751700321608725242e-01
6.396389999999999746e-08 6.239898587524667084e-01
6.397390999999999214e-08 2.780740479855650649e-01
6.398392000000000005e-08 -1.101380351662917950e-01
6.399392999999999472e-08 -4.817170966374937358e-01
6.400394000000000263e-08 -7.801871701918977609e-01
6.401394999999999730e-08 -9.601162220463324015e-01
6.402395999999999198e-08 -9.940463684895682883e-01
6.403396999999999989e-08 -8.767043688581921401e-01
6.404397999999999456e-08 -6.258437054944511191e-01
6.405399000000000247e-08 -2.795805988888270810e-01
6.406399999999999715e-08 1.093797351126393480e-01
6.407400999999999182e-08 4.817547323539814186e-01
6.408401999999999973e-08 7.807178555552655164e-01
6.409402999999999441e-08 9.605775528975541988e-01
6.410404000000000232e-08 9.937752668336844453e-01
6.411404999999999699e-08 8.751284714740005244e-01
6.412405999999999166e-08 6.226623932812347384e-01
6.413406999999999957e-08 2.748937286681131242e-01
6.414407999999999425e-08 -1.150277811115778537e-01
6.415409000000000216e-08 -4.874316019364934860e-01
6.416409999999999683e-08 -7.852559771673424116e-01
6.417410999999999151e-08 -9.627983253982023149e-01
6.418411999999999942e-08 -9.927435445898865618e-01
6.419412999999999409e-08 -8.703871208369302614e-01
6.420414000000000200e-08 -6.143970080127820754e-01
6.421414999999999668e-08 -2.639876854295699626e-01
6.422415999999999135e-08 1.270693041205745721e-01
6.423416999999999926e-08 4.986862890097034651e-01
6.424417999999999393e-08 7.936905316040008262e-01
6.425419000000000184e-08 9.666275739385256083e-01
6.426419999999999652e-08 9.907802400480208993e-01
6.427420999999999119e-08 8.623171090790594517e-01
6.428421999999999910e-08 6.009231470031429767e-01
6.429422999999999378e-08 2.468055342521879025e-01
6.430424000000000169e-08 -1.454733827508704336e-01
6.431424999999999636e-08 -5.153928499444021538e-01
6.432425999999999104e-08 -8.058095789398374009e-01
6.433426999999999894e-08 -9.717928206163872762e-01
6.434427999999999362e-08 -9.875914446679322500e-01
6.435429000000000153e-08 -8.506502919698719634e-01
6.436429999999999620e-08 -5.820461520434832003e-01
6.437430999999999088e-08 -2.232659962660865360e-01
6.438431999999999879e-08 1.701835600993583386e-01
6.439432999999999346e-08 5.373539025436001593e-01
6.440434000000000137e-08 8.212951764760729745e-01
6.441434999999999605e-08 9.778979556153672981e-01
6.442435999999999072e-08 9.827618395191100031e-01
6.443436999999999863e-08 8.350189281640774119e-01
6.444437999999999330e-08 5.575097512114866039e-01
6.445439000000000121e-08 1.932742705269959727e-01
6.446439999999999589e-08 -2.011064479774169189e-01
6.447440999999999056e-08 -5.642905094084682549e-01
6.448441999999999847e-08 -8.397163405663696789e-01
6.449442999999999315e-08 -9.844207072657129576e-01
6.450444000000000106e-08 -9.757574573994451939e-01
6.451444999999999573e-08 -8.149636858742177470e-01
6.452446000000000364e-08 -5.270083760159053332e-01
6.453446999999999832e-08 -1.567369347138654334e-01
6.454447999999999299e-08 2.380965256783922068e-01
6.455449000000000090e-08 5.958291668728550317e-01
6.456449999999999557e-08 8.605205168095081403e-01
6.457451000000000348e-08 9.907102851118033682e-01
6.458451999999999816e-08 9.659302676115200104e-01
6.459452999999999283e-08 7.899448287541204206e-01
6.460454000000000074e-08 4.902034884973982543e-01
6.461454999999999542e-08 1.135810133287895041e-01
6.462456000000000333e-08 -2.809373226181910432e-01
6.463456999999999800e-08 -6.314863541604550656e-01
6.464457999999999268e-08 -8.830242202181719513e-01
6.465459000000000059e-08 -9.959859674255716611e-01
6.466459999999999526e-08 -9.525253428126266853e-01
6.467461000000000317e-08 -7.593572009758630115e-01
6.468461999999999784e-08 -4.467442871800578752e-01
6.469462999999999252e-08 -6.377725523578953171e-02
6.470464000000000043e-08 3.293192953758417030e-01
6.471464999999999510e-08 6.706512730779740084e-01
6.472466000000000301e-08 9.064037072466566425e-01
6.473466999999999769e-08 9.993375946654620146e-01
6.474467999999999236e-08 9.346915133527975428e-01
6.475469000000000027e-08 7.225497064998364083e-01
6.476469999999999495e-08 3.962931497360128175e-01
6.477471000000000285e-08 7.367565020487739508e-03
6.478471999999999753e-08 -3.828148783188615178e-01
6.479472999999999220e-08 -7.125676204182586071e-01
6.480474000000000011e-08 -9.296867600543349264e-01
6.481474999999999479e-08 -9.997291166257343820e-01
6.482476000000000270e-08 -9.114965341502184737e-01
6.483476999999999737e-08 -6.788500069659797465e-01
6.484477999999999205e-08 -3.385561011325983749e-01
6.485478999999999996e-08 5.550362596321699316e-02
6.486479999999999463e-08 4.408514098563406924e-01
6.487481000000000254e-08 7.563154846985894464e-01
6.488481999999999721e-08 9.517468956247475687e-01
6.489482999999999189e-08 9.960065137172940952e-01
6.490483999999999980e-08 8.819478689990434273e-01
6.491484999999999447e-08 6.275951316242014411e-01
6.492486000000000238e-08 2.733184552916923526e-01
6.493486999999999706e-08 -1.245544927045696276e-01
6.494487999999999173e-08 -5.026829175306426478e-01
6.495488999999999964e-08 -8.007947432437014790e-01
6.496489999999999432e-08 -9.713015491555497816e-01
6.497491000000000223e-08 -9.869115575879088276e-01
6.498491999999999690e-08 -8.450202200546783615e-01
6.499492999999999157e-08 -5.681685842624695226e-01
6.500493999999999948e-08 -2.004855521309395761e-01
6.501494999999999416e-08 1.993282062890752160e-01
6.502496000000000207e-08 5.673620848410066975e-01
6.503496999999999674e-08 8.447116471070944543e-01
6.504497999999999142e-08 9.869160076053525854e-01
6.505498999999999933e-08 9.711029735473268865e-01
6.506499999999999400e-08 7.996908751263454018e-01
6.507501000000000191e-08 5.000443275131781773e-01
6.508501999999999659e-08 1.201281874529846194e-01
6.509502999999999126e-08 -2.791537247711265990e-01
6.510503999999999917e-08 -6.337141156526319152e-01
6.511504999999999384e-08 -8.865706054939749281e-01
6.512506000000000175e-08 -9.970150639517710855e-01
6.513506999999999643e-08 -9.471865919880416707e-01
6.514507999999999110e-08 -7.449837880657763645e-01
6.515508999999999901e-08 -4.228377051401929210e-01
6.516509999999999369e-08 -3.253190023779492512e-02
6.517511000000000160e-08 3.631066040886457569e-01
6.518511999999999627e-08 7.003146458748588099e-01
6.519512999999999095e-08 9.246734958746379851e-01
6.520513999999999885e-08 9.999044968729530192e-01
6.521514999999999353e-08 9.137559978949412187e-01
6.522516000000000144e-08 6.800230214621028058e-01
6.523516999999999611e-08 3.363629101158275292e-01
6.524517999999999079e-08 -6.175126498960527288e-02
6.525518999999999870e-08 -4.499719964101958625e-01
6.526519999999999337e-08 -7.654743052106879331e-01
6.527521000000000128e-08 -9.571290994079494352e-01
6.528521999999999596e-08 -9.938045179804270157e-01
6.529522999999999063e-08 -8.694449718787353731e-01
6.530523999999999854e-08 -6.040957390521781711e-01
6.531524999999999321e-08 -2.406960064888395701e-01
6.532526000000000112e-08 1.618505617929495710e-01
6.533526999999999580e-08 5.382126071406859724e-01
6.534527999999999047e-08 8.272329715896081792e-01
6.535528999999999838e-08 9.818754521672606872e-01
6.536529999999999306e-08 9.768972261032100590e-01
6.537531000000000097e-08 8.129926254333190716e-01
6.538531999999999564e-08 5.167243130223025949e-01
6.539533000000000355e-08 1.362417593101790392e-01
6.540533999999999823e-08 -2.665267101540767514e-01
6.541534999999999290e-08 -6.259450095106638967e-01
6.542536000000000081e-08 -8.833671420688583575e-01
6.543536999999999548e-08 -9.967179593431300111e-01
6.544538000000000339e-08 -9.473898164143785827e-01
6.545538999999999807e-08 -7.433215297887255657e-01
6.546539999999999274e-08 -4.177462899435830934e-01
6.547541000000000065e-08 -2.380162350091852286e-02
6.548541999999999533e-08 3.741280570740548872e-01
6.549543000000000324e-08 7.109283201115401685e-01
6.550543999999999791e-08 9.314141074650268415e-01
6.551544999999999259e-08 9.993859810592125026e-01
6.552546000000000049e-08 9.035947592907948023e-01
6.553546999999999517e-08 6.596282883585082857e-01
6.554548000000000308e-08 3.073999305476694532e-01
6.555548999999999775e-08 -9.536079028137993407e-02
6.556549999999999243e-08 -4.825572111098203609e-01
6.557551000000000034e-08 -7.905697551210920659e-01
6.558551999999999501e-08 -9.687166909396502934e-01
6.559553000000000292e-08 -9.876101965927904791e-01
6.560553999999999760e-08 -8.440273387552752471e-01
6.561554999999999227e-08 -5.614848835077378419e-01
6.562556000000000018e-08 -1.864118116932395319e-01
6.563556999999999485e-08 2.194615755896726916e-01
6.564558000000000276e-08 5.892534438074094050e-01
6.565558999999999744e-08 8.619519316459609559e-01
6.566559999999999211e-08 9.924921082842091957e-01
6.567561000000000002e-08 9.592223176120240336e-01
6.568561999999999470e-08 7.675197795083578134e-01
6.569563000000000261e-08 4.489477320285087947e-01
6.570563999999999728e-08 5.608158597727837258e-02
6.571564999999999196e-08 -3.461516600129086463e-01
6.572565999999999987e-08 -6.911968269232444673e-01
6.573566999999999454e-08 -9.218868496967896897e-01
6.574568000000000245e-08 -9.999279364493798283e-01
6.575568999999999712e-08 -9.122775831257495804e-01
6.576569999999999180e-08 -6.733496667061947827e-01
6.577570999999999971e-08 -3.226697281709672294e-01
6.578571999999999438e-08 8.164250165349236366e-02
6.579573000000000229e-08 4.724922119799273013e-01
6.580573999999999697e-08 7.849404968331026300e-01
6.581574999999999164e-08 9.670011706936119111e-01
6.582575999999999955e-08 9.883071419953980419e-01
6.583576999999999423e-08 8.451988745607382780e-01
6.584578000000000213e-08 5.613784712219970219e-01
6.585578999999999681e-08 1.840086906975932080e-01
6.586579999999999148e-08 -2.241052399291935393e-01
6.587580999999999939e-08 -5.949581842674048771e-01
6.588581999999999407e-08 -8.666774648863628805e-01
6.589583000000000198e-08 -9.938565721073706616e-01
6.590583999999999665e-08 -9.551625359318653974e-01
6.591584999999999133e-08 -7.569392088806127239e-01
6.592585999999999924e-08 -4.321937700907864111e-01
6.593586999999999391e-08 -3.512365756954077822e-02
6.594588000000000182e-08 3.679124783551607769e-01
6.595588999999999649e-08 7.094783300879720089e-01
6.596589999999999117e-08 9.323478648466764218e-01
6.597590999999999908e-08 9.991074805294857253e-01
6.598591999999999375e-08 8.984588212101752847e-01
6.599593000000000166e-08 6.471568104245966069e-01
6.600593999999999634e-08 2.872462824648159274e-01
6.601594999999999101e-08 -1.209514624222273876e-01
6.602595999999999892e-08 -5.089358438255425776e-01
6.603596999999999360e-08 -8.115199317121291056e-01
6.604598000000000151e-08 -9.777912785341053015e-01
6.605598999999999618e-08 -9.796962596606644258e-01
6.606599999999999085e-08 -8.167975586923185150e-01
6.607600999999999876e-08 -5.163939934959004274e-01
6.608601999999999344e-08 -1.289702737975360058e-01
6.609603000000000135e-08 2.802690598713931114e-01
6.610603999999999602e-08 6.423649043449706220e-01
6.611604999999999070e-08 8.962255982433553481e-01
6.612605999999999861e-08 9.989466498147779872e-01
6.613606999999999328e-08 9.330828851191166340e-01
6.614608000000000119e-08 7.096369315114681164e-01
6.615608999999999587e-08 3.662478459177120338e-01
6.616609999999999054e-08 -3.912656369584331661e-02
6.617610999999999845e-08 -4.379771699819844932e-01
6.618611999999999312e-08 -7.628171786545073774e-01
6.619613000000000103e-08 -9.586076005719000870e-01
6.620613999999999571e-08 -9.920991585311533800e-01
6.621615000000000362e-08 -8.575022664528241245e-01
6.622615999999999829e-08 -5.775142535592052706e-01
6.623616999999999297e-08 -1.995174155531334592e-01
6.624618000000000088e-08 2.124196681666735143e-01
6.625618999999999555e-08 5.883906853565195050e-01
6.626620000000000346e-08 8.645149188446076272e-01
6.627620999999999813e-08 9.938021227736825169e-01
6.628621999999999281e-08 9.541692147778189081e-01
6.629623000000000072e-08 7.522377608308969954e-01
6.630623999999999539e-08 4.222549670274794442e-01
6.631625000000000330e-08 2.030909357749287672e-02
6.632625999999999798e-08 -3.851877398019888377e-01
6.633626999999999265e-08 -7.251372741877224470e-01
6.634628000000000056e-08 -9.415347329387631081e-01
6.635628999999999524e-08 -9.973813827663875475e-01
6.636630000000000315e-08 -8.830334818607473713e-01
6.637630999999999782e-08 -6.178942654155252789e-01
6.638631999999999249e-08 -2.471477508413205404e-01
6.639633000000000040e-08 1.659204109235541402e-01
6.640633999999999508e-08 5.507135695970936107e-01
6.641635000000000299e-08 8.413884247771762359e-01
6.642635999999999766e-08 9.881316390844373521e-01
6.643636999999999234e-08 9.657157732393329974e-01
6.644638000000000025e-08 7.778617103570644176e-01
6.645638999999999492e-08 4.566489264884010524e-01
6.646640000000000283e-08 5.706179342984502717e-02
6.647640999999999751e-08 -3.524051789062035422e-01
6.648641999999999218e-08 -7.014809633750822560e-01
6.649643000000000009e-08 -9.301817239558318740e-01
6.650643999999999476e-08 -9.991329242707874814e-01
6.651645000000000267e-08 -8.963711075198459444e-01
6.652645999999999735e-08 -6.394465057551548259e-01
6.653646999999999202e-08 -2.724524795068856142e-01
6.654647999999999993e-08 1.415201246159900617e-01
6.655648999999999461e-08 5.312161960379587766e-01
6.656650000000000252e-08 8.294792648926919698e-01
6.657650999999999719e-08 9.848340254306975350e-01
6.658651999999999187e-08 9.703892489123161491e-01
6.659652999999999977e-08 7.885180333352600490e-01
6.660653999999999445e-08 4.704965014462690887e-01
6.661655000000000236e-08 7.115022271640078499e-02
6.662655999999999703e-08 -3.405796290264759274e-01
6.663656999999999171e-08 -6.935302263209732754e-01
6.664657999999999962e-08 -9.266205367528890235e-01
6.665658999999999429e-08 -9.994364967159605762e-01
6.666660000000000220e-08 -8.992610477360225563e-01
6.667660999999999688e-08 -6.433222528027198184e-01
6.668661999999999155e-08 -2.758575296094397111e-01
6.669662999999999946e-08 1.395105319625317419e-01
6.670663999999999413e-08 5.307766215312709202e-01
6.671665000000000204e-08 8.300330557346800031e-01
6.672665999999999672e-08 9.852652449909934385e-01
6.673666999999999139e-08 9.694118181082977959e-01
6.674667999999999930e-08 7.851079657719330918e-01
6.675668999999999398e-08 4.642761850696898729e-01
6.676670000000000189e-08 6.262224703827806715e-02
6.677670999999999656e-08 -3.500190483339465919e-01
6.678671999999999124e-08 -7.018183310116340445e-01
6.679672999999999915e-08 -9.314592154615992659e-01
6.680673999999999382e-08 -9.988403596925194972e-01
6.681675000000000173e-08 -8.921015397160607652e-01
6.682675999999999640e-08 -6.297387076151050866e-01
6.683676999999999108e-08 -2.574262312563776467e-01
6.684677999999999899e-08 1.599125804622286429e-01
6.685678999999999366e-08 5.494139125472865537e-01
6.686680000000000157e-08 8.429933944853139627e-01
6.687680999999999625e-08 9.892573179886643420e-01
6.688681999999999092e-08 9.625195467917896375e-01
6.689682999999999883e-08 7.673386768439944827e-01
6.690683999999999351e-08 4.377694938655997681e-01
6.691685000000000141e-08 3.144619275474272446e-02
6.692685999999999609e-08 -3.804790870967198479e-01
6.693686999999999076e-08 -7.257890348918503154e-01
6.694687999999999867e-08 -9.438670501853527739e-01
6.695688999999999335e-08 -9.963539838689299266e-01
6.696690000000000126e-08 -8.739194701544807931e-01
6.697690999999999593e-08 -5.979483747440174080e-01
6.698691999999999061e-08 -2.168328658124155095e-01
6.699692999999999852e-08 2.024918516460780804e-01
6.700693999999999319e-08 5.862914662219953499e-01
6.701695000000000110e-08 8.669977860392741320e-01
6.702695999999999577e-08 9.951155783886129758e-01
6.703696999999999045e-08 9.479708382269755873e-01
6.704697999999999836e-08 7.337505710324341290e-01
6.705698999999999303e-08 3.901096699688497704e-01
6.706700000000000094e-08 -2.242334245475719606e-02
6.707700999999999562e-08 -4.310912920885293098e-01
6.708702000000000353e-08 -7.637348927731267834e-01
6.709702999999999820e-08 -9.615406222674662828e-01
6.710703999999999288e-08 -9.894567370120234129e-01
6.711705000000000079e-08 -8.424296954945476035e-01
6.712705999999999546e-08 -5.463470226560777077e-01
6.713707000000000337e-08 -1.535061440585195058e-01
6.714707999999999804e-08 2.666025535080015496e-01
6.715708999999999272e-08 6.395776941845996433e-01
6.716710000000000063e-08 8.992850271492039971e-01
6.717710999999999530e-08 9.995973053943589814e-01
6.718712000000000321e-08 9.226096084168285971e-01
6.719712999999999789e-08 6.818630043325485390e-01
6.720713999999999256e-08 3.199913433908510574e-01
6.721715000000000047e-08 -9.880507680566143203e-02
6.722715999999999515e-08 -5.001345807763938334e-01
6.723717000000000306e-08 -8.126251486788175216e-01
6.724717999999999773e-08 -9.806259284463777481e-01
6.725718999999999240e-08 -9.741373186457660260e-01
6.726720000000000031e-08 -7.941943531683207658e-01
6.727720999999999499e-08 -4.727327227546184174e-01
6.728722000000000290e-08 -6.694718965939258637e-02
6.729722999999999757e-08 3.508657391053134345e-01
6.730723999999999225e-08 7.061804202437870215e-01
6.731725000000000016e-08 9.355394342590913626e-01
6.732725999999999483e-08 9.979023931310425644e-01
6.733727000000000274e-08 8.820138150941198019e-01
6.734727999999999741e-08 6.084630502238700389e-01
6.735728999999999209e-08 2.260543570433844185e-01
6.736730000000000000e-08 -1.968780336339997494e-01
6.737730999999999467e-08 -5.846683717058550611e-01
6.738732000000000258e-08 -8.678560666439687488e-01
6.739732999999999726e-08 -9.956389946572209437e-01
6.740733999999999193e-08 -9.450086971701621152e-01
6.741734999999999984e-08 -7.249209664593253555e-01
6.742735999999999452e-08 -3.747409765073398957e-01
6.743737000000000243e-08 4.277257810677401184e-02
6.744737999999999710e-08 4.526984846670167317e-01
6.745738999999999177e-08 7.813923151406216849e-01
6.746739999999999968e-08 9.697242415713068775e-01
6.747740999999999436e-08 9.837345433215486379e-01
6.748742000000000227e-08 8.207833597093805444e-01
6.749742999999999694e-08 5.100763929822679232e-01
6.750743999999999162e-08 1.074575848249548632e-01
6.751744999999999953e-08 -3.146077505410065922e-01
6.752745999999999420e-08 -6.800662465563600545e-01
6.753747000000000211e-08 -9.229838619076915496e-01
6.754747999999999679e-08 -9.994562733145683220e-01
6.755748999999999146e-08 -8.955681307621207177e-01
6.756749999999999937e-08 -6.299539817383282836e-01
6.757750999999999404e-08 -2.504845217133226387e-01
6.758752000000000195e-08 1.743378596475207709e-01
6.759752999999999663e-08 5.677318674961167044e-01
6.760753999999999130e-08 8.585133499234492982e-01
6.761754999999999921e-08 9.939871608713481965e-01
6.762755999999999389e-08 9.495180677007518666e-01
6.763757000000000180e-08 7.330385125946698999e-01
6.764757999999999647e-08 3.836634265866261106e-01
6.765758999999999115e-08 -3.535169350597279492e-02
6.766759999999999906e-08 -4.480463800475120717e-01
6.767760999999999373e-08 -7.795202165316421627e-01
6.768762000000000164e-08 -9.695338974176995750e-01
6.769762999999999631e-08 -9.834752465394792642e-01
6.770763999999999099e-08 -8.186905960009626115e-01
6.771764999999999890e-08 -5.050186150633019233e-01
6.772765999999999357e-08 -9.941480316606511602e-02
6.773767000000000148e-08 3.243700347276221030e-01
6.774767999999999616e-08 6.891905879185943329e-01
6.775768999999999083e-08 9.285538706139716547e-01
6.776769999999999874e-08 9.987538235031512279e-01
6.777770999999999342e-08 8.868764209056223535e-01
6.778772000000000132e-08 6.132046462902739359e-01
6.779772999999999600e-08 2.275702909589348566e-01
6.780773999999999067e-08 -1.996966469512403697e-01
6.781774999999999858e-08 -5.905814272134670695e-01
6.782775999999999326e-08 -8.736288115967607570e-01
6.783777000000000117e-08 -9.970174457861095130e-01
6.784777999999999584e-08 -9.380699547239640390e-01
6.785778999999999052e-08 -7.074494367075546686e-01
6.786779999999999843e-08 -3.472606485878858007e-01
6.787780999999999310e-08 7.661169875895101899e-02
6.788782000000000101e-08 4.865380665033184893e-01
6.789782999999999568e-08 8.073572185514358290e-01
6.790784000000000359e-08 9.801659029319534921e-01
6.791784999999999827e-08 9.731535777886602956e-01
6.792785999999999294e-08 7.874856249960555665e-01
6.793787000000000085e-08 4.571420019351876141e-01
6.794787999999999553e-08 4.272575617778421458e-02
6.795789000000000344e-08 -3.796355401196698787e-01
6.796789999999999811e-08 -7.322664959635528659e-01
6.797790999999999279e-08 -9.502341591114041863e-01
6.798792000000000070e-08 -9.933218800409631122e-01
6.799792999999999537e-08 -8.534756414354298659e-01
6.800794000000000328e-08 -5.563393930613704796e-01
6.801794999999999795e-08 -1.565814967189882168e-01
6.802795999999999263e-08 2.721413790358738205e-01
6.803797000000000054e-08 6.507445769133278768e-01
6.804797999999999521e-08 9.093056050365924126e-01
6.805799000000000312e-08 9.999921418609137858e-01
6.806799999999999780e-08 9.059350251958621092e-01
6.807800999999999247e-08 6.443958421065767439e-01
6.808802000000000038e-08 2.636289909956414101e-01
6.809802999999999506e-08 -1.659970179498806708e-01
6.810804000000000296e-08 -5.649899146579010489e-01
6.811804999999999764e-08 -8.594402779630554434e-01
6.812805999999999231e-08 -9.947239144032032909e-01
6.813807000000000022e-08 -9.456575986290187696e-01
6.814807999999999490e-08 -7.212159445441335137e-01
6.815809000000000281e-08 -3.629206538448065400e-01
6.816809999999999748e-08 6.281472956407123387e-02
6.817810999999999216e-08 4.769781172305508909e-01
6.818812000000000007e-08 8.026179287585910593e-01
6.819812999999999474e-08 9.791491460065363528e-01
6.820814000000000265e-08 9.736452079852350172e-01
6.821814999999999732e-08 7.870074660664343469e-01
6.822815999999999200e-08 4.538510995214120047e-01
6.823816999999999991e-08 3.611302008662613250e-02
6.824817999999999458e-08 -3.884431218832928301e-01
6.825819000000000249e-08 -7.406951597735430548e-01
6.826819999999999717e-08 -9.549134899654871944e-01
6.827820999999999184e-08 -9.910439168618071504e-01
6.828821999999999975e-08 -8.422237030874993868e-01
6.829822999999999443e-08 -5.361155321545884034e-01
6.830824000000000234e-08 -1.297947591501398268e-01
6.831824999999999701e-08 3.008706263209061094e-01
6.832825999999999168e-08 6.753753983867616384e-01
6.833826999999999959e-08 9.236287801945176623e-01
6.834827999999999427e-08 9.990878181032235572e-01
6.835829000000000218e-08 8.875087102342551493e-01
6.836829999999999685e-08 6.096659154925107016e-01
6.837830999999999153e-08 2.175144481319285783e-01
6.838831999999999944e-08 -2.155014706631366295e-01
6.839832999999999411e-08 -6.081901837667547106e-01
6.840834000000000202e-08 -8.868361690547503784e-01
6.841834999999999670e-08 -9.990510248314571351e-01
6.842835999999999137e-08 -9.236468862603718355e-01
6.843836999999999928e-08 -6.746670532198636439e-01
6.844837999999999395e-08 -2.988015494078749557e-01
6.845839000000000186e-08 1.333427592016340202e-01
6.846839999999999654e-08 5.404901002557481737e-01
6.847840999999999121e-08 8.459790722338237368e-01
6.848841999999999912e-08 9.922079145500500852e-01
6.849842999999999380e-08 9.515178745315410191e-01
6.850844000000000171e-08 7.314542209769412384e-01
6.851844999999999638e-08 3.733987460585442286e-01
6.852845999999999106e-08 -5.518468900256903037e-02
6.853846999999999896e-08 -4.734436607489552196e-01
6.854847999999999364e-08 -8.023848408322118431e-01
6.855849000000000155e-08 -9.798013270534264851e-01
6.856849999999999622e-08 -9.720572824923773281e-01
6.857850999999999090e-08 -7.804935416740553800e-01
6.858851999999999881e-08 -4.412289578548739266e-01
6.859852999999999348e-08 -1.837871734398712625e-02
6.860854000000000139e-08 4.080424996897633050e-01
6.861854999999999607e-08 7.572539602351712196e-01
6.862855999999999074e-08 9.630181472216019500e-01
6.863856999999999865e-08 9.862233581146808703e-01
6.864857999999999332e-08 8.223458994513261899e-01
6.865859000000000123e-08 5.023629455955321843e-01
6.866859999999999591e-08 8.692652039603573910e-02
6.867860999999999058e-08 -3.451113525724438524e-01
6.868861999999999849e-08 -7.116555381212236187e-01
6.869862999999999317e-08 -9.429715246273190354e-01
6.870864000000000108e-08 -9.949694768272355772e-01
6.871864999999999575e-08 -8.576348510950311255e-01
6.872865999999999043e-08 -5.569884665931051915e-01
6.873866999999999834e-08 -1.501866956155792354e-01
6.874867999999999301e-08 2.853214552737134979e-01
6.875869000000000092e-08 6.665278702136046007e-01
6.876869999999999559e-08 9.206888786927260870e-01
6.877871000000000350e-08 9.992220828566533708e-01
6.878871999999999818e-08 8.870187183066101655e-01
6.879872999999999285e-08 6.053816531331037698e-01
6.880874000000000076e-08 2.080119142891400097e-01
6.881874999999999544e-08 -2.292061739657740016e-01
6.882876000000000335e-08 -6.226829441762606887e-01
6.883876999999999802e-08 -8.971047961919542679e-01
6.884877999999999270e-08 -9.998635851680142128e-01
6.885879000000000060e-08 -9.111668277532818383e-01
6.886879999999999528e-08 -6.478810369996441665e-01
6.887881000000000319e-08 -2.603560631041466622e-01
6.888881999999999786e-08 1.771778603673921371e-01
6.889882999999999254e-08 5.808138437914391883e-01
6.890884000000000045e-08 8.730579331990310221e-01
6.891884999999999512e-08 9.977196201809993559e-01
6.892886000000000303e-08 9.307397036542102153e-01
6.893886999999999771e-08 6.848644380469374182e-01
6.894887999999999238e-08 3.072520811255376461e-01
6.895889000000000029e-08 -1.295451067169449966e-01
6.896889999999999496e-08 -5.415041343111930416e-01
6.897891000000000287e-08 -8.492910734697425301e-01
6.898891999999999755e-08 -9.935500509285688508e-01
6.899892999999999222e-08 -9.463729036386843152e-01
6.900894000000000013e-08 -7.167287720548101149e-01
6.901894999999999481e-08 -3.487915117370710139e-01
6.902896000000000272e-08 8.652974235483203158e-02
6.903896999999999739e-08 5.052384352870551432e-01
6.904897999999999207e-08 8.264535587369811198e-01
6.905898999999999998e-08 9.880430656022989311e-01
6.906899999999999465e-08 9.586641158970979903e-01
6.907901000000000256e-08 7.438727098589424935e-01
6.908901999999999723e-08 3.851060168045268850e-01
6.909902999999999191e-08 -4.828306401767010897e-02
6.910903999999999982e-08 -4.724135114156299831e-01
6.911904999999999449e-08 -8.051053843428542800e-01
6.912906000000000240e-08 -9.818117586939252295e-01
6.913906999999999708e-08 -9.681630972830833626e-01
6.914907999999999175e-08 -7.666820319267277917e-01
6.915908999999999966e-08 -4.163509803516443619e-01
6.916909999999999434e-08 1.490092202463367925e-02
6.917911000000000224e-08 4.433493293227658838e-01
6.918911999999999692e-08 7.857223387335813269e-01
6.919912999999999159e-08 9.753926175683599320e-01
6.920913999999999950e-08 9.753640213647323254e-01
6.921914999999999418e-08 7.855174656393719701e-01
6.922916000000000209e-08 4.426912376149534367e-01
6.923916999999999676e-08 1.356260665800872178e-02
6.924917999999999144e-08 -4.182996350400632890e-01
6.925918999999999935e-08 -7.687016520394258645e-01
6.926919999999999402e-08 -9.692453899328424827e-01
6.927921000000000193e-08 -9.806998164518972994e-01
6.928921999999999660e-08 -8.007047618195850536e-01
6.929922999999999128e-08 -4.642888998364648190e-01
6.930923999999999919e-08 -3.708313977109232995e-02
6.931924999999999386e-08 3.974617010712050424e-01
6.932926000000000177e-08 7.543677032851715536e-01
6.933926999999999645e-08 9.637538682356268094e-01
6.934927999999999112e-08 9.845381010863399895e-01
6.935928999999999903e-08 8.125267579941322094e-01
6.936929999999999371e-08 4.812932024841572454e-01
6.937931000000000162e-08 5.565561896740880282e-02
6.938931999999999629e-08 -3.809849725943215137e-01
6.939932999999999096e-08 -7.429774151176858910e-01
6.940933999999999887e-08 -9.592271916819378186e-01
6.941934999999999355e-08 -9.871783639690189238e-01
6.942936000000000146e-08 -8.212171843052190612e-01
6.943936999999999613e-08 -4.938322814574156450e-01
6.944937999999999081e-08 -6.928571047062248578e-02
6.945938999999999872e-08 3.689784096961220561e-01
6.946939999999999339e-08 7.347250378922943748e-01
6.947941000000000130e-08 9.559013325540649531e-01
6.948941999999999598e-08 9.888500832739085533e-01
6.949942999999999065e-08 8.269559901564591531e-01
6.950943999999999856e-08 5.020067749656457190e-01
6.951944999999999323e-08 7.798300664088492207e-02
6.952946000000000114e-08 -3.615163775756715103e-01
6.953946999999999582e-08 -7.297460910558490887e-01
6.954947999999999049e-08 -9.539404990912534466e-01
6.955948999999999840e-08 -9.897115339954212221e-01
6.956949999999999308e-08 -8.298660023527227869e-01
6.957951000000000099e-08 -5.058851550023359955e-01
6.958951999999999566e-08 -8.175603689487846715e-02
6.959952999999999034e-08 3.586429809331417307e-01
6.960953999999999824e-08 7.281202893113083441e-01
6.961954999999999292e-08 9.534382513565711204e-01
6.962956000000000083e-08 9.898490893662383883e-01
6.963956999999999550e-08 8.300107659233590951e-01
6.964958000000000341e-08 5.055007086625634694e-01
6.965958999999999809e-08 8.060908584271854471e-02
6.966959999999999276e-08 -3.603747742515912567e-01
6.967961000000000067e-08 -7.298733349507262602e-01
6.968961999999999535e-08 -9.544181889905218874e-01
6.969963000000000326e-08 -9.892768820010990893e-01
6.970963999999999793e-08 -8.273934646623758438e-01
6.971964999999999260e-08 -5.008501132001529355e-01
6.972966000000000051e-08 -7.454081358391249912e-02
6.973966999999999519e-08 3.667018086333573845e-01
6.974968000000000310e-08 7.349775073269626535e-01
6.975968999999999777e-08 9.568341306992516060e-01
6.976969999999999245e-08 9.879367512894935421e-01
6.977971000000000036e-08 8.219568677085417052e-01
6.978971999999999503e-08 4.918935770601811086e-01
6.979973000000000294e-08 6.354467507113646663e-02
6.980973999999999762e-08 -3.775870006653542776e-01
6.981974999999999229e-08 -7.433510273329047013e-01
6.982976000000000020e-08 -9.605697652915522466e-01
6.983976999999999487e-08 -9.856984650047800889e-01
6.984978000000000278e-08 -8.135842994683148977e-01
6.985978999999999746e-08 -4.785565496759679460e-01
6.986979999999999213e-08 -4.761113954018868222e-02
6.987981000000000004e-08 3.929638320257374251e-01
6.988981999999999472e-08 7.548562207602981244e-01
6.989983000000000263e-08 9.654378137788521830e-01
6.990983999999999730e-08 9.823602646298741359e-01
6.991984999999999198e-08 8.021016812498996673e-01
6.992985999999999988e-08 4.607330331388279632e-01
6.993986999999999456e-08 2.673171444258027815e-02
6.994988000000000247e-08 -4.127324127313111157e-01
6.995988999999999714e-08 -7.692965513784761900e-01
6.996989999999999182e-08 -9.711788022626128836e-01
6.997990999999999973e-08 -9.776498450587469691e-01
6.998991999999999440e-08 -7.872807425218707467e-01
6.999993000000000231e-08 -4.382905565437417161e-01
7.000993999999999699e-08 -9.047783597000650518e-04
7.001994999999999166e-08 4.367539686172326463e-01
7.002995999999999957e-08 7.864126442887280355e-01
7.003996999999999424e-08 9.774596067318844783e-01
7.004998000000000215e-08 9.712259395372595527e-01
7.005998999999999683e-08 7.688435460059788173e-01
7.006999999999999150e-08 4.110768963218087158e-01
7.008000999999999941e-08 -2.985677878200497168e-02
7.009001999999999409e-08 -4.648438472950226497e-01
7.010003000000000200e-08 -8.058774742072883912e-01
7.011003999999999667e-08 -9.838719939150476490e-01
7.012004999999999135e-08 -9.626807391107693457e-01
7.013005999999999926e-08 -7.464685119120429979e-01
7.014006999999999393e-08 -3.789286406045436206e-01
7.015008000000000184e-08 6.551612497297075455e-02
7.016008999999999651e-08 4.967631787362921658e-01
7.017009999999999119e-08 8.272909531079156720e-01
7.018010999999999910e-08 9.899314470151295842e-01
7.019011999999999377e-08 9.515434311962255309e-01
7.020013000000000168e-08 7.197981602383718425e-01
7.021013999999999636e-08 3.416816997425230484e-01
7.022014999999999103e-08 -1.060013084370928643e-01
7.023015999999999894e-08 -5.322093788400084069e-01
7.024016999999999362e-08 -8.501742180111097058e-01
7.025018000000000153e-08 -9.950766310092682421e-01
7.026018999999999620e-08 -9.372851923930715090e-01
7.027019999999999087e-08 -6.884488134775099688e-01
7.028020999999999878e-08 -2.991838555451886150e-01
7.029021999999999346e-08 1.511924177440803763e-01
7.030023000000000137e-08 5.708057485239228512e-01
7.031023999999999604e-08 8.739639929101902238e-01
7.032024999999999072e-08 9.986699179925088155e-01
7.033025999999999863e-08 9.193260138296270867e-01
7.034026999999999330e-08 6.520225121083996767e-01
7.035028000000000121e-08 2.513094153899769201e-01
7.036028999999999588e-08 -2.009072224205558088e-01
7.037029999999999056e-08 -6.120904981686696722e-01
7.038030999999999847e-08 -8.980074783962435081e-01
7.039031999999999314e-08 -9.999994567322444405e-01
7.040033000000000105e-08 -8.970437699801991904e-01
7.041033999999999573e-08 -6.101213882260524413e-01
7.042034999999999040e-08 -1.979759907949765196e-01
7.043035999999999831e-08 2.548855136980917035e-01
7.044036999999999299e-08 6.555056180842551150e-01
7.045038000000000090e-08 9.215583070029664814e-01
7.046038999999999557e-08 9.982833290769238532e-01
7.047039999999999024e-08 8.697859599151559484e-01
7.048040999999999815e-08 5.623647144341599180e-01
7.049041999999999283e-08 1.391633500854816408e-01
7.050043000000000074e-08 -3.127724624828627231e-01
7.051043999999999541e-08 -7.003861194865517170e-01
7.052045000000000332e-08 -9.437741890132190781e-01
7.053045999999999800e-08 -9.926763849035654674e-01
7.054046999999999267e-08 -8.368845484448184102e-01
7.055048000000000058e-08 -5.084087911841194130e-01
7.056048999999999526e-08 -7.493419837398361538e-02
7.057050000000000317e-08 3.741014304005815250e-01
7.058050999999999784e-08 7.459502855231423535e-01
7.059051999999999251e-08 9.637169584145417467e-01
7.060053000000000042e-08 9.822803814094271946e-01
7.061053999999999510e-08 7.976743078410513110e-01
7.062055000000000301e-08 4.479697513970965495e-01
7.063055999999999768e-08 5.456612741504471981e-03
7.064056999999999236e-08 -4.382768094849325835e-01
7.065058000000000027e-08 -7.912916948660009275e-01
7.066058999999999494e-08 -9.803558062314490229e-01
7.067060000000000285e-08 -9.661580649851521096e-01
7.068060999999999753e-08 -7.515150023528684997e-01
7.069061999999999220e-08 -3.808492418802923440e-01
7.070063000000000011e-08 6.897229538918343839e-02
7.071063999999999478e-08 5.045576248297484190e-01
7.072065000000000269e-08 8.353739061549242395e-01
7.073065999999999737e-08 9.925745512416285221e-01
7.074066999999999204e-08 9.433518166229326596e-01
7.075067999999999995e-08 6.978176606905401869e-01
7.076068999999999463e-08 3.069627826316125851e-01
7.077070000000000254e-08 -1.479021053695872556e-01
7.078070999999999721e-08 -5.720428084670324820e-01
7.079071999999999188e-08 -8.770288128419116980e-01
7.080072999999999979e-08 -9.991838368786069013e-01
7.081073999999999447e-08 -9.129074256849619706e-01
7.082075000000000238e-08 -6.360750390852987213e-01
7.083075999999999705e-08 -2.263704045496814365e-01
7.084076999999999173e-08 2.307050303863280860e-01
7.085077999999999964e-08 6.396592355611039338e-01
7.086078999999999431e-08 9.149597850507313890e-01
7.087080000000000222e-08 9.989391468847790279e-01
7.088080999999999690e-08 8.739034519492502318e-01
7.089081999999999157e-08 5.658961829424271617e-01
7.090082999999999948e-08 1.393089219182151728e-01
7.091083999999999415e-08 -3.165531495447881927e-01
7.092085000000000206e-08 -7.061537965065406430e-01
7.093085999999999674e-08 -9.477507956368146358e-01
7.094086999999999141e-08 -9.905654882886928414e-01
7.095087999999999932e-08 -8.254864718950652991e-01
7.096088999999999400e-08 -4.870447431490222967e-01
7.097090000000000191e-08 -4.622490933718639144e-02
7.098090999999999658e-08 4.043982580551597761e-01
7.099091999999999126e-08 7.700909481789274258e-01
7.100092999999999917e-08 9.738827667723120030e-01
7.101093999999999384e-08 9.727894844954838582e-01
7.102095000000000175e-08 7.669122723025930677e-01
7.103095999999999642e-08 3.994803905080113182e-01
7.104096999999999110e-08 -5.219287203457035479e-02
7.105097999999999901e-08 -4.929559285316076900e-01
7.106098999999999368e-08 -8.298573282434256182e-01
7.107100000000000159e-08 -9.917583536863968652e-01
7.108100999999999627e-08 -9.443794389720482352e-01
7.109101999999999094e-08 -6.975927438778931622e-01
7.110102999999999885e-08 -3.034022984064288497e-01
7.111103999999999353e-08 1.549832083210752887e-01
7.112105000000000143e-08 5.806956303427899257e-01
7.113105999999999611e-08 8.836751081881220049e-01
7.114106999999999078e-08 9.997362842101723546e-01
7.115107999999999869e-08 9.041936566765216288e-01
7.116108999999999337e-08 6.171478337594050734e-01
7.117110000000000128e-08 1.992932339861316071e-01
7.118110999999999595e-08 -2.608863058471620477e-01
7.119111999999999063e-08 -6.658389767809828053e-01
7.120112999999999854e-08 -9.296257800834351048e-01
7.121113999999999321e-08 -9.961761758215975648e-01
7.122115000000000112e-08 -8.512369330412866697e-01
7.123115999999999579e-08 -5.254614365100208628e-01
7.124116999999999047e-08 -8.796232183134958249e-02
7.125117999999999838e-08 3.683241467982970030e-01
7.126118999999999305e-08 7.463683352692321860e-01
7.127120000000000096e-08 9.656859924119132188e-01
7.128120999999999564e-08 9.794944352433303525e-01
7.129121999999999031e-08 7.847246291729582657e-01
7.130122999999999822e-08 4.227395423938112851e-01
7.131123999999999290e-08 -2.941596120369106143e-02
7.132125000000000081e-08 -4.753900037072226747e-01
7.133125999999999548e-08 -8.200481123398144501e-01
7.134127000000000339e-08 -9.897768430376503446e-01
7.135127999999999806e-08 -9.482313903159088619e-01
7.136128999999999274e-08 -7.041531424262132965e-01
7.137130000000000065e-08 -3.095683310122325782e-01
7.138130999999999532e-08 1.512695101049352786e-01
7.139132000000000323e-08 5.798500542921443124e-01
7.140132999999999791e-08 8.844609767300534164e-01
7.141133999999999258e-08 9.998276734556642564e-01
7.142135000000000049e-08 9.011291948348785219e-01
7.143135999999999517e-08 6.093748567473175060e-01
7.144137000000000307e-08 1.869692190451330838e-01
7.145137999999999775e-08 -2.756064613724252821e-01
7.146138999999999242e-08 -6.791601946043464011e-01
7.147140000000000033e-08 -9.370610714504550298e-01
7.148140999999999501e-08 -9.938548607914163835e-01
7.149142000000000292e-08 -8.372192760894366925e-01
7.150142999999999759e-08 -5.006748306151529437e-01
7.151143999999999227e-08 -5.644717589262952112e-02
7.152145000000000018e-08 4.000070335312411185e-01
7.153145999999999485e-08 7.705011473768391683e-01
7.154147000000000276e-08 9.752458489926868479e-01
7.155147999999999743e-08 9.700553505258419085e-01
7.156148999999999211e-08 7.559171639038211321e-01
7.157150000000000002e-08 3.788455785931260089e-01
7.158150999999999469e-08 -7.997204340128580280e-02
7.159152000000000260e-08 -5.216334285777964874e-01
7.160152999999999728e-08 -8.508347507429390166e-01
7.161153999999999195e-08 -9.964475050233690956e-01
7.162154999999999986e-08 -9.269137004470380248e-01
7.163155999999999454e-08 -6.571214648104792833e-01
7.164157000000000245e-08 -2.452553677794107045e-01
7.165157999999999712e-08 2.197206721715684041e-01
7.166158999999999179e-08 6.372619504543378666e-01
7.167159999999999970e-08 9.169838352761833233e-01
7.168160999999999438e-08 9.982440535203057630e-01
7.169162000000000229e-08 8.633202151738544883e-01
7.170162999999999696e-08 5.413125590289756817e-01
7.171163999999999164e-08 1.019045430985525413e-01
7.172164999999999955e-08 -3.596890458147886660e-01
7.173165999999999422e-08 -7.433412921160740261e-01
7.174167000000000213e-08 -9.657373023675162038e-01
7.175167999999999681e-08 -9.784888606239457998e-01
7.176168999999999148e-08 -7.786963596277456379e-01
7.177169999999999939e-08 -4.096453559444033776e-01
7.178170999999999406e-08 4.853640505948956380e-02
7.179172000000000197e-08 4.962525443482739829e-01
7.180172999999999665e-08 8.360803934929661452e-01
7.181173999999999132e-08 9.939808605759342663e-01
7.182174999999999923e-08 9.354559338519596867e-01
7.183175999999999391e-08 6.731220917412776839e-01
7.184177000000000182e-08 2.640292248770454431e-01
7.185177999999999649e-08 -2.027139122199600463e-01
7.186178999999999117e-08 -6.253306615412796976e-01
7.187179999999999907e-08 -9.115683077104498322e-01
7.188180999999999375e-08 -9.988523306901454513e-01
7.189182000000000166e-08 -8.679964710355335678e-01
7.190182999999999633e-08 -5.474581209799348480e-01
7.191183999999999101e-08 -1.071871272401080377e-01
7.192184999999999892e-08 3.566107052100627173e-01
7.193185999999999359e-08 7.424828590882694979e-01
7.194187000000000150e-08 9.659270727901388964e-01
7.195187999999999618e-08 9.779184911030702754e-01
7.196188999999999085e-08 7.757001648348799128e-01
7.197189999999999876e-08 4.034544842098274908e-01
7.198190999999999343e-08 -5.731485540580061322e-02
7.199192000000000134e-08 -5.056044408732834894e-01
7.200192999999999602e-08 -8.430446823747922425e-01
7.201193999999999069e-08 -9.954966323840261921e-01
7.202194999999999860e-08 -9.293681326739456905e-01
7.203195999999999328e-08 -6.590526282203269526e-01
7.204197000000000119e-08 -2.438353733505360110e-01
7.205197999999999586e-08 2.250768217138301441e-01
7.206198999999999054e-08 6.445718398770807767e-01
7.207199999999999845e-08 9.223058102519312573e-01
7.208200999999999312e-08 9.970483765873703330e-01
7.209202000000000103e-08 8.522133998949147360e-01
7.210202999999999570e-08 5.195781921666713377e-01
7.211203999999999038e-08 7.234902376426606552e-02
7.212204999999999829e-08 -3.909222399674356363e-01
7.213205999999999296e-08 -7.680430721768247704e-01
7.214207000000000087e-08 -9.757292346174968323e-01
7.215207999999999555e-08 -9.680209228776167629e-01
7.216208999999999022e-08 -7.464887384249645486e-01
7.217209999999999813e-08 -3.599554139405351516e-01
7.218210999999999281e-08 1.062291181164663478e-01
7.219212000000000071e-08 5.490111660963403750e-01
7.220212999999999539e-08 8.704088739155856347e-01
7.221214000000000330e-08 9.992076111958275719e-01
7.222214999999999797e-08 9.067684266471953691e-01
7.223215999999999265e-08 6.134340323109280790e-01
7.224217000000000056e-08 1.840911530050416411e-01
7.225217999999999523e-08 -2.861515610199105719e-01
7.226219000000000314e-08 -6.930157870538239395e-01
7.227219999999999782e-08 -9.461797237655906745e-01
7.228220999999999249e-08 -9.893490475157882269e-01
7.229222000000000040e-08 -8.128081695731349532e-01
7.230222999999999507e-08 -4.556460435913605167e-01
7.231224000000000298e-08 2.861709736908128743e-03
7.232224999999999766e-08 4.608227261758994220e-01
7.233225999999999233e-08 8.163616889111405817e-01
7.234227000000000024e-08 9.902923782987351764e-01
7.235227999999999492e-08 9.437803335146637274e-01
7.236229000000000283e-08 6.870506693352719241e-01
7.237229999999999750e-08 2.771803674191153366e-01
7.238230999999999218e-08 -1.945576216946405812e-01
7.239232000000000009e-08 -6.229997981985851974e-01
7.240232999999999476e-08 -9.125342207227327140e-01
7.241234000000000267e-08 -9.984542438337619119e-01
7.242234999999999734e-08 -8.614511038404784049e-01
7.243235999999999202e-08 -5.319924139434550892e-01
7.244236999999999993e-08 -8.358514051089521724e-02
7.245237999999999460e-08 3.835959886796063145e-01
7.246239000000000251e-08 7.650748522451250588e-01
7.247239999999999719e-08 9.754441749911235693e-01
7.248240999999999186e-08 9.675106356751989045e-01
7.249241999999999977e-08 7.429179814222661715e-01
7.250242999999999445e-08 3.518489514066093227e-01
7.251244000000000235e-08 -1.181519290586864890e-01
7.252244999999999703e-08 -5.617532387194283938e-01
7.253245999999999170e-08 -8.794374695811111309e-01
7.254246999999999961e-08 -9.998408575431224632e-01
7.255247999999999429e-08 -8.958142586045976241e-01
7.256249000000000220e-08 -5.905838265206982962e-01
7.257249999999999687e-08 -1.526049228576365768e-01
7.258250999999999155e-08 3.197596286553484046e-01
7.259251999999999946e-08 7.203146571104369622e-01
7.260252999999999413e-08 9.589104639855505763e-01
7.261254000000000204e-08 9.817537408729897219e-01
7.262254999999999671e-08 7.835706838448308620e-01
7.263255999999999139e-08 4.088643360529980453e-01
7.264256999999999930e-08 -5.804179378302892073e-02
7.265257999999999397e-08 -5.119547916865324622e-01
7.266259000000000188e-08 -8.505046685451829180e-01
7.267259999999999656e-08 -9.972435211186316817e-01
7.268260999999999123e-08 -9.189367172769551395e-01
7.269261999999999914e-08 -6.331287800718923275e-01
7.270262999999999382e-08 -2.042530055774363640e-01
7.271264000000000173e-08 2.708618849153192065e-01
7.272264999999999640e-08 6.848354378045162782e-01
7.273265999999999107e-08 9.440058098400845310e-01
7.274266999999999898e-08 9.896408816634072458e-01
7.275267999999999366e-08 8.112820979026788004e-01
7.276269000000000157e-08 4.491816777262664928e-01
7.277269999999999624e-08 -1.474349174525802636e-02
7.278270999999999092e-08 -4.754170226149569967e-01
7.279271999999999883e-08 -8.283930025206113212e-01
7.280272999999999350e-08 -9.935467213063186032e-01
7.281274000000000141e-08 -9.332902722276888996e-01
7.282274999999999609e-08 -6.611657153723570213e-01
7.283275999999999076e-08 -2.388426822931578042e-01
7.284276999999999867e-08 2.378235473468638117e-01
7.285277999999999334e-08 6.605293418104419834e-01
7.286279000000000125e-08 9.331303767558275508e-01
7.287279999999999593e-08 9.935286276909021108e-01
7.288280999999999060e-08 8.278519242643035403e-01
7.289281999999999851e-08 4.736806923437505978e-01
7.290282999999999319e-08 1.156239326995482826e-02
7.291284000000000110e-08 -4.532792715511396175e-01
7.292284999999999577e-08 -8.148932775294731590e-01
7.293285999999999045e-08 -9.907599618274239850e-01
7.294286999999999835e-08 -9.406488020957283203e-01
7.295287999999999303e-08 -6.758597447903182953e-01
7.296289000000000094e-08 -2.567166261566394270e-01
7.297289999999999561e-08 2.211411519980248375e-01
7.298290999999999029e-08 6.485615039029122286e-01
7.299291999999999820e-08 9.278113217395057566e-01
7.300292999999999287e-08 9.949424665464968731e-01
7.301294000000000078e-08 8.344695095290001197e-01
7.302294999999999546e-08 4.829826930752798564e-01
7.303296000000000337e-08 2.084408855866909036e-02
7.304296999999999804e-08 -4.461576737080703015e-01
7.305297999999999271e-08 -8.110127355040355202e-01
7.306299000000000062e-08 -9.900195622789242922e-01
7.307299999999999530e-08 -9.420138598623944981e-01
7.308301000000000321e-08 -6.778732562078420010e-01
7.309301999999999788e-08 -2.580944214901070843e-01
7.310302999999999256e-08 2.210277067409066043e-01
7.311304000000000047e-08 6.494692561852005719e-01
7.312304999999999514e-08 9.287420511127354450e-01
7.313306000000000305e-08 9.945523128137806479e-01
7.314306999999999773e-08 8.316362171648783441e-01
7.315307999999999240e-08 4.773413360421867591e-01
7.316309000000000031e-08 1.310444092889010044e-02
7.317309999999999498e-08 -4.542388967813043021e-01
7.318311000000000289e-08 -8.170298946559830799e-01
7.319311999999999757e-08 -9.915966780278013815e-01
7.320312999999999224e-08 -9.375792767008493955e-01
7.321314000000000015e-08 -6.672999114644611041e-01
7.322314999999999483e-08 -2.429942097694781922e-01
7.323316000000000274e-08 2.374845742443614238e-01
7.324316999999999741e-08 6.632126550988026725e-01
7.325317999999999209e-08 9.358035113389274740e-01
7.326319000000000000e-08 9.921646793991141244e-01
7.327319999999999467e-08 8.191354603513092414e-01
7.328321000000000258e-08 4.566016057619793900e-01
7.329321999999999725e-08 -1.165943153035461227e-02
7.330322999999999193e-08 -4.773106943975767846e-01
7.331323999999999984e-08 -8.325108369160287847e-01
7.332324999999999451e-08 -9.948999686333497294e-01
7.333326000000000242e-08 -9.267248436664974331e-01
7.334326999999999710e-08 -6.436557112173456607e-01
7.335327999999999177e-08 -2.112266657543776516e-01
7.336328999999999968e-08 2.703019624422838274e-01
7.337329999999999435e-08 6.891706131582411299e-01
7.338331000000000226e-08 9.480603760225387866e-01
7.339331999999999694e-08 9.867247565147237998e-01
7.340332999999999161e-08 7.960454542987129845e-01
7.341333999999999952e-08 4.202246560820329102e-01
7.342334999999999420e-08 -5.342249331866427697e-02
7.343336000000000211e-08 -5.147272498172842381e-01
7.344336999999999678e-08 -8.562840486786431615e-01
7.345337999999999146e-08 -9.984701539279542404e-01
7.346338999999999937e-08 -9.080371317519612129e-01
7.347339999999999404e-08 -6.059262129674801711e-01
7.348341000000000195e-08 -1.624611442945775308e-01
7.349341999999999662e-08 3.189880066840721229e-01
7.350342999999999130e-08 7.260830561907632985e-01
7.351343999999999921e-08 9.637333519573765273e-01
7.352344999999999388e-08 9.763303518436899919e-01
7.353346000000000179e-08 7.607968310895850683e-01
7.354346999999999647e-08 3.673799729814928861e-01
7.355347999999999114e-08 -1.120242677011313581e-01
7.356348999999999905e-08 -5.653116159407981511e-01
7.357349999999999373e-08 -8.863783294793990963e-01
7.358351000000000164e-08 -9.999724794540091333e-01
7.359351999999999631e-08 -8.793636382715493971e-01
7.360352999999999098e-08 -5.526745733240248093e-01
7.361353999999999889e-08 -9.636557409105044048e-02
7.362354999999999357e-08 3.826289529327498995e-01
7.363356000000000148e-08 7.719457275535436258e-01
7.364356999999999615e-08 9.801572491673722354e-01
7.365357999999999083e-08 9.582683018806193997e-01
7.366358999999999874e-08 7.112840975811970390e-01
7.367359999999999341e-08 2.971097123668010598e-01
7.368361000000000132e-08 -1.869884327092764253e-01
7.369361999999999600e-08 -6.272025049053638890e-01
7.370362999999999067e-08 -9.199361164589379136e-01
7.371363999999999858e-08 -9.962019480836259433e-01
7.372364999999999325e-08 -8.379141457852943287e-01
7.373366000000000116e-08 -4.822197700714716539e-01
7.374366999999999584e-08 -1.282219018606704959e-02
7.375367999999999051e-08 4.596867488366032095e-01
7.376368999999999842e-08 8.238714577374877113e-01
7.377369999999999310e-08 9.937432981732260417e-01
7.378371000000000101e-08 9.290922651671196242e-01
7.379371999999999568e-08 6.450456142784316560e-01
7.380372999999999035e-08 2.085717212688299182e-01
7.381373999999999826e-08 -2.772733667825038606e-01
7.382374999999999294e-08 -6.976593280622666038e-01
7.383376000000000085e-08 -9.531233974382995466e-01
7.384376999999999552e-08 -9.831249706735727401e-01
7.385377999999999020e-08 -7.804297183076424060e-01
7.386378999999999811e-08 -3.928969519855036729e-01
7.387379999999999278e-08 8.778086921757498329e-02
7.388381000000000069e-08 5.477466123269159048e-01
7.389381999999999537e-08 8.779406367139251932e-01
7.390383000000000328e-08 9.999735253434945959e-01
7.391383999999999795e-08 8.847681498337006678e-01
7.392384999999999262e-08 5.595301969384198770e-01
7.393386000000000053e-08 1.013662934043710329e-01
7.394386999999999521e-08 -3.809635377453448601e-01
7.395388000000000312e-08 -7.728485854662892063e-01
7.396388999999999779e-08 -9.810673990521411314e-01
7.397389999999999247e-08 -9.559893285194767110e-01
7.398391000000000038e-08 -7.034440296189953257e-01
7.399391999999999505e-08 -2.834109412315138354e-01
7.400393000000000296e-08 2.041880976694726568e-01
7.401393999999999764e-08 6.432368406844439779e-01
7.402394999999999231e-08 9.290745626269769630e-01
7.403396000000000022e-08 9.934643467837215303e-01
7.404396999999999489e-08 8.209186845559892642e-01
7.405398000000000280e-08 4.524680877227630349e-01
7.406398999999999748e-08 -2.405435804383594320e-02
7.407399999999999215e-08 -4.949220188185712854e-01
7.408401000000000006e-08 -8.476468422727332364e-01
7.409401999999999474e-08 -9.978639967200507721e-01
7.410403000000000265e-08 -9.095408407682867846e-01
7.411403999999999732e-08 -6.036620838554453972e-01
7.412404999999999200e-08 -1.532878041425221050e-01
7.413405999999999990e-08 3.338625218328470368e-01
7.414406999999999458e-08 7.411567478019643884e-01
7.415408000000000249e-08 9.709778709160188370e-01
7.416408999999999716e-08 9.681446406020368656e-01
7.417409999999999184e-08 7.331999957779410382e-01
7.418410999999999975e-08 3.223580061025405619e-01
7.419411999999999442e-08 -1.659070911380302327e-01
7.420413000000000233e-08 -6.144397841640439895e-01
7.421413999999999701e-08 -9.155102167948268033e-01
7.422414999999999168e-08 -9.967069218018446142e-01
7.423415999999999959e-08 -8.383878451643889118e-01
7.424416999999999426e-08 -4.784756485755666255e-01
7.425418000000000217e-08 -3.416332912973531633e-03
7.426418999999999685e-08 4.725535230346744053e-01
7.427419999999999152e-08 8.348658483855876389e-01
7.428420999999999943e-08 9.962088866705227641e-01
7.429421999999999411e-08 9.175980962666547835e-01
7.430423000000000202e-08 6.178379411568790669e-01
7.431423999999999669e-08 1.690681202682361994e-01
7.432424999999999137e-08 -3.205618779635309723e-01
7.433425999999999928e-08 -7.329375765564333234e-01
7.434426999999999395e-08 -9.684759638815153560e-01
7.435428000000000186e-08 -9.701977378353595638e-01
7.436428999999999653e-08 -7.375505419862672385e-01
7.437429999999999121e-08 -3.266202667941135451e-01
7.438430999999999912e-08 1.633502782175763612e-01
7.439431999999999379e-08 6.139045108551178798e-01
7.440433000000000170e-08 9.160066085748279630e-01
7.441433999999999638e-08 9.964465871794521146e-01
7.442434999999999105e-08 8.356171487202211923e-01
7.443435999999999896e-08 4.723372173171190846e-01
7.444436999999999364e-08 -5.474913174930890608e-03
7.445438000000000154e-08 -4.820483879008088390e-01
7.446438999999999622e-08 -8.417994032470259569e-01
7.447439999999999089e-08 -9.973751621377768828e-01
7.448440999999999880e-08 -9.108952226569516641e-01
7.449441999999999348e-08 -6.032176351673776971e-01
7.450443000000000139e-08 -1.489529829044900500e-01
7.451443999999999606e-08 3.415929350339699244e-01
7.452444999999999074e-08 7.491862200395906779e-01
7.453445999999999865e-08 9.746507557866257443e-01
7.454446999999999332e-08 9.630253383879323614e-01
7.455448000000000123e-08 7.170017814244198373e-01
7.456448999999999590e-08 2.963486606580224003e-01
7.457449999999999058e-08 -1.965692918574478698e-01
7.458450999999999849e-08 -6.416775180619257446e-01
7.459451999999999316e-08 -9.304393362984290095e-01
7.460453000000000107e-08 -9.923415209445545226e-01
7.461453999999999575e-08 -8.121499166067283060e-01
7.462454999999999042e-08 -4.337034806869070058e-01
7.463455999999999833e-08 5.070876150673459676e-02
7.464456999999999301e-08 5.228241868152853078e-01
7.465458000000000092e-08 8.672696980566834135e-01
7.466458999999999559e-08 9.997694598177407910e-01
7.467459999999999026e-08 8.877974707513034414e-01
7.468460999999999817e-08 5.586059478495690733e-01
7.469461999999999285e-08 9.263730699725633566e-02
7.470463000000000076e-08 -3.960987925845663726e-01
7.471463999999999543e-08 -7.879050122212419849e-01
7.472464999999999011e-08 -9.867187710583995575e-01
7.473465999999999802e-08 -9.436927139523252350e-01
7.474466999999999269e-08 -6.692381365416688599e-01
7.475468000000000060e-08 -2.305518749876669382e-01
7.476468999999999528e-08 2.647976981559884702e-01
7.477470000000000318e-08 6.952256497640966204e-01
7.478470999999999786e-08 9.549746041247583195e-01
7.479471999999999253e-08 9.801223720492802105e-01
7.480473000000000044e-08 7.643518330623788604e-01
7.481473999999999512e-08 3.605830521848414905e-01
7.482475000000000303e-08 -1.319643441672185280e-01
7.483475999999999770e-08 -5.921259430814475033e-01
7.484476999999999238e-08 -9.065929373520208445e-01
7.485478000000000029e-08 -9.978301436954650772e-01
7.486478999999999496e-08 -8.432287924810386581e-01
7.487480000000000287e-08 -4.807542536862438043e-01
7.488480999999999754e-08 3.330201247533216662e-04
7.489481999999999222e-08 4.814264607835746501e-01
7.490483000000000013e-08 8.438029399297451993e-01
7.491483999999999480e-08 9.979324528539875727e-01
7.492485000000000271e-08 9.056293599354963142e-01
7.493485999999999739e-08 5.895568566950882827e-01
7.494486999999999206e-08 1.277082839998525954e-01
7.495487999999999997e-08 -3.658024245898320870e-01
7.496488999999999465e-08 -7.689188503212165404e-01
7.497490000000000256e-08 -9.818350743836208316e-01
7.498490999999999723e-08 -9.517333938273371263e-01
7.499491999999999190e-08 -6.859286671886106745e-01
7.500492999999999981e-08 -2.501378795442007474e-01
7.501493999999999449e-08 0.000000000000000000e+00
7.502495000000000240e-08 2.489820910633271656e-01
7.503495999999999707e-08 4.823705788806903483e-01
7.504496999999999175e-08 6.854266737644816310e-01
7.505497999999999966e-08 8.452970117679120543e-01
7.506498999999999433e-08 9.518309272149854117e-01
7.507500000000000224e-08 9.982297602176551932e-01
7.508500999999999692e-08 9.814863728986408242e-01
7.509501999999999159e-08 9.025861197039998229e-01
7.510502999999999950e-08 7.664554898787236947e-01
7.511503999999999417e-08 5.816605766910909470e-01
7.512505000000000208e-08 3.598734228175874406e-01
7.513505999999999676e-08 1.151391339708792150e-01
7.514506999999999143e-08 -1.370105078129927045e-01
7.515507999999999934e-08 -3.805411946500294462e-01
7.516508999999999402e-08 -5.999357560165146097e-01
7.517510000000000193e-08 -7.811844988358384034e-01
7.518510999999999660e-08 -9.126829248568812947e-01
7.519511999999999128e-08 -9.859791128119427261e-01
7.520512999999999918e-08 -9.963223610021262333e-01
7.521513999999999386e-08 -9.429771449699655417e-01
7.522515000000000177e-08 -8.292812785446378454e-01
7.523515999999999644e-08 -6.624434405613190968e-01
7.524516999999999112e-08 -4.530919103478039389e-01
7.525517999999999903e-08 -2.146023751374264710e-01
7.526518999999999370e-08 3.775300119834537615e-02
7.527520000000000161e-08 2.877813583195847347e-01
7.528520999999999629e-08 5.194075743108537146e-01
7.529521999999999096e-08 7.177088100241942881e-01
7.530522999999999887e-08 8.698785266460834498e-01
7.531523999999999354e-08 9.660575439313674462e-01
7.532525000000000145e-08 9.999779624775382292e-01
7.533525999999999613e-08 9.693775757562290707e-01
7.534526999999999080e-08 8.761570075486876386e-01
7.535527999999999871e-08 7.262683019992910438e-01
7.536528999999999339e-08 5.293410120250864326e-01
7.537530000000000130e-08 2.980688611474841543e-01
7.538530999999999597e-08 4.739568817844286991e-02
7.539531999999999065e-08 -2.064473999459437437e-01
7.540532999999999856e-08 -4.469918187114333419e-01
7.541533999999999323e-08 -6.586004277356427572e-01
7.542535000000000114e-08 -8.274861813812410816e-01
7.543535999999999581e-08 -9.426140223723959988e-01
7.544536999999999049e-08 -9.964267954684910000e-01
7.545537999999999840e-08 -9.853471234630558628e-01
7.546538999999999307e-08 -9.100215530363072736e-01
7.547540000000000098e-08 -7.752899269251234404e-01
7.548540999999999566e-08 -5.898807990682684022e-01
7.549541999999999033e-08 -3.658516212210051188e-01
7.550542999999999824e-08 -1.178092213709577007e-01
7.551543999999999292e-08 1.380393408980103154e-01
7.552545000000000082e-08 3.849440884650338068e-01
7.553545999999999550e-08 6.067087512505986435e-01
7.554546999999999017e-08 7.887549127672710547e-01
7.555547999999999808e-08 9.190836583007673255e-01
7.556548999999999276e-08 9.890710854366030480e-01
7.557550000000000067e-08 9.940446424217476151e-01
7.558550999999999534e-08 9.336014181906155951e-01
7.559551999999999002e-08 8.116463104846391996e-01
7.560552999999999793e-08 6.361463549067949419e-01
7.561553999999999260e-08 4.186162068807396941e-01
7.562555000000000051e-08 1.733675970227288310e-01
7.563555999999999518e-08 -8.342865585934895745e-02
7.564557000000000309e-08 -3.348068474737138644e-01
7.565557999999999777e-08 -5.641269161988955450e-01
7.566558999999999244e-08 -7.561773220109522242e-01
7.567560000000000035e-08 -8.981870974036931798e-01
7.568560999999999503e-08 -9.806795472137822545e-01
7.569562000000000294e-08 -9.981102463416159365e-01
7.570562999999999761e-08 -9.492460266970125238e-01
7.571563999999999229e-08 -8.372586489587938718e-01
7.572565000000000020e-08 -6.695257087030549448e-01
7.573565999999999487e-08 -4.571507864692472833e-01
7.574567000000000278e-08 -2.142336241497999616e-01
7.575567999999999745e-08 4.306206123381629142e-02
7.576568999999999213e-08 2.975817671680446308e-01
7.577570000000000004e-08 5.323233108245716272e-01
7.578570999999999471e-08 7.315737297404218964e-01
7.579572000000000262e-08 8.819638900094807221e-01
7.580572999999999730e-08 9.733698414657249165e-01
7.581573999999999197e-08 9.995998721269843124e-01
7.582574999999999988e-08 9.588202788693456213e-01
7.583575999999999456e-08 8.536901711136648530e-01
7.584577000000000246e-08 6.911950183265823666e-01
7.585577999999999714e-08 4.821888502684192890e-01
7.586578999999999181e-08 2.406746674690277976e-01
7.587579999999999972e-08 -1.712960824563724074e-02
7.588580999999999440e-08 -2.738776271434693044e-01
7.589582000000000231e-08 -5.122609434424613140e-01
7.590582999999999698e-08 -7.161768291147454502e-01
7.591583999999999166e-08 -8.718187205697833786e-01
7.592584999999999957e-08 -9.686152828866323450e-01
7.593585999999999424e-08 -9.999539442210113593e-01
7.594587000000000215e-08 -9.636390201340993000e-01
7.595587999999999682e-08 -8.620522761016828905e-01
7.596588999999999150e-08 -7.020037870117412648e-01
7.597589999999999941e-08 -4.942819022024562137e-01
7.598590999999999408e-08 -2.529315970814988157e-01
7.599592000000000199e-08 5.690906769273854603e-03
7.600592999999999667e-08 2.640239191222037429e-01
7.601593999999999134e-08 5.044918915446489072e-01
7.602594999999999925e-08 7.107020788664225597e-01
7.603595999999999393e-08 8.685647228229219641e-01
7.604597000000000184e-08 9.672600389095841189e-01
7.605597999999999651e-08 9.999853621006445925e-01
7.606598999999999118e-08 9.644304924463258377e-01
7.607599999999999909e-08 8.629476036228707070e-01
7.608600999999999377e-08 7.024028062560522256e-01
7.609602000000000168e-08 4.937181894733237431e-01
7.610602999999999635e-08 2.511344159090181383e-01
7.611603999999999103e-08 -8.756743340567285303e-03
7.612604999999999894e-08 -2.681445145953916254e-01
7.613605999999999361e-08 -5.092188174869739514e-01
7.614607000000000152e-08 -7.153940977364784404e-01
7.615607999999999620e-08 -8.724531450529062759e-01
7.616608999999999087e-08 -9.695318345923824577e-01
7.617609999999999878e-08 -9.998762963402351156e-01
7.618610999999999345e-08 -9.613193654405381983e-01
7.619612000000000136e-08 -8.564422698464444483e-01
7.620612999999999604e-08 -6.924090748824355268e-01
7.621613999999999071e-08 -4.804839531813797082e-01
7.622614999999999862e-08 -2.352633299118882526e-01
7.623615999999999330e-08 2.632515780171990061e-02
7.624617000000000121e-08 2.861885429858609942e-01
7.625617999999999588e-08 5.263191461121614623e-01
7.626618999999999056e-08 7.300435484717400225e-01
7.627619999999999846e-08 8.831832300079672793e-01
7.628620999999999314e-08 9.750458879727725847e-01
7.629622000000000105e-08 9.991778233058247194e-01
7.630622999999999572e-08 9.538240601392162787e-01
7.631623999999999040e-08 8.420629484851162028e-01
7.632624999999999831e-08 6.716045159402022069e-01
7.633625999999999298e-08 4.542652266265713168e-01
7.634627000000000089e-08 2.051544476749025958e-01
7.635627999999999557e-08 -5.837177088990389007e-02
7.636628999999999024e-08 -3.179174623103868669e-01
7.637629999999999815e-08 -5.553303318026004964e-01
7.638630999999999282e-08 -7.539726558005169776e-01
7.639632000000000073e-08 -8.998904284888877836e-01
7.640632999999999541e-08 -9.827983870661795018e-01
7.641633999999999008e-08 -9.968110582829642352e-01
7.642634999999999799e-08 -9.408674552766295163e-01
7.643635999999999267e-08 -8.188183188500823828e-01
7.644637000000000058e-08 -6.391683700635780729e-01
7.645637999999999525e-08 -4.144902772970192051e-01
7.646639000000000316e-08 -1.605502382259608729e-01
7.647639999999999784e-08 1.047944061143738087e-01
7.648640999999999251e-08 3.628487360784288240e-01
7.649642000000000042e-08 5.953971629214636074e-01
7.650642999999999509e-08 7.859909453641203969e-01
7.651644000000000300e-08 9.211151991291615104e-01
7.652644999999999768e-08 9.911523632297163378e-01
7.653645999999999235e-08 9.910730883295540972e-01
7.654647000000000026e-08 9.208044836385140819e-01
7.655647999999999494e-08 7.852482862543110897e-01
7.656649000000000285e-08 5.939462184670135647e-01
7.657649999999999752e-08 3.604148335466905717e-01
7.658650999999999220e-08 1.011957420459380780e-01
7.659652000000000011e-08 -1.653124282560841374e-01
7.660652999999999478e-08 -4.201581311235330074e-01
7.661654000000000269e-08 -6.451847623438828894e-01
7.662654999999999736e-08 -8.243264166111081703e-01
7.663655999999999204e-08 -9.447589243700106332e-01
7.664656999999999995e-08 -9.978234297704046130e-01
7.665657999999999462e-08 -9.796556138452419127e-01
7.666659000000000253e-08 -8.914743807956255761e-01
7.667659999999999721e-08 -7.395079589750888083e-01
7.668660999999999188e-08 -5.345612157490149396e-01
7.669661999999999979e-08 -2.912537058481904917e-01
7.670662999999999447e-08 -2.698172114347879846e-02
7.671664000000000237e-08 2.393223306502153258e-01
7.672664999999999705e-08 4.885449838637000997e-01
7.673665999999999172e-08 7.027643245016231832e-01
7.674666999999999963e-08 8.665415347964218196e-01
7.675667999999999431e-08 9.680381109115748783e-01
7.676669000000000222e-08 9.998775933438251995e-01
7.677669999999999689e-08 9.596886677805460675e-01
7.678670999999999157e-08 8.502891671380129468e-01
7.679671999999999948e-08 6.794962261487642596e-01
7.680672999999999415e-08 4.595747695263888710e-01
7.681674000000000206e-08 2.063627143248398244e-01
7.682674999999999673e-08 -6.186516337258065462e-02
7.683675999999999141e-08 -3.257135308719709132e-01
7.684676999999999932e-08 -5.660683602912591761e-01
7.685677999999999399e-08 -7.654830794611088285e-01
7.686679000000000190e-08 -9.094483935701929145e-01
7.687679999999999658e-08 -9.874531187686497180e-01
7.688680999999999125e-08 -9.937581058089284269e-01
7.689681999999999916e-08 -9.278258167203377038e-01
7.690682999999999384e-08 -7.943728960070769451e-01
7.691684000000000175e-08 -6.030403724678188304e-01
7.692684999999999642e-08 -3.677039650609756349e-01
7.693685999999999109e-08 -1.054733193843392369e-01
7.694686999999999900e-08 1.645480625485919446e-01
7.695687999999999368e-08 4.226526143244396794e-01
7.696689000000000159e-08 6.499672606443240852e-01
7.697689999999999626e-08 8.298357260841431327e-01
7.698690999999999094e-08 9.490431990155216990e-01
7.699691999999999885e-08 9.987930124914780050e-01
7.700692999999999352e-08 9.753627475186120721e-01
7.701694000000000143e-08 8.803903317089020186e-01
7.702694999999999611e-08 7.207676309283587157e-01
7.703695999999999078e-08 5.081477585520371987e-01
7.704696999999999869e-08 2.581007553421243994e-01
7.705697999999999336e-08 -1.102167093920508600e-02
7.706699000000000127e-08 -2.794299455295101708e-01
7.707699999999999595e-08 -5.273508057183889930e-01
7.708700999999999062e-08 -7.364850896639880684e-01
7.709701999999999853e-08 -8.913615882766425802e-01
7.710702999999999321e-08 -9.804865738694961141e-01
7.711704000000000112e-08 -9.972032379767105104e-01
7.712704999999999579e-08 -9.401963132055600747e-01
7.713705999999999047e-08 -8.136031029253856239e-01
7.714706999999999837e-08 -6.267211066332071256e-01
7.715707999999999305e-08 -3.933322798594048875e-01
7.716709000000000096e-08 -1.306924966927610621e-01
7.717709999999999563e-08 1.417401356869094631e-01
7.718710999999999031e-08 4.037447124637538187e-01
7.719711999999999822e-08 6.358384041674788323e-01
7.720712999999999289e-08 8.207273778788716223e-01
7.721714000000000080e-08 9.445995650138447886e-01
7.722714999999999548e-08 9.981623402445267690e-01
7.723715999999999015e-08 9.773467312197375856e-01
7.724716999999999806e-08 8.836242836954820712e-01
7.725717999999999273e-08 7.239113687723904844e-01
7.726719000000000064e-08 5.100664223103665851e-01
7.727719999999999532e-08 2.580160680054081612e-01
7.728720999999998999e-08 -1.342598595656795471e-02
7.729721999999999790e-08 -2.839600792457809275e-01
7.730722999999999258e-08 -5.333176622416579971e-01
7.731724000000000049e-08 -7.427810036155726436e-01
7.732724999999999516e-08 -8.965915208238149914e-01
7.733726000000000307e-08 -9.831405346639850995e-01
7.734726999999999775e-08 -9.958520962038973634e-01
7.735727999999999242e-08 -9.336902635831221264e-01
7.736729000000000033e-08 -8.012511492846338124e-01
7.737729999999999500e-08 -6.084311430039623936e-01
7.738731000000000291e-08 -3.696946175409155932e-01
7.739731999999999759e-08 -1.029947437397177729e-01
7.740732999999999226e-08 1.715725231313889043e-01
7.741734000000000017e-08 4.332806901957712009e-01
7.742734999999999485e-08 6.623375708443786092e-01
7.743736000000000276e-08 8.413845739242895583e-01
7.744736999999999743e-08 9.568166906415424000e-01
7.745737999999999211e-08 9.998224769795708289e-01
7.746739000000000001e-08 9.670640804185370865e-01
7.747739999999999469e-08 8.609442894786675238e-01
7.748741000000000260e-08 6.894386865403359099e-01
7.749741999999999727e-08 4.655039210518395199e-01
7.750742999999999195e-08 2.061053985024257351e-01
7.751743999999999986e-08 -6.906315980618278616e-02
7.752744999999999453e-08 -3.390720298049056391e-01
7.753746000000000244e-08 -5.833468178626288747e-01
7.754746999999999712e-08 -7.832378803186298422e-01
7.755747999999999179e-08 -9.234479985870424068e-01
7.756748999999999970e-08 -9.932087387374642917e-01
7.757749999999999437e-08 -9.871146129846151140e-01
7.758751000000000228e-08 -9.055499005158572645e-01
7.759751999999999696e-08 -7.546738499437368741e-01
7.760752999999999163e-08 -5.459636429939634938e-01
7.761753999999999954e-08 -2.953483863497601281e-01
7.762754999999999422e-08 -2.199891814326896886e-02
7.763756000000000213e-08 2.531350664114076499e-01
7.764756999999999680e-08 5.089292310041341194e-01
7.765757999999999148e-08 7.257074319669442053e-01
7.766758999999999939e-08 8.867584389486944385e-01
7.767759999999999406e-08 9.796293944475052973e-01
7.768761000000000197e-08 9.970955112357348105e-01
7.769761999999999664e-08 9.377299904895024518e-01
7.770762999999999132e-08 8.060286231615090280e-01
7.771763999999999923e-08 6.120776965794845204e-01
7.772764999999999390e-08 3.707890510268213591e-01
7.773766000000000181e-08 1.007597006633388637e-01
7.774766999999999649e-08 -1.771572576126127785e-01
7.775767999999999116e-08 -4.414609700253949165e-01
7.776768999999999907e-08 -6.716665138651679579e-01
7.777769999999999375e-08 -8.498952051400978647e-01
7.778771000000000165e-08 -9.622678754254985201e-01
7.779771999999999633e-08 -9.999921863398200106e-01
7.780772999999999100e-08 -9.600583112567487865e-01
7.781773999999999891e-08 -8.454873607884850761e-01
7.782774999999999359e-08 -6.651114647492686327e-01
7.783776000000000150e-08 -4.329007869885721504e-01
7.784776999999999617e-08 -1.668881183758137710e-01
7.785777999999999085e-08 1.122266966291730061e-01
7.786778999999999876e-08 3.826848824302105379e-01
7.787779999999999343e-08 6.233646910941604835e-01
7.788781000000000134e-08 8.154330423700945074e-01
7.789781999999999601e-08 9.438235409151078947e-01
7.790782999999999069e-08 9.984245508805850156e-01
7.791783999999999860e-08 9.748831700594348115e-01
7.792784999999999327e-08 8.749606047664747477e-01
7.793786000000000118e-08 7.064093221789229382e-01
7.794786999999999586e-08 4.823797437574666724e-01
7.795787999999999053e-08 2.204012207493769304e-01
7.796788999999999844e-08 -5.898430784515595882e-02
7.797789999999999312e-08 -3.338299003395110431e-01
7.798791000000000103e-08 -5.825068913561852746e-01
7.799791999999999570e-08 -7.854086240242138528e-01
7.800792999999999037e-08 -9.265003091126894352e-01
7.801793999999999828e-08 -9.945921975035229012e-01
7.802794999999999296e-08 -9.842345188323351479e-01
7.803796000000000087e-08 -8.961620387197278825e-01
7.804796999999999554e-08 -7.372513453508243719e-01
7.805797999999999022e-08 -5.199923400080299629e-01
7.806798999999999813e-08 -2.615138578538721004e-01
7.807799999999999280e-08 1.776116022574530592e-02
7.808801000000000071e-08 2.957258177639563446e-01
7.809801999999999539e-08 5.503380812770458652e-01
7.810802999999999006e-08 7.613700246292135487e-01
7.811803999999999797e-08 9.120185855657884089e-01
7.812804999999999264e-08 9.902492870234692601e-01
7.813806000000000055e-08 9.897650213446771428e-01
7.814806999999999523e-08 9.105213389490598441e-01
7.815808000000000314e-08 7.587454394475873221e-01
7.816808999999999781e-08 5.464554210968762815e-01
7.817809999999999249e-08 2.905161861218650277e-01
7.818811000000000040e-08 1.130554741444602870e-02
7.819811999999999507e-08 -2.689044471239644407e-01
7.820813000000000298e-08 -5.277227125810867170e-01
7.821813999999999765e-08 -7.444294794158974327e-01
7.822814999999999233e-08 -9.016385703342374436e-01
7.823816000000000024e-08 -9.866979725771952703e-01
7.824816999999999491e-08 -9.927154393401393939e-01
7.825818000000000282e-08 -9.191254099960390889e-01
7.826818999999999750e-08 -7.717499705137745858e-01
7.827819999999999217e-08 -5.623469976127154490e-01
7.828821000000000008e-08 -3.076798172907818651e-01
7.829821999999999476e-08 -2.818135174417602321e-02
7.830823000000000267e-08 2.536812976881377968e-01
7.831823999999999734e-08 5.152112703029738672e-01
7.832824999999999201e-08 7.353105879207183504e-01
7.833825999999999992e-08 8.961856224853652630e-01
7.834826999999999460e-08 9.847912613898395229e-01
7.835828000000000251e-08 9.938961175220681898e-01
7.836828999999999718e-08 9.226812244115228934e-01
7.837829999999999186e-08 7.768219916987847418e-01
7.838830999999999977e-08 5.680447933500936131e-01
7.839831999999999444e-08 3.131920762678326864e-01
7.840833000000000235e-08 3.286986911151221907e-02
7.841833999999999703e-08 -2.502142191299492890e-01
7.842834999999999170e-08 -5.130888056617698423e-01
7.843835999999999961e-08 -7.343837510616972875e-01
7.844836999999999428e-08 -8.960709040999612629e-01
7.845838000000000219e-08 -9.849385098605643041e-01
7.846838999999999687e-08 -9.936782493437207320e-01
7.847839999999999154e-08 -9.214948808798659741e-01
7.848840999999999945e-08 -7.741869575007727100e-01
7.849841999999999413e-08 -5.636900034719208863e-01
7.850843000000000204e-08 -3.071173708133194680e-01
7.851843999999999671e-08 -2.537518714903867420e-02
7.852844999999999139e-08 2.585370334089289734e-01
7.853845999999999929e-08 5.214023266082150609e-01
7.854846999999999397e-08 7.416858956456738872e-01
7.855848000000000188e-08 9.013029107714185528e-01
7.856848999999999655e-08 9.871090912158548836e-01
7.857849999999999123e-08 9.919907491387411902e-01
7.858850999999999914e-08 9.154632931017941955e-01
7.859851999999999381e-08 7.637271506544617283e-01
7.860853000000000172e-08 5.491744362095781762e-01
7.861853999999999640e-08 2.893848378557237200e-01
7.862854999999999107e-08 5.691413185810452295e-03
7.863855999999999898e-08 -2.785672254202281595e-01
7.864856999999999365e-08 -5.399654797548431029e-01
7.865858000000000156e-08 -7.569225028240447184e-01
7.866858999999999624e-08 -9.114877188156653709e-01
7.867859999999999091e-08 -9.908320978030650261e-01
7.868860999999999882e-08 -9.883208089013835185e-01
7.869861999999999350e-08 -9.040769386162605947e-01
7.870863000000000141e-08 -7.449876771053950408e-01
7.871863999999999608e-08 -5.241503336501079913e-01
7.872864999999999076e-08 -2.598019592181538551e-01
7.873865999999999867e-08 2.618061897642301114e-02
7.874866999999999334e-08 3.100875001186730318e-01
7.875868000000000125e-08 5.683402694244361619e-01
7.876868999999999592e-08 7.794517442773859495e-01
7.877869999999999060e-08 9.258179045086882830e-01
7.878870999999999851e-08 9.951922378736675068e-01
7.879871999999999318e-08 9.817185081238881672e-01
7.880873000000000109e-08 8.864341976689772418e-01
7.881873999999999577e-08 7.172006281234617475e-01
7.882874999999999044e-08 4.880634123886261055e-01
7.883875999999999835e-08 2.180944842551991170e-01
7.884876999999999303e-08 -7.018949241395144867e-02
7.885878000000000093e-08 -3.527016798215439897e-01
7.886878999999999561e-08 -6.057968286810518910e-01
7.887879999999999028e-08 -8.082522988939873088e-01
7.888880999999999819e-08 -9.430522136143221212e-01
7.889881999999999287e-08 -9.988243866978129271e-01
7.890883000000000078e-08 -9.708081286643140961e-01
7.891883999999999545e-08 -8.612698855206145643e-01
7.892884999999999013e-08 -6.793296939230420994e-01
7.893885999999999804e-08 -4.402108161405551834e-01
7.894886999999999271e-08 -1.639735129285336546e-01
7.895888000000000062e-08 1.261623753895297073e-01
7.896888999999999529e-08 4.057662520612239643e-01
7.897889999999998997e-08 6.512536931969071796e-01
7.898890999999999788e-08 8.418783334127835083e-01
7.899891999999999255e-08 9.614902769066846488e-01
7.900893000000000046e-08 9.999115789594028580e-01
7.901893999999999514e-08 9.538110544160973703e-01
7.902895000000000305e-08 8.270025077992027018e-01
7.903895999999999772e-08 6.301389605888791934e-01
7.904896999999999240e-08 3.798265054459161183e-01
7.905898000000000031e-08 9.723073052240607805e-02
7.906898999999999498e-08 -1.937079651292770155e-01
7.907900000000000289e-08 -4.683001196439273706e-01
7.908900999999999756e-08 -7.032028254661097932e-01
7.909901999999999224e-08 -8.784073189148424721e-01
7.910903000000000015e-08 -9.789490448117339483e-01
7.911903999999999482e-08 -9.961935721594640247e-01
7.912905000000000273e-08 -9.285872197420745877e-01
7.913905999999999741e-08 -7.818063909825798685e-01
7.914906999999999208e-08 -5.682906202436102117e-01
7.915907999999999999e-08 -3.061968775637043394e-01
7.916908999999999467e-08 -1.786228531813061765e-02
7.917910000000000258e-08 2.720951896793449287e-01
7.918910999999999725e-08 5.388769616668958040e-01
7.919911999999999192e-08 7.596259487451655357e-01
7.920912999999999983e-08 9.153889033383458829e-01
7.921913999999999451e-08 9.927501524462721827e-01
7.922915000000000242e-08 9.849953871930555716e-01
7.923915999999999709e-08 8.927038531092902351e-01
7.924916999999999177e-08 7.237159388799601079e-01
7.925917999999999968e-08 4.924766120372299216e-01
7.926918999999999435e-08 2.188088353009161324e-01
7.927920000000000226e-08 -7.377960278914648395e-02
7.928920999999999693e-08 -3.601117665520833233e-01
7.929921999999999161e-08 -6.155072525008684625e-01
7.930922999999999952e-08 -8.179116619286406209e-01
7.931923999999999419e-08 -9.498059616788830928e-01
7.932925000000000210e-08 -9.997300251070184718e-01
7.933925999999999678e-08 -9.632872561576192316e-01
7.934926999999999145e-08 -8.435414870740380877e-01
7.935927999999999936e-08 -6.507695390386719625e-01
7.936928999999999404e-08 -4.015884700219741754e-01
7.937930000000000195e-08 -1.175308036106226667e-01
7.938930999999999662e-08 1.768107776500518757e-01
7.939931999999999129e-08 4.559098978328169349e-01
7.940932999999999920e-08 6.955204892301508623e-01
7.941933999999999388e-08 8.747862930721483909e-01
7.942935000000000179e-08 9.780620636193160244e-01
7.943935999999999646e-08 9.962869550474252600e-01
7.944936999999999114e-08 9.277888582585794852e-01
7.945937999999999905e-08 7.784474995425638699e-01
7.946938999999999372e-08 5.611997004526664279e-01
7.947940000000000163e-08 2.949275159310756900e-01
7.948940999999999631e-08 2.824021182472574287e-03
7.949941999999999098e-08 -2.896224342746888669e-01
7.950942999999999889e-08 -5.568507163986300412e-01
7.951943999999999356e-08 -7.754624994199111887e-01
7.952945000000000147e-08 -9.262753248361496050e-01
7.953945999999999615e-08 -9.960126213111474280e-01
7.954946999999999082e-08 -9.784812109631064736e-01
7.955947999999999873e-08 -8.751311266807150213e-01
7.956948999999999341e-08 -6.949463200739400826e-01
7.957950000000000132e-08 -4.536733828045958483e-01
7.958950999999999599e-08 -1.724536168925789592e-01
7.959951999999999067e-08 1.240234500338669582e-01
7.960952999999999858e-08 4.096843757159945310e-01
7.961953999999999325e-08 6.593645192139564459e-01
7.962955000000000116e-08 8.510275971439462683e-01
7.963955999999999583e-08 9.677160867360047325e-01
7.964956999999999051e-08 9.990593777026859357e-01
7.965957999999999842e-08 9.422048716604579655e-01
7.966958999999999309e-08 8.020876295207421958e-01
7.967960000000000100e-08 5.910122859160007458e-01
7.968960999999999568e-08 3.275816864579587651e-01
7.969961999999999035e-08 3.506469515410234883e-02
7.970962999999999826e-08 -2.606542886015513205e-01
7.971963999999999293e-08 -5.333638580394757245e-01
7.972965000000000084e-08 -7.588500228635957079e-01
7.973965999999999552e-08 -9.170503131409963871e-01
7.974966999999999019e-08 -9.938455808435694427e-01
7.975967999999999810e-08 -9.823288889064877294e-01
7.976968999999999278e-08 -8.834366953164011216e-01
7.977970000000000069e-08 -7.058838061121459617e-01
7.978970999999999536e-08 -4.654053332948013266e-01
7.979971999999999004e-08 -1.833706770768747940e-01
7.980972999999999795e-08 1.151091544856816529e-01
7.981973999999999262e-08 4.034138277416732254e-01
7.982975000000000053e-08 6.557874512625275765e-01
7.983975999999999520e-08 8.496422086979195099e-01
7.984976999999998988e-08 9.675855907710039228e-01
7.985977999999999779e-08 9.989888017994977831e-01
7.986978999999999246e-08 9.409542137434947495e-01
7.987980000000000037e-08 7.985929766115457129e-01
7.988980999999999505e-08 5.845853673178432741e-01
7.989982000000000296e-08 3.180606999270870761e-01
7.990982999999999763e-08 2.289487559462567712e-02
7.991983999999999231e-08 -2.744236008029709017e-01
7.992985000000000022e-08 -5.471688595741055483e-01
7.993985999999999489e-08 -7.707813549762788652e-01
7.994987000000000280e-08 -9.250837172487202942e-01
7.995987999999999747e-08 -9.961084687682723038e-01
7.996988999999999215e-08 -9.773714297036764087e-01
7.997990000000000006e-08 -8.704739240608617701e-01
7.998990999999999473e-08 -6.849769798808109655e-01
7.999992000000000264e-08 -4.375562308974121906e-01
8.000992999999999732e-08 -1.505112796769458305e-01
8.001993999999999199e-08 1.502380128731136411e-01
8.002994999999999990e-08 4.374888392711028251e-01
8.003995999999999458e-08 6.852158998198726314e-01
8.004997000000000248e-08 8.709324744984225930e-01
8.005997999999999716e-08 9.777376419491097259e-01
8.006998999999999183e-08 9.958627331241982628e-01
8.007999999999999974e-08 9.235747757240438949e-01
8.009000999999999442e-08 7.673525017610971499e-01
8.010002000000000233e-08 5.413162708854661886e-01
8.011002999999999700e-08 2.659610655948416169e-01
8.012003999999999168e-08 -3.369462139693315400e-02
8.013004999999999959e-08 -3.303774866470928218e-01
8.014005999999999426e-08 -5.970403963046265750e-01
8.015007000000000217e-08 -8.093300943154204674e-01
8.016007999999999684e-08 -9.478163293668012690e-01
8.017008999999999152e-08 -9.997779187849318294e-01
8.018009999999999943e-08 -9.603808901038803914e-01
8.019010999999999410e-08 -8.331387396337682771e-01
8.020012000000000201e-08 -6.296100825167297854e-01
8.021012999999999669e-08 -3.683586230832455732e-01
8.022013999999999136e-08 -7.326808823689225092e-02
8.023014999999999927e-08 2.286356813489223427e-01
8.024015999999999395e-08 5.096574085606676574e-01
8.025017000000000186e-08 7.439738363682854017e-01
8.026017999999999653e-08 9.100106877563181040e-01
8.027018999999999120e-08 9.924359815645527050e-01
8.028019999999999911e-08 9.835849195238853815e-01
8.029020999999999379e-08 8.841831061160598804e-01
8.030022000000000170e-08 7.032989393774262687e-01
8.031022999999999637e-08 4.575267795442483076e-01
8.032023999999999105e-08 1.694734716819615017e-01
8.033024999999999896e-08 -1.343145827328983966e-01
8.034025999999999363e-08 -4.257943469967958028e-01
8.035027000000000154e-08 -6.780145973850956187e-01
8.036027999999999622e-08 -8.676110156319397637e-01
8.037028999999999089e-08 -9.769766657444124425e-01
8.038029999999999880e-08 -9.959056746948020677e-01
8.039030999999999347e-08 -9.225558970749981880e-01
8.040032000000000138e-08 -7.636388424950480980e-01
8.041032999999999606e-08 -5.338164620873792066e-01
8.042033999999999073e-08 -2.543579530162734526e-01
8.043034999999999864e-08 4.882127610057002132e-02
8.044035999999999332e-08 3.475583706560790853e-01
8.045037000000000123e-08 6.140579265321666202e-01
8.046037999999999590e-08 8.234803545767674926e-01
8.047038999999999058e-08 9.562624914888239180e-01
8.048039999999999848e-08 9.999531722090946317e-01
8.049040999999999316e-08 9.503908027595237007e-01
8.050042000000000107e-08 8.121106589563373834e-01
8.051042999999999574e-08 5.979411074562183126e-01
8.052043999999999042e-08 3.278235803297856465e-01
8.053044999999999833e-08 2.696388137966264711e-02
8.054045999999999300e-08 -2.765145631303496665e-01
8.055047000000000091e-08 -5.541975322618472033e-01
8.056047999999999559e-08 -7.800417710395889381e-01
8.057048999999999026e-08 -9.328222252345387266e-01
8.058049999999999817e-08 -9.981343654547463196e-01
8.059050999999999284e-08 -9.697620149292441871e-01
8.060052000000000075e-08 -8.502799066491240065e-01
8.061052999999999543e-08 -6.508315889377115360e-01
8.062053999999999010e-08 -3.901006266941729472e-01
8.063054999999999801e-08 -9.256906125574820843e-02
8.064055999999999269e-08 2.137753733363741415e-01
8.065057000000000060e-08 5.000691390887369581e-01
8.066057999999999527e-08 7.392930502967907103e-01
8.067058999999998995e-08 9.088262992055288203e-01
8.068059999999999786e-08 9.925925616361133130e-01
8.069060999999999253e-08 9.825939236032557034e-01
8.070062000000000044e-08 8.796853993947607586e-01
8.071062999999999511e-08 6.935140506129371385e-01
8.072063999999998979e-08 4.416254966378995728e-01
8.073064999999999770e-08 1.478195064193817687e-01
8.074065999999999237e-08 -1.600921009792282412e-01
8.075067000000000028e-08 -4.529146720419534589e-01
8.076067999999999496e-08 -7.028388406383346831e-01
8.077069000000000287e-08 -8.860851075575604252e-01
8.078069999999999754e-08 -9.851730696275692312e-01
8.079070999999999222e-08 -9.905981341971086263e-01
8.080072000000000012e-08 -9.017540365522049850e-01
8.081072999999999480e-08 -7.270106276010996904e-01
8.082074000000000271e-08 -4.829365218045855168e-01
8.083074999999999738e-08 -1.927376988443572914e-01
8.084075999999999206e-08 1.159417335143701211e-01
8.085076999999999997e-08 4.136488914328306787e-01
8.086077999999999464e-08 6.719318917581749151e-01
8.087079000000000255e-08 8.660620674025955035e-01
8.088079999999999723e-08 9.774078897252475029e-01
8.089080999999999190e-08 9.952321168672150220e-01
8.090081999999999981e-08 9.177379809880460426e-01
8.091082999999999448e-08 7.522614808029334243e-01
8.092084000000000239e-08 5.145883167036937600e-01
8.093084999999999707e-08 2.274579299799145971e-01
8.094085999999999174e-08 -8.160456202001337145e-02
8.095086999999999965e-08 -3.829225653814614660e-01
8.096087999999999433e-08 -6.475166896596918908e-01
8.097089000000000224e-08 -8.498945654402485506e-01
8.098089999999999691e-08 -9.705129829661620633e-01
8.099090999999999159e-08 -9.976739844997116746e-01
8.100091999999999950e-08 -9.286701205527730929e-01
8.101092999999999417e-08 -7.700657431049997559e-01
8.102094000000000208e-08 -5.370841377415225271e-01
8.103094999999999675e-08 -2.521565415904670759e-01
8.104095999999999143e-08 5.722966373092044923e-02
8.105096999999999934e-08 3.611779408303906203e-01
8.106097999999999401e-08 6.302703438198465902e-01
8.107099000000000192e-08 8.384172266911452676e-01
8.108099999999999660e-08 9.653926414695378488e-01
8.109100999999999127e-08 9.988084830490584487e-01
8.110101999999999918e-08 9.353338679262179767e-01
8.111102999999999386e-08 7.810387096493163206e-01
8.112104000000000176e-08 5.508250365635010137e-01
8.113104999999999644e-08 2.669981298829919858e-01
8.114105999999999111e-08 -4.288654908286653605e-02
8.115106999999999902e-08 -3.486936162778475623e-01
8.116107999999999370e-08 -6.206369477897404341e-01
8.117109000000000161e-08 -8.321832225438264841e-01
8.118109999999999628e-08 -9.626465795336698328e-01
8.119110999999999096e-08 -9.992201130715943069e-01
8.120111999999999887e-08 -9.382438676116440224e-01
8.121112999999999354e-08 -7.855827657590278568e-01
8.122114000000000145e-08 -5.560744031686976063e-01
8.123114999999999612e-08 -2.720974776765824887e-01
8.124115999999999080e-08 3.860208245118893627e-02
8.125116999999999871e-08 3.456169437989831672e-01
8.126117999999999338e-08 6.188527862624751963e-01
8.127119000000000129e-08 8.314805207382807151e-01
8.128119999999999597e-08 9.625764890739892943e-01
8.129120999999999064e-08 9.991902746475399555e-01
8.130121999999999855e-08 9.376349257394110959e-01
8.131122999999999323e-08 7.838700093372855671e-01
8.132124000000000114e-08 5.529366397715242964e-01
8.133124999999999581e-08 2.674967988363372018e-01
8.134125999999999048e-08 -4.438227436684094585e-02
8.135126999999999839e-08 -3.519828417282295785e-01
8.136127999999999307e-08 -6.249607163103595431e-01
8.137129000000000098e-08 -8.363410547594058997e-01
8.138129999999999565e-08 -9.651899074861293171e-01
8.139130999999999033e-08 -9.986963690141278382e-01
8.140131999999999824e-08 -9.334573682742424161e-01
8.141132999999999291e-08 -7.758351880163981695e-01
8.142134000000000082e-08 -5.413490870841815017e-01
8.143134999999999550e-08 -2.531579447792980941e-01
8.144135999999999017e-08 6.021879789077576317e-02
8.145136999999999808e-08 3.677184523930641102e-01
8.146137999999999275e-08 6.388128531063967941e-01
8.147139000000000066e-08 8.465417715623878570e-01
8.148139999999999534e-08 9.702003192218802141e-01
8.149140999999999001e-08 9.974118593080100181e-01
8.150141999999999792e-08 9.253780019228627918e-01
8.151142999999999260e-08 7.611783517276430322e-01
8.152144000000000051e-08 5.210868452475181378e-01
8.153144999999999518e-08 2.289694352398659316e-01
8.154145999999998986e-08 -8.608019798811633594e-02
8.155146999999999776e-08 -3.926335140495709197e-01
8.156147999999999244e-08 -6.600614040602058585e-01
8.157149000000000035e-08 -8.615974427335136854e-01
8.158149999999999502e-08 -9.770234641674295784e-01
8.159151000000000293e-08 -9.947073705819022837e-01
8.160151999999999761e-08 -9.127868527626569195e-01
8.161152999999999228e-08 -7.393774485486900305e-01
8.162154000000000019e-08 -4.917807047520783015e-01
8.163154999999999487e-08 -1.947684380266208881e-01
8.164156000000000278e-08 1.218878373311731850e-01
8.165156999999999745e-08 4.263967214889965995e-01
8.166157999999999212e-08 6.881381921292577530e-01
8.167159000000000003e-08 8.807460439562764254e-01
8.168159999999999471e-08 9.847708771308211206e-01
8.169161000000000262e-08 9.896539864434118483e-01
8.170161999999999729e-08 8.948108517635813275e-01
8.171162999999999197e-08 7.097119013516758335e-01
8.172163999999999988e-08 4.529489444495854444e-01
8.173164999999999455e-08 1.503780397922452883e-01
8.174166000000000246e-08 -1.674767526184909872e-01
8.175166999999999714e-08 -4.684988158952388404e-01
8.176167999999999181e-08 -7.222241629673021857e-01
8.177168999999999972e-08 -9.029284710308812523e-01
8.178169999999999439e-08 -9.922427544711130976e-01
8.179171000000000230e-08 -9.810309661855839414e-01
8.180171999999999698e-08 -8.703365836323019300e-01
8.181172999999999165e-08 -6.712989283878244562e-01
8.182173999999999956e-08 -4.040441781966488954e-01
8.183174999999999424e-08 -9.566022536387154551e-02
8.184176000000000215e-08 2.225418792128104062e-01
8.185176999999999682e-08 5.182037586707508581e-01
8.186177999999999150e-08 7.612110497233799400e-01
8.187178999999999940e-08 9.267654094432544731e-01
8.188179999999999408e-08 9.979233468506488736e-01
8.189181000000000199e-08 9.673411404868831331e-01
8.190181999999999666e-08 8.380450639225799359e-01
8.191182999999999134e-08 6.231449359604774862e-01
8.192183999999999925e-08 3.445166458424434031e-01
8.193184999999999392e-08 3.058481775228968566e-02
8.194186000000000183e-08 -2.865706330495597642e-01
8.195186999999999651e-08 -5.744901850489245732e-01
8.196187999999999118e-08 -8.036584281242485917e-01
8.197188999999999909e-08 -9.505353320537230921e-01
8.198189999999999376e-08 -9.999832007160268654e-01
8.199191000000000167e-08 -9.468382018842527170e-01
8.200191999999999635e-08 -7.964621867383615550e-01
8.201192999999999102e-08 -5.642146227199082986e-01
8.202193999999999893e-08 -2.738952449890891816e-01
8.203194999999999361e-08 4.468587680307906790e-02
8.204196000000000152e-08 3.587637049995018312e-01
8.205196999999999619e-08 6.359864646368058594e-01
8.206197999999999087e-08 8.477506638186405041e-01
8.207198999999999878e-08 9.721588599139033837e-01
8.208199999999999345e-08 9.962936724530154775e-01
8.209201000000000136e-08 9.175709125051444426e-01
8.210201999999999603e-08 7.440288912572270430e-01
8.211202999999999071e-08 4.935203793089670832e-01
8.212203999999999862e-08 1.918870737940762961e-01
8.213204999999999329e-08 -1.296979240988636040e-01
8.214206000000000120e-08 -4.379471974168609449e-01
8.215206999999999588e-08 -7.009041546762111441e-01
8.216207999999999055e-08 -8.912597289995405347e-01
8.217208999999999846e-08 -9.891960368107928225e-01
8.218209999999999314e-08 -9.844601318104370113e-01
8.219211000000000105e-08 -8.774497898967641429e-01
8.220211999999999572e-08 -6.791950969022144680e-01
8.221212999999999039e-08 -4.102340100377081522e-01
8.222213999999999830e-08 -9.849518301307670642e-02
8.223214999999999298e-08 2.235948033680466851e-01
8.224216000000000089e-08 5.224809619866130905e-01
8.225216999999999556e-08 7.669764144152837471e-01
8.226217999999999024e-08 9.315214909460416415e-01
8.227218999999999815e-08 9.988643363480176340e-01
8.228219999999999282e-08 9.618810154214575414e-01
8.229221000000000073e-08 8.243419404900959035e-01
8.230221999999999540e-08 6.005408891313430697e-01
8.231222999999999008e-08 3.138215962256355462e-01
8.232223999999999799e-08 -5.847496019517655491e-03
8.233224999999999266e-08 -3.249993947451323972e-01
8.234226000000000057e-08 -6.101701842754267968e-01
8.235226999999999525e-08 -8.314099935642049743e-01
8.236227999999998992e-08 -9.654347295963431330e-01
8.237228999999999783e-08 -9.980862713671779796e-01
8.238229999999999251e-08 -9.258401871673440642e-01
8.239231000000000042e-08 -7.561991818500849449e-01
8.240231999999999509e-08 -5.069271100847129174e-01
8.241232999999998976e-08 -2.042003141444981851e-01
8.242233999999999767e-08 1.201325606178586941e-01
8.243234999999999235e-08 4.318963548699916721e-01
8.244236000000000026e-08 6.981898379972374391e-01
8.245236999999999493e-08 8.908615725949916575e-01
8.246238000000000284e-08 9.894936197204703410e-01
8.247238999999999752e-08 9.835760626607595869e-01
8.248239999999999219e-08 8.736396486960924523e-01
8.249241000000000010e-08 6.712231844078332399e-01
8.250241999999999478e-08 3.976752218361919167e-01
8.251243000000000269e-08 8.191308738346465834e-02
8.252243999999999736e-08 -2.426266603817098799e-01
8.253244999999999203e-08 -5.415255490590153986e-01
8.254245999999999994e-08 -7.830344400539378524e-01
8.255246999999999462e-08 -9.414512740421675518e-01
8.256248000000000253e-08 -9.998654143054220844e-01
8.257248999999999720e-08 -9.519746210570846356e-01
8.258249999999999188e-08 -8.027782072907185817e-01
8.259250999999999979e-08 -5.680688082763407643e-01
8.260251999999999446e-08 -2.727728866997229940e-01
8.261253000000000237e-08 5.168697425405249790e-02
8.262253999999999705e-08 3.707299055705557400e-01
8.263254999999999172e-08 6.503008011167472624e-01
8.264255999999999963e-08 8.605082903992666843e-01
8.265256999999999430e-08 9.788277176414729164e-01
8.266258000000000221e-08 9.925251858048627085e-01
8.267258999999999689e-08 9.000407073489300469e-01
8.268259999999999156e-08 7.111789071870388002e-01
8.269260999999999947e-08 4.460828665221275302e-01
8.270261999999999415e-08 1.330970360183456047e-01
8.271263000000000206e-08 -1.942552811247357791e-01
8.272263999999999673e-08 -5.008584603745696029e-01
8.273264999999999140e-08 -7.537718500611271244e-01
8.274265999999999931e-08 -9.257736424238629525e-01
8.275266999999999399e-08 -9.982995633012073933e-01
8.276268000000000190e-08 -9.634582237966033968e-01
8.277268999999999657e-08 -8.249031178812622489e-01
8.278269999999999125e-08 -5.974635360820563790e-01
8.279270999999999916e-08 -3.055700410597388395e-01
8.280271999999999383e-08 1.935971141441204801e-02
8.281273000000000174e-08 3.422961833917445018e-01
8.282273999999999642e-08 6.283723078100442727e-01
8.283274999999999109e-08 8.466505479086762209e-01
8.284275999999999900e-08 9.734754176094323475e-01
8.285276999999999367e-08 9.950474569509852873e-01
8.286278000000000158e-08 9.089374915693517742e-01
8.287278999999999626e-08 7.243736675829753890e-01
8.288279999999999093e-08 4.612660836936090525e-01
8.289280999999999884e-08 1.480705871429772447e-01
8.290281999999999352e-08 -1.812803552592182899e-01
8.291283000000000143e-08 -4.910496260447438366e-01
8.292283999999999610e-08 -7.475734017149704425e-01
8.293284999999999078e-08 -9.229242648241162694e-01
8.294285999999999869e-08 -9.979603905444406342e-01
8.295286999999999336e-08 -9.644269603552990677e-01
8.296288000000000127e-08 -8.258778497040596411e-01
8.297288999999999594e-08 -5.973132645995421486e-01
8.298289999999999062e-08 -3.035685810320864486e-01
8.299290999999999853e-08 2.337399502301404017e-02
8.300291999999999320e-08 3.478610822898781652e-01
8.301293000000000111e-08 6.344541070192220023e-01
8.302293999999999579e-08 8.518023116941458861e-01
8.303294999999999046e-08 9.760792514813696474e-01
8.304295999999999837e-08 9.936053458832438956e-01
8.305296999999999305e-08 9.023666891464158235e-01
8.306298000000000095e-08 7.122601011671459981e-01
8.307298999999999563e-08 4.440333552581584020e-01
8.308299999999999030e-08 1.270325070176517579e-01
8.309300999999999821e-08 -2.040004027157116262e-01
8.310301999999999289e-08 -5.127307718987836882e-01
8.311303000000000080e-08 -7.652200820829988537e-01
8.312303999999999547e-08 -9.336618734000117215e-01
8.313304999999999015e-08 -9.994532481301182658e-01
8.314305999999999806e-08 -9.552616368882755893e-01
8.315306999999999273e-08 -8.058558961906814311e-01
8.316308000000000064e-08 -5.676060827138244003e-01
8.317308999999999531e-08 -2.667026821803713532e-01
8.318309999999998999e-08 6.371244155263007525e-02
8.319310999999999790e-08 3.871902157243728992e-01
8.320311999999999257e-08 6.679936414573561798e-01
8.321313000000000048e-08 8.750491677770343424e-01
8.322313999999999516e-08 9.853929237833142230e-01
8.323314999999998983e-08 9.867287794813922597e-01
8.324315999999999774e-08 8.788120674330363036e-01
8.325316999999999242e-08 6.735018011271958205e-01
8.326318000000000033e-08 3.934712322542646135e-01
8.327318999999999500e-08 6.971538076872640932e-02
8.328320000000000291e-08 -2.618717586948569598e-01
8.329320999999999758e-08 -5.644732487491357364e-01
8.330321999999999226e-08 -8.044384517470060114e-01
8.331323000000000017e-08 -9.550311615003675980e-01
8.332323999999999484e-08 -9.994184954544044208e-01
8.333325000000000275e-08 -9.325653237498947590e-01
8.334325999999999743e-08 -7.618196304923465778e-01
8.335326999999999210e-08 -5.061192811155266202e-01
8.336328000000000001e-08 -1.939041506851913454e-01
8.337328999999999469e-08 1.400376346607747069e-01
8.338330000000000259e-08 4.584406902272443740e-01
8.339330999999999727e-08 7.257204651695379205e-01
8.340331999999999194e-08 9.119545430963172938e-01
8.341332999999999985e-08 9.962412428217822802e-01
8.342333999999999453e-08 9.690575848419139549e-01
8.343335000000000244e-08 8.333492924773657773e-01
8.344335999999999711e-08 6.042265503654290493e-01
8.345336999999999179e-08 3.072950843391222819e-01
8.346337999999999970e-08 -2.419465475796412496e-02
8.347338999999999437e-08 -3.530640394029270213e-01
8.348340000000000228e-08 -6.423739207822080077e-01
8.349340999999999695e-08 -8.595764682198148154e-01
8.350341999999999163e-08 -9.801842494963534103e-01
8.351342999999999954e-08 -9.905421324688274964e-01
8.352343999999999421e-08 -8.893870065348137288e-01
8.353345000000000212e-08 -6.880156706410986978e-01
8.354345999999999680e-08 -4.090374358180091097e-01
8.355346999999999147e-08 -8.384753050077434211e-02
8.356347999999999938e-08 2.508977134296359046e-01
8.357348999999999406e-08 5.574091132045858599e-01
8.358350000000000197e-08 8.010318457204104181e-01
8.359350999999999664e-08 9.541696408650168770e-01
8.360351999999999131e-08 9.994209348184596164e-01
8.361352999999999922e-08 9.315694507950909031e-01
8.362353999999999390e-08 7.582000472211170017e-01
8.363355000000000181e-08 4.988655848565142770e-01
8.364355999999999648e-08 1.828945814123804081e-01
8.365356999999999116e-08 -1.539160197784071038e-01
8.366357999999999907e-08 -4.733511363470680466e-01
8.367358999999999374e-08 -7.391132279322318865e-01
8.368360000000000165e-08 -9.209515198816579096e-01
8.369360999999999633e-08 -9.981145135458122652e-01
8.370361999999999100e-08 -9.617307316921891447e-01
8.371362999999999891e-08 -8.158431663879335272e-01
8.372363999999999358e-08 -5.769752255917947048e-01
8.373365000000000149e-08 -2.722729073366857988e-01
8.374365999999999617e-08 6.356950181556238200e-02
8.375366999999999084e-08 3.922532809797770748e-01
8.376367999999999875e-08 6.762411342579202067e-01
8.377368999999999343e-08 8.830475784538547313e-01
8.378370000000000134e-08 9.889631109807376363e-01
8.379370999999999601e-08 9.817843094042680852e-01
8.380371999999999069e-08 8.622341654905733010e-01
8.381372999999999859e-08 6.439057603285428533e-01
8.382373999999999327e-08 3.517309724903063817e-01
8.383375000000000118e-08 1.914504496565335584e-02
8.384375999999999585e-08 -3.157318848676175516e-01
8.385376999999999053e-08 -6.144611118194104327e-01
8.386377999999999844e-08 -8.426997768519124410e-01
8.387378999999999311e-08 -9.741561687277084935e-01
8.388380000000000102e-08 -9.936295808754961323e-01
8.389380999999999570e-08 -8.987819930422163983e-01
8.390381999999999037e-08 -7.004335178375604709e-01
8.391382999999999828e-08 -4.213428282949358561e-01
8.392383999999999295e-08 -9.360827277980510175e-02
8.393385000000000086e-08 2.450150127574994285e-01
8.394385999999999554e-08 5.554604625109688110e-01
8.395386999999999021e-08 8.018582765246102806e-01
8.396387999999999812e-08 9.556861100030932255e-01
8.397388999999999280e-08 9.990812664942108068e-01
8.398390000000000071e-08 9.269285728155193249e-01
8.399390999999999538e-08 7.474783558625014424e-01
8.400391999999999006e-08 4.814182397232913968e-01
8.401392999999999797e-08 1.595013609280482025e-01
8.402393999999999264e-08 -1.809986338828623864e-01
8.403395000000000055e-08 -5.005983096242626607e-01
8.404395999999999522e-08 -7.621829557263789523e-01
8.405396999999998990e-08 -9.353219723830850096e-01
8.406397999999999781e-08 -9.998187810213037263e-01
8.407398999999999248e-08 -9.480800206600231705e-01
8.408400000000000039e-08 -7.860245983921341217e-01
8.409400999999999507e-08 -5.324220943915798365e-01
8.410401999999998974e-08 -2.167325640434364931e-01
8.411402999999999765e-08 1.243052781078309021e-01
8.412403999999999233e-08 4.509436070114797857e-01
8.413405000000000023e-08 7.250573048939680243e-01
8.414405999999999491e-08 9.145984148355144061e-01
8.415407000000000282e-08 9.973522794172794415e-01
8.416407999999999749e-08 9.635540755675823243e-01
8.417408999999999217e-08 8.170560812597127409e-01
8.418410000000000008e-08 5.749044487606980169e-01
8.419410999999999475e-08 2.653699695203840525e-01
8.420412000000000266e-08 -7.534137738394289241e-02
8.421412999999999734e-08 -4.073166763575633009e-01
8.422413999999999201e-08 -6.916101488577418577e-01
8.423414999999999992e-08 -8.948158888798259936e-01
8.424415999999999459e-08 -9.930019396984115509e-01
8.425417000000000250e-08 -9.745414138086441191e-01
8.426417999999999718e-08 -8.415042887653245707e-01
8.427418999999999185e-08 -6.094415702099263976e-01
8.428419999999999976e-08 -3.055821141826536302e-01
8.429420999999999444e-08 3.435056932843629646e-02
8.430422000000000235e-08 3.703308005190812935e-01
8.431422999999999702e-08 6.627413677565753281e-01
8.432423999999999170e-08 8.770482071196110674e-01
8.433424999999999961e-08 9.878871745239633517e-01
8.434425999999999428e-08 9.820783314480363568e-01
8.435427000000000219e-08 8.602080997448233735e-01
8.436427999999999686e-08 6.365876478989224152e-01
8.437428999999999154e-08 3.375872816794555642e-01
8.438429999999999945e-08 -1.461121349688684163e-03
8.439430999999999412e-08 -3.404312445861110703e-01
8.440432000000000203e-08 -6.391485112141811475e-01
8.441432999999999671e-08 -8.621542768090569853e-01
8.442433999999999138e-08 -9.829227639332828170e-01
8.443434999999999929e-08 -9.870283274870595980e-01
8.444435999999999397e-08 -8.738834607794229159e-01
8.445437000000000187e-08 -6.568364274460969376e-01
8.446437999999999655e-08 -3.616117178118959941e-01
8.447438999999999122e-08 -2.327368065473239822e-02
8.448439999999999913e-08 3.179297908830696628e-01
8.449440999999999381e-08 6.213518716791024410e-01
8.450442000000000172e-08 8.507913293406987876e-01
8.451442999999999639e-08 9.788193051576297155e-01
8.452443999999999107e-08 9.900703298614946801e-01
8.453444999999999898e-08 8.831013072468443248e-01
8.454445999999999365e-08 6.705918278500569985e-01
8.455447000000000156e-08 3.778566314354336320e-01
8.456447999999999623e-08 3.984283509390476596e-02
8.457448999999999091e-08 -3.030334505550107416e-01
8.458449999999999882e-08 -6.097161763480634100e-01
8.459450999999999349e-08 -8.434275280201559699e-01
8.460452000000000140e-08 -9.760858317553328112e-01
8.461452999999999608e-08 -9.916916254958009214e-01
8.462453999999999075e-08 -8.882722069790218722e-01
8.463454999999999866e-08 -6.781465775626471792e-01
8.464455999999999334e-08 -3.864736582442316326e-01
8.465457000000000125e-08 -4.825293897750982525e-02
8.466457999999999592e-08 2.958664593440439305e-01
8.467458999999999059e-08 6.044675642343355637e-01
8.468459999999999850e-08 8.403523539403550124e-01
8.469460999999999318e-08 9.750329301406719384e-01
8.470462000000000109e-08 9.921839428804486438e-01
8.471462999999999576e-08 8.896364625778145907e-01
8.472463999999999044e-08 6.796680175486601305e-01
8.473464999999999835e-08 3.875484162504917451e-01
8.474465999999999302e-08 4.851163283392439379e-02
8.475467000000000093e-08 -2.964849960983755306e-01
8.476467999999999561e-08 -6.057049406203570685e-01
8.477468999999999028e-08 -8.416836454512193200e-01
8.478469999999999819e-08 -9.757751576349833478e-01
8.479470999999999286e-08 -9.916415625857787353e-01
8.480472000000000077e-08 -8.872587419877885351e-01
8.481472999999999545e-08 -6.751904248120423890e-01
8.482473999999999012e-08 -3.810918383974253310e-01
8.483474999999999803e-08 -4.061919753856015752e-02
8.484475999999999271e-08 3.048843039559032131e-01
8.485477000000000062e-08 6.134051598638941005e-01
8.486477999999999529e-08 8.473706038830558507e-01
8.487478999999998997e-08 9.782320342565730131e-01
8.488479999999999787e-08 9.899607790576107069e-01
8.489480999999999255e-08 8.810266855637263195e-01
8.490482000000000046e-08 6.646134774077385732e-01
8.491482999999999513e-08 3.670390944207460038e-01
8.492483999999998981e-08 2.456829586138559174e-02
8.493484999999999772e-08 -3.209980748006742157e-01
8.494485999999999239e-08 -6.274218002326215071e-01
8.495487000000000030e-08 -8.571924877131629206e-01
8.496487999999999498e-08 -9.821273403077025455e-01
8.497488999999998965e-08 -9.868404945656490401e-01
8.498489999999999756e-08 -8.706533403143078553e-01
8.499490999999999223e-08 -6.477067825380447008e-01
8.500492000000000014e-08 -3.452560774961939138e-01
8.501492999999999482e-08 -3.518583197025553682e-04
8.502494000000000273e-08 3.446901086493555644e-01
8.503494999999999740e-08 6.474775858504857595e-01
8.504495999999999208e-08 8.707531147883117439e-01
8.505496999999999999e-08 9.869869079647344279e-01
8.506497999999999466e-08 9.817841863282471548e-01
8.507499000000000257e-08 8.556836805394371082e-01
8.508499999999999725e-08 6.241206964706075278e-01
8.509500999999999192e-08 3.155535991964552589e-01
8.510501999999999983e-08 -3.202087921497626111e-02
8.511502999999999450e-08 -3.757384132503709395e-01
8.512504000000000241e-08 -6.731508072998135805e-01
8.513504999999999709e-08 -8.874716949204167760e-01
8.514505999999999176e-08 -9.921355538581925204e-01
8.515506999999999967e-08 -9.741039450873012484e-01
8.516507999999999435e-08 -8.355058719462818972e-01
8.517509000000000226e-08 -5.934039527534425984e-01
8.518509999999999693e-08 -2.777095767886508804e-01
8.519510999999999161e-08 7.250020392927587765e-02
8.520511999999999951e-08 4.138120974374766003e-01
8.521512999999999419e-08 7.038564199002012023e-01
8.522514000000000210e-08 9.065709397449610574e-01
8.523514999999999677e-08 9.966942661206553700e-01
8.524515999999999145e-08 9.629277306453264407e-01
8.525516999999999936e-08 8.093683051030615694e-01
8.526517999999999403e-08 5.550288561060249259e-01
8.527519000000000194e-08 2.314995770376658268e-01
8.528519999999999662e-08 -1.209637307038223114e-01
8.529520999999999129e-08 -4.584416655549378716e-01
8.530521999999999920e-08 -7.388228807366590267e-01
8.531522999999999387e-08 -9.270638562441919639e-01
8.532524000000000178e-08 -9.995792343749365649e-01
8.533524999999999646e-08 -9.472114154254545060e-01
8.534525999999999113e-08 -7.764037411116656573e-01
8.535526999999999904e-08 -5.084249627967581953e-01
8.536527999999999372e-08 -1.767360659068365758e-01
8.537529000000000163e-08 1.771764865296422131e-01
8.538529999999999630e-08 5.089836678177527274e-01
8.539530999999999098e-08 7.770662409563620088e-01
8.540531999999999889e-08 9.477411314477096616e-01
8.541532999999999356e-08 9.995047880338479018e-01
8.542534000000000147e-08 9.257575718677810706e-01
8.543534999999999614e-08 7.356621485328633803e-01
8.544535999999999082e-08 4.530222191032838852e-01
8.545536999999999873e-08 1.133165675525860533e-01
8.546537999999999340e-08 -2.407439048423019035e-01
8.547539000000000131e-08 -5.645811263596193230e-01
8.548539999999999599e-08 -8.173635499582613262e-01
8.549540999999999066e-08 -9.671615555701664757e-01
8.550541999999999857e-08 -9.949927699787713964e-01
8.551542999999999325e-08 -8.972432742792294524e-01
8.552544000000000116e-08 -6.861539286011171246e-01
8.553544999999999583e-08 -3.883044273833011761e-01
8.554545999999999050e-08 -4.128062142171167598e-02
8.555546999999999841e-08 3.110588486751415527e-01
8.556547999999999309e-08 6.241217549781625795e-01
8.557549000000000100e-08 8.582282531456103536e-01
8.558549999999999567e-08 9.836484931643417751e-01
8.559550999999999035e-08 9.843912885141195002e-01
8.560551999999999826e-08 8.602593893074134135e-01
8.561552999999999293e-08 6.269051793267196304e-01
8.562554000000000084e-08 3.138736096907004391e-01
8.563554999999999552e-08 -3.912509330058237811e-02
8.564555999999999019e-08 -3.872444548848879009e-01
8.565556999999999810e-08 -6.861967267197316422e-01
8.566557999999999277e-08 -8.978909600658110390e-01
8.567559000000000068e-08 -9.952959638855355395e-01
8.568559999999999536e-08 -9.659061135521264108e-01
8.569560999999999003e-08 -8.133638668012200812e-01
8.570561999999999794e-08 -5.570263833565956002e-01
8.571562999999999262e-08 -2.295252948128813086e-01
8.572564000000000053e-08 1.273748529771960569e-01
8.573564999999999520e-08 4.680954608763204794e-01
8.574565999999998987e-08 7.490636054919197484e-01
8.575566999999999778e-08 9.342896904501065691e-01
8.576567999999999246e-08 9.999883829331187579e-01
8.577569000000000037e-08 9.376481481874502366e-01
8.578569999999999504e-08 7.551513464415898769e-01
8.579570999999998972e-08 4.757953582729521069e-01
8.580571999999999763e-08 1.353339209867907567e-01
8.581572999999999230e-08 -2.225876063493655854e-01
8.582574000000000021e-08 -5.520217340894501001e-01
8.583574999999999489e-08 -8.106180113785902419e-01
8.584575999999998956e-08 -9.650744126924604149e-01
8.585576999999999747e-08 -9.954383595603887303e-01
8.586577999999999214e-08 -8.977003303992624472e-01
8.587579000000000005e-08 -6.843408859951880530e-01
8.588579999999999473e-08 -3.827544184593652532e-01
8.589581000000000264e-08 -3.174638669356337484e-02
8.590581999999999731e-08 3.234499916807291320e-01
8.591582999999999199e-08 6.369989417950020494e-01
8.592583999999999990e-08 8.683795707442065748e-01
8.593584999999999457e-08 9.876312843980973311e-01
8.594586000000000248e-08 9.792470587065256193e-01
8.595586999999999716e-08 8.442069007971628736e-01
8.596587999999999183e-08 5.998827089134263213e-01
8.597588999999999974e-08 2.778204077285840734e-01
8.598589999999999441e-08 -8.031972313807178576e-02
8.599591000000000232e-08 -4.281438484826822211e-01
8.600591999999999700e-08 -7.205326094167401330e-01
8.601592999999999167e-08 -9.194986124790709425e-01
8.602593999999999958e-08 -9.991323673066221378e-01
8.603594999999999426e-08 -9.489913702290829756e-01
8.604596000000000217e-08 -7.754870982897359433e-01
8.605596999999999684e-08 -5.010834790938242245e-01
8.606597999999999152e-08 -1.614045314710179091e-01
8.607598999999999942e-08 1.993785476520431033e-01
8.608599999999999410e-08 5.342851094651687172e-01
8.609601000000000201e-08 7.996431116960376340e-01
8.610601999999999668e-08 9.607907709551376518e-01
8.611602999999999136e-08 9.966165659723645875e-01
8.612603999999999927e-08 9.023413573896650330e-01
8.613604999999999394e-08 6.901739007554442695e-01
8.614606000000000185e-08 3.877476709274025324e-01
8.615606999999999653e-08 3.453673775002660123e-02
8.616607999999999120e-08 -3.232864280458242479e-01
8.617608999999999911e-08 -6.388827116662264549e-01
8.618609999999999378e-08 -8.708802635682030280e-01
8.619611000000000169e-08 -9.888069612862577795e-01
8.620611999999999637e-08 -9.771069490259828294e-01
8.621612999999999104e-08 -8.372100165886066092e-01
8.622613999999999895e-08 -5.873763087387438020e-01
8.623614999999999363e-08 -2.603300782217783382e-01
8.624616000000000154e-08 1.010131898106576553e-01
8.625616999999999621e-08 4.491701655709221530e-01
8.626617999999999089e-08 7.383278040676791720e-01
8.627618999999999880e-08 9.303769115283944124e-01
8.628619999999999347e-08 9.999458793401209133e-01
8.629621000000000138e-08 9.377682528256848782e-01
8.630621999999999605e-08 7.519351263460356538e-01
8.631622999999999073e-08 4.668608065188396550e-01
8.632623999999999864e-08 1.200914167669566435e-01
8.633624999999999331e-08 -2.426285456283305830e-01
8.634626000000000122e-08 -5.733850243913459765e-01
8.635626999999999590e-08 -8.284248038391537339e-01
8.636627999999999057e-08 -9.739510006498963701e-01
8.637628999999999848e-08 -9.906149927355155649e-01
8.638629999999999316e-08 -8.761060386550305612e-01
8.639631000000000106e-08 -6.454897794187638427e-01
8.640631999999999574e-08 -3.292440169973033237e-01
8.641632999999999041e-08 3.075457496893925849e-02
8.642633999999999832e-08 3.867663107232849895e-01
8.643634999999999300e-08 6.915163839026831072e-01
8.644636000000000091e-08 9.044764418176308718e-01
8.645636999999999558e-08 9.972646897122906529e-01
8.646637999999999026e-08 9.574436639591922260e-01
8.647638999999999817e-08 7.902055033487059843e-01
8.648639999999999284e-08 5.177140270179122483e-01
8.649641000000000075e-08 1.761842792821898263e-01
8.650641999999999542e-08 -1.889179305662822828e-01
8.651642999999999010e-08 -5.289218863870769338e-01
8.652643999999999801e-08 -7.984401924826561858e-01
8.653644999999999268e-08 -9.614344503244852680e-01
8.654646000000000059e-08 -9.960468641872565199e-01
8.655646999999999527e-08 -8.975483387320977169e-01
8.656647999999998994e-08 -6.790032243605619300e-01
8.657648999999999785e-08 -3.695549741157411749e-01
8.658649999999999253e-08 -1.055513630033142088e-02
8.659651000000000044e-08 3.499522337980954800e-01
8.660651999999999511e-08 6.636564544158609635e-01
8.661652999999998978e-08 8.884574577867019318e-01
8.662653999999999769e-08 9.941255488074212110e-01
8.663654999999999237e-08 9.663815229464722822e-01
8.664656000000000028e-08 8.088444668164916918e-01
8.665656999999999495e-08 5.425791676821378751e-01
8.666657999999998963e-08 2.032968591139339143e-01
8.667658999999999754e-08 -1.634210927783814049e-01
8.668659999999999221e-08 -5.082395506035111143e-01
8.669661000000000012e-08 -7.847063013184853997e-01
8.670661999999999480e-08 -9.555163863512833311e-01
8.671663000000000270e-08 -9.975584380361602888e-01
8.672663999999999738e-08 -9.050587255757283067e-01
8.673664999999999205e-08 -6.903929543931696111e-01
8.674665999999999996e-08 -3.824492926976030827e-01
8.675666999999999464e-08 -2.275654042380215875e-02
8.676668000000000255e-08 3.401057850348799816e-01
8.677668999999999722e-08 6.570644858731253812e-01
8.678669999999999190e-08 8.851923782338153579e-01
8.679670999999999981e-08 9.935318928873146938e-01
8.680671999999999448e-08 9.673112465479943856e-01
8.681673000000000239e-08 8.099769611695443183e-01
8.682673999999999706e-08 5.427606376390408105e-01
8.683674999999999174e-08 2.018314844536256147e-01
8.684675999999999965e-08 -1.665859504191593288e-01
8.685676999999999432e-08 -5.124716704950096346e-01
8.686678000000000223e-08 -7.888010435848151758e-01
8.687678999999999691e-08 -9.579446841116134870e-01
8.688679999999999158e-08 -9.968055246210801856e-01
8.689680999999999949e-08 -8.999900602304566899e-01
8.690681999999999417e-08 -6.805760481006251084e-01
8.691683000000000208e-08 -3.683649616679857131e-01
8.692683999999999675e-08 -5.850059515356108818e-03
8.693684999999999142e-08 3.575566277691553108e-01
8.694685999999999933e-08 6.722555487254047168e-01
8.695686999999999401e-08 8.952326856957603107e-01
8.696688000000000192e-08 9.959490761485030319e-01
8.697688999999999659e-08 9.605390347486583158e-01
8.698689999999999127e-08 7.937378480168520989e-01
8.699690999999999918e-08 5.182684442001087577e-01
8.700691999999999385e-08 1.717635524349766796e-01
8.701693000000000176e-08 -1.983622134341722354e-01
8.702693999999999644e-08 -5.413934456949162088e-01
8.703694999999999111e-08 -8.102632934113728203e-01
8.704695999999999902e-08 -9.680188263935581849e-01
8.705696999999999369e-08 -9.929133108022041299e-01
8.706698000000000160e-08 -8.814218342655202321e-01
8.707698999999999628e-08 -6.487597060283504247e-01
8.708699999999999095e-08 -3.268250178444310761e-01
8.709700999999999886e-08 4.015910174670715010e-02
8.710701999999999354e-08 4.017093746996162063e-01
8.711703000000000145e-08 7.080240379578570664e-01
8.712703999999999612e-08 9.168472106066772875e-01
8.713704999999999080e-08 9.993092417857103449e-01
8.714705999999999870e-08 9.439343130995608844e-01
8.715706999999999338e-08 7.582567512911102536e-01
8.716708000000000129e-08 4.678158302552790082e-01
8.717708999999999596e-08 1.126602899139147046e-01
8.718709999999999064e-08 -2.581614512613081280e-01
8.719710999999999855e-08 -5.933691297647544216e-01
8.720711999999999322e-08 -8.465435241431364943e-01
8.721713000000000113e-08 -9.825631654957571737e-01
8.722713999999999581e-08 -9.824911632030156605e-01
8.723714999999999048e-08 -8.462302004845539960e-01
8.724715999999999839e-08 -5.925709477701549543e-01
8.725716999999999306e-08 -2.566195660114287125e-01
8.726718000000000097e-08 1.150461775773727324e-01
8.727718999999999565e-08 4.708259145678041491e-01
8.728719999999999032e-08 7.612591359345858288e-01
8.729720999999999823e-08 9.459071497353985780e-01
8.730721999999999291e-08 9.989961788574831525e-01
8.731723000000000082e-08 9.130324042716243538e-01
8.732723999999999549e-08 6.998795221853266746e-01
8.733724999999999017e-08 3.891412561327868280e-01
8.734725999999999808e-08 2.406650706084787622e-02
8.735726999999999275e-08 -3.444588107624838025e-01
8.736728000000000066e-08 -6.650001916639834976e-01
8.737728999999999533e-08 -8.927564289239778850e-01
8.738729999999999001e-08 -9.958317283314356283e-01
8.739730999999999792e-08 -9.597185400959507007e-01
8.740731999999999259e-08 -7.893588629111347732e-01
8.741733000000000050e-08 -5.084885008273106743e-01
8.742733999999999518e-08 -1.563481984577727024e-01
8.743734999999998985e-08 2.177852278442327372e-01
8.744735999999999776e-08 5.614875058007046116e-01
8.745736999999999244e-08 8.265332833333702833e-01
8.746738000000000034e-08 9.756707409844405099e-01
8.747738999999999502e-08 9.878716572767236581e-01
8.748739999999998969e-08 8.613150302716908735e-01
8.749740999999999760e-08 6.136783532668869112e-01
8.750741999999999228e-08 2.796877802580325367e-01
8.751743000000000019e-08 -9.373609141030397884e-02
8.752743999999999486e-08 -4.540604778279717646e-01
8.753744999999998954e-08 -7.505286616356841023e-01
8.754745999999999745e-08 -9.413154609787339755e-01
8.755746999999999212e-08 -9.994403968068390487e-01
8.756748000000000003e-08 -9.166008308737141341e-01
8.757748999999999470e-08 -7.043780549120557399e-01
8.758750000000000261e-08 -3.926384168514886475e-01
8.759750999999999729e-08 -2.534727119252206534e-02
8.760751999999999196e-08 3.456199830611794144e-01
8.761752999999999987e-08 6.678002287279696247e-01
8.762753999999999455e-08 8.955654159158483729e-01
8.763755000000000246e-08 9.965951481827262093e-01
8.764755999999999713e-08 9.564794276692237807e-01
8.765756999999999181e-08 7.807937992057860654e-01
8.766757999999999972e-08 4.943453263132551179e-01
8.767758999999999439e-08 1.376882174073710552e-01
8.768760000000000230e-08 -2.386041447512947111e-01
8.769760999999999697e-08 -5.811036908726232575e-01
8.770761999999999165e-08 -8.411146973852305919e-01
8.771762999999999956e-08 -9.816058544232928451e-01
8.772763999999999423e-08 -9.824993612402530552e-01
8.773765000000000214e-08 -8.435595210766337892e-01
8.774765999999999682e-08 -5.844625735520618814e-01
8.775766999999999149e-08 -2.420296986249933502e-01
8.776767999999999940e-08 1.349905288578978624e-01
8.777768999999999408e-08 4.928531168311159338e-01
8.778770000000000198e-08 7.804769243327216444e-01
8.779770999999999666e-08 9.567426024555194530e-01
8.780771999999999133e-08 9.963846371322010453e-01
8.781772999999999924e-08 8.936313187677732417e-01
8.782773999999999392e-08 6.630656434171378066e-01
8.783775000000000183e-08 3.375759859548346231e-01
8.784775999999999650e-08 -3.631844919299656582e-02
8.785776999999999118e-08 -4.051054185341467218e-01
8.786777999999999909e-08 -7.159351022969567824e-01
8.787778999999999376e-08 -9.241985481100146727e-01
8.788780000000000167e-08 -9.999417375361637772e-01
8.789780999999999634e-08 -9.321913492611800800e-01
8.790781999999999102e-08 -7.305650461544155316e-01
8.791782999999999893e-08 -4.239271417200823899e-01
8.792783999999999360e-08 -5.627442727712601844e-02
8.793785000000000151e-08 3.195640511384648663e-01
8.794785999999999619e-08 6.495129190843802469e-01
8.795786999999999086e-08 8.860335928051029653e-01
8.796787999999999877e-08 9.949839881160816857e-01
8.797788999999999345e-08 9.605635119405816491e-01
8.798790000000000136e-08 7.876247833133902532e-01
8.799790999999999603e-08 5.010110242443436279e-01
8.800791999999999070e-08 1.420062631996817926e-01
8.801792999999999861e-08 -2.375972176299885885e-01
8.802793999999999329e-08 -5.829637363234853042e-01
8.803795000000000120e-08 -8.441364977343145393e-01
8.804795999999999587e-08 -9.832726418908780408e-01
8.805796999999999055e-08 -9.801419805773156080e-01
8.806797999999999846e-08 -8.350882321168894284e-01
8.807798999999999313e-08 -5.690164934111411332e-01
8.808800000000000104e-08 -2.204002793843952979e-01
8.809800999999999572e-08 1.602663075672819404e-01
8.810801999999999039e-08 5.177735521778682459e-01
8.811802999999999830e-08 8.002027235001765160e-01
8.812803999999999297e-08 9.664732986282581484e-01
8.813805000000000088e-08 9.923326651289492428e-01
8.814805999999999556e-08 8.739129292782465974e-01
8.815806999999999023e-08 6.283304531611709765e-01
8.816807999999999814e-08 2.912324337589195511e-01
8.817808999999999282e-08 -8.836087039277688848e-02
8.818810000000000073e-08 -4.551744359491814440e-01
8.819810999999999540e-08 -7.557251476372828236e-01
8.820811999999999008e-08 -9.461258139002943768e-01
8.821812999999999798e-08 -9.985069654961805652e-01
8.822813999999999266e-08 -9.051148650004189333e-01
8.823815000000000057e-08 -6.794804656090125405e-01
8.824815999999999524e-08 -3.544801415881081996e-01
8.825816999999998992e-08 2.243704705644642902e-02
8.826817999999999783e-08 3.961652944793175868e-01
8.827818999999999250e-08 7.119948713187869149e-01
8.828820000000000041e-08 9.236256150205531812e-01
8.829820999999999509e-08 9.999666897335243165e-01
8.830821999999998976e-08 9.297222298858497380e-01
8.831822999999999767e-08 7.230839197788632156e-01
8.832823999999999234e-08 4.102738942243048803e-01
8.833825000000000025e-08 3.714299601114506161e-02
8.834825999999999493e-08 -3.415372607846399733e-01
8.835826999999998960e-08 -6.701095188308204831e-01
8.836827999999999751e-08 -9.002142798897441178e-01
8.837828999999999219e-08 -9.979187131096352026e-01
8.838830000000000010e-08 -9.487380750648196637e-01
8.839830999999999477e-08 -7.598041401775282866e-01
8.840832000000000268e-08 -4.588530036057676398e-01
8.841832999999999736e-08 -9.017250806374263461e-02
8.842833999999999203e-08 2.919014487208253517e-01
8.843834999999999994e-08 6.309867076257316132e-01
8.844835999999999461e-08 8.769773015933646221e-01
8.845837000000000252e-08 9.934578139302354671e-01
8.846837999999999720e-08 9.631110253196536464e-01
8.847838999999999187e-08 7.903133695028715655e-01
8.848839999999999978e-08 5.005261830112796018e-01
8.849840999999999446e-08 1.365638357369309275e-01
8.850842000000000237e-08 -2.477172581976406773e-01
8.851842999999999704e-08 -5.953806816081994580e-01
8.852843999999999172e-08 -8.548471148937930586e-01
8.853844999999999963e-08 -9.875561008071734870e-01
8.854845999999999430e-08 -9.737129996174448410e-01
8.855847000000000221e-08 -8.152622416656406523e-01
8.856847999999999688e-08 -5.356372710142720539e-01
8.857848999999999156e-08 -1.763152780324336588e-01
8.858849999999999947e-08 2.093198195318799193e-01
8.859850999999999414e-08 5.639004244318837067e-01
8.860852000000000205e-08 8.346096662833680790e-01
8.861852999999999673e-08 9.810575114773824046e-01
8.862853999999999140e-08 9.813228164545648724e-01
8.863854999999999931e-08 8.352551581339949793e-01
8.864855999999999398e-08 5.645361081747753973e-01
8.865857000000000189e-08 2.094816984072012944e-01
8.866857999999999657e-08 -1.769455185225373151e-01
8.867858999999999124e-08 -5.370278807884181216e-01
8.868859999999999915e-08 -8.169130402527983170e-01
8.869860999999999383e-08 -9.746759877018141838e-01
8.870862000000000174e-08 -9.866145678402284958e-01
8.871862999999999641e-08 -8.508308732972753585e-01
8.872863999999999109e-08 -5.875543736528702210e-01
8.873864999999999900e-08 -2.361492104710888884e-01
8.874865999999999367e-08 1.507548390076106914e-01
8.875867000000000158e-08 5.151351976303417679e-01
8.876867999999999625e-08 8.022768912216038384e-01
8.877868999999999093e-08 9.689960919855796773e-01
8.878869999999999884e-08 9.901497138003140241e-01
8.879870999999999351e-08 8.624475644542618502e-01
8.880872000000000142e-08 6.049860683956866936e-01
8.881872999999999610e-08 2.564140617109604836e-01
8.882873999999999077e-08 -1.308519960768662060e-01
8.883874999999999868e-08 -4.985001462219250112e-01
8.884875999999999336e-08 -7.911016598789685217e-01
8.885877000000000127e-08 -9.644750130012917921e-01
8.886877999999999594e-08 -9.923719608516411439e-01
8.887878999999999061e-08 -8.704716921548749653e-01
8.888879999999999852e-08 -6.170722790390353873e-01
8.889880999999999320e-08 -2.703657137988610404e-01
8.890882000000000111e-08 1.173010140648132610e-01
8.891882999999999578e-08 4.873190972757260875e-01
8.892883999999999046e-08 7.836767666458904769e-01
8.893884999999999837e-08 9.614450957488446248e-01
8.894885999999999304e-08 9.936041286750199042e-01
8.895887000000000095e-08 8.751700321608725242e-01
8.896887999999999563e-08 6.239898587524667084e-01
8.897888999999999030e-08 2.780740479855650649e-01
8.898889999999999821e-08 -1.101380351662917950e-01
8.899890999999999288e-08 -4.817170966374937358e-01
8.900892000000000079e-08 -7.801871701918977609e-01
8.901892999999999547e-08 -9.601162220463324015e-01
8.902893999999999014e-08 -9.940463684895682883e-01
8.903894999999999805e-08 -8.767043688581921401e-01
8.904895999999999273e-08 -6.258437054944511191e-01
8.905897000000000064e-08 -2.795805988888270810e-01
8.906897999999999531e-08 1.093797351126393480e-01
8.907898999999998999e-08 4.817547323539814186e-01
8.908899999999999789e-08 7.807178555552655164e-01
8.909900999999999257e-08 9.605775528975541988e-01
8.910902000000000048e-08 9.937752668336844453e-01
8.911902999999999515e-08 8.751284714740005244e-01
8.912903999999998983e-08 6.226623932812347384e-01
8.913904999999999774e-08 2.748937286681131242e-01
8.914905999999999241e-08 -1.150277811115778537e-01
8.915907000000000032e-08 -4.874316019364934860e-01
8.916907999999999500e-08 -7.852559771673424116e-01
8.917908999999998967e-08 -9.627983253982023149e-01
8.918909999999999758e-08 -9.927435445898865618e-01
8.919910999999999225e-08 -8.703871208369302614e-01
8.920912000000000016e-08 -6.143970080127820754e-01
8.921912999999999484e-08 -2.639876854295699626e-01
8.922913999999998951e-08 1.270693041205745721e-01
8.923914999999999742e-08 4.986862890097034651e-01
8.924915999999999210e-08 7.936905316040008262e-01
8.925917000000000001e-08 9.666275739385256083e-01
8.926917999999999468e-08 9.907802400480208993e-01
8.927919000000000259e-08 8.623171090790594517e-01
8.928919999999999727e-08 6.009231470031429767e-01
8.929920999999999194e-08 2.468055342521879025e-01
8.930921999999999985e-08 -1.454733827508704336e-01
8.931922999999999452e-08 -5.153928499444021538e-01
8.932924000000000243e-08 -8.058095789398374009e-01
8.933924999999999711e-08 -9.717928206163872762e-01
8.934925999999999178e-08 -9.875914446679322500e-01
8.935926999999999969e-08 -8.506502919698719634e-01
8.936927999999999437e-08 -5.820461520434832003e-01
8.937929000000000228e-08 -2.232659962660865360e-01
8.938929999999999695e-08 1.701835600993583386e-01
8.939930999999999163e-08 5.373539025436001593e-01
8.940931999999999953e-08 8.212951764760729745e-01
8.941932999999999421e-08 9.778979556153672981e-01
8.942934000000000212e-08 9.827618395191100031e-01
8.943934999999999679e-08 8.350189281640774119e-01
8.944935999999999147e-08 5.575097512114866039e-01
8.945936999999999938e-08 1.932742705269959727e-01
8.946937999999999405e-08 -2.011064479774169189e-01
8.947939000000000196e-08 -5.642905094084682549e-01
8.948939999999999664e-08 -8.397163405663696789e-01
8.949940999999999131e-08 -9.844207072657129576e-01
8.950941999999999922e-08 -9.757574573994451939e-01
8.951942999999999389e-08 -8.149636858742177470e-01
8.952944000000000180e-08 -5.270083760159053332e-01
8.953944999999999648e-08 -1.567369347138654334e-01
8.954945999999999115e-08 2.380965256783922068e-01
8.955946999999999906e-08 5.958291668728550317e-01
8.956947999999999374e-08 8.605205168095081403e-01
8.957949000000000165e-08 9.907102851118033682e-01
8.958949999999999632e-08 9.659302676115200104e-01
8.959950999999999100e-08 7.899448287541204206e-01
8.960951999999999891e-08 4.902034884973982543e-01
8.961952999999999358e-08 1.135810133287895041e-01
8.962954000000000149e-08 -2.809373226181910432e-01
8.963954999999999616e-08 -6.314863541604550656e-01
8.964955999999999084e-08 -8.830242202181719513e-01
8.965956999999999875e-08 -9.959859674255716611e-01
8.966957999999999342e-08 -9.525253428126266853e-01
8.967959000000000133e-08 -7.593572009758630115e-01
8.968959999999999601e-08 -4.467442871800578752e-01
8.969960999999999068e-08 -6.377725523578953171e-02
8.970961999999999859e-08 3.293192953758417030e-01
8.971962999999999327e-08 6.706512730779740084e-01
8.972964000000000117e-08 9.064037072466566425e-01
8.973964999999999585e-08 9.993375946654620146e-01
8.974965999999999052e-08 9.346915133527975428e-01
8.975966999999999843e-08 7.225497064998364083e-01
8.976967999999999311e-08 3.962931497360128175e-01
8.977969000000000102e-08 7.367565020487739508e-03
8.978969999999999569e-08 -3.828148783188615178e-01
8.979970999999999037e-08 -7.125676204182586071e-01
8.980971999999999828e-08 -9.296867600543349264e-01
8.981972999999999295e-08 -9.997291166257343820e-01
8.982974000000000086e-08 -9.114965341502184737e-01
8.983974999999999553e-08 -6.788500069659797465e-01
8.984975999999999021e-08 -3.385561011325983749e-01
8.985976999999999812e-08 5.550362596321699316e-02
8.986977999999999279e-08 4.408514098563406924e-01
8.987979000000000070e-08 7.563154846985894464e-01
8.988979999999999538e-08 9.517468956247475687e-01
8.989980999999999005e-08 9.960065137172940952e-01
8.990981999999999796e-08 8.819478689990434273e-01
8.991982999999999264e-08 6.275951316242014411e-01
8.992984000000000055e-08 2.733184552916923526e-01
8.993984999999999522e-08 -1.245544927045696276e-01
8.994985999999998989e-08 -5.026829175306426478e-01
8.995986999999999780e-08 -8.007947432437014790e-01
8.996987999999999248e-08 -9.713015491555497816e-01
8.997989000000000039e-08 -9.869115575879088276e-01
8.998989999999999506e-08 -8.450202200546783615e-01
8.999990999999998974e-08 -5.681685842624695226e-01
9.000991999999999765e-08 -2.004855521309395761e-01
9.001992999999999232e-08 1.993282062890752160e-01
9.002994000000000023e-08 5.673620848410066975e-01
9.003994999999999491e-08 8.447116471070944543e-01
9.004995999999998958e-08 9.869160076053525854e-01
9.005996999999999749e-08 9.711029735473268865e-01
9.006997999999999216e-08 7.996908751263454018e-01
9.007999000000000007e-08 5.000443275131781773e-01
9.008999999999999475e-08 1.201281874529846194e-01
9.010000999999998942e-08 -2.791537247711265990e-01
9.011001999999999733e-08 -6.337141156526319152e-01
9.012002999999999201e-08 -8.865706054939749281e-01
9.013003999999999992e-08 -9.970150639517710855e-01
9.014004999999999459e-08 -9.471865919880416707e-01
9.015006000000000250e-08 -7.449837880657763645e-01
9.016006999999999717e-08 -4.228377051401929210e-01
9.017007999999999185e-08 -3.253190023779492512e-02
9.018008999999999976e-08 3.631066040886457569e-01
9.019009999999999443e-08 7.003146458748588099e-01
9.020011000000000234e-08 9.246734958746379851e-01
9.021011999999999702e-08 9.999044968729530192e-01
9.022012999999999169e-08 9.137559978949412187e-01
9.023013999999999960e-08 6.800230214621028058e-01
9.024014999999999428e-08 3.363629101158275292e-01
9.025016000000000219e-08 -6.175126498960527288e-02
9.026016999999999686e-08 -4.499719964101958625e-01
9.027017999999999153e-08 -7.654743052106879331e-01
9.028018999999999944e-08 -9.571290994079494352e-01
9.029019999999999412e-08 -9.938045179804270157e-01
9.030021000000000203e-08 -8.694449718787353731e-01
9.031021999999999670e-08 -6.040957390521781711e-01
9.032022999999999138e-08 -2.406960064888395701e-01
9.033023999999999929e-08 1.618505617929495710e-01
9.034024999999999396e-08 5.382126071406859724e-01
9.035026000000000187e-08 8.272329715896081792e-01
9.036026999999999655e-08 9.818754521672606872e-01
9.037027999999999122e-08 9.768972261032100590e-01
9.038028999999999913e-08 8.129926254333190716e-01
9.039029999999999380e-08 5.167243130223025949e-01
9.040031000000000171e-08 1.362417593101790392e-01
9.041031999999999639e-08 -2.665267101540767514e-01
9.042032999999999106e-08 -6.259450095106638967e-01
9.043033999999999897e-08 -8.833671420688583575e-01
9.044034999999999365e-08 -9.967179593431300111e-01
9.045036000000000156e-08 -9.473898164143785827e-01
9.046036999999999623e-08 -7.433215297887255657e-01
9.047037999999999091e-08 -4.177462899435830934e-01
9.048038999999999881e-08 -2.380162350091852286e-02
9.049039999999999349e-08 3.741280570740548872e-01
9.050041000000000140e-08 7.109283201115401685e-01
9.051041999999999607e-08 9.314141074650268415e-01
9.052042999999999075e-08 9.993859810592125026e-01
9.053043999999999866e-08 9.035947592907948023e-01
9.054044999999999333e-08 6.596282883585082857e-01
9.055046000000000124e-08 3.073999305476694532e-01
9.056046999999999592e-08 -9.536079028137993407e-02
9.057047999999999059e-08 -4.825572111098203609e-01
9.058048999999999850e-08 -7.905697551210920659e-01
9.059049999999999317e-08 -9.687166909396502934e-01
9.060051000000000108e-08 -9.876101965927904791e-01
9.061051999999999576e-08 -8.440273387552752471e-01
9.062052999999999043e-08 -5.614848835077378419e-01
9.063053999999999834e-08 -1.864118116932395319e-01
9.064054999999999302e-08 2.194615755896726916e-01
9.065056000000000093e-08 5.892534438074094050e-01
9.066056999999999560e-08 8.619519316459609559e-01
9.067057999999999028e-08 9.924921082842091957e-01
9.068058999999999819e-08 9.592223176120240336e-01
9.069059999999999286e-08 7.675197795083578134e-01
9.070061000000000077e-08 4.489477320285087947e-01
9.071061999999999544e-08 5.608158597727837258e-02
9.072062999999999012e-08 -3.461516600129086463e-01
9.073063999999999803e-08 -6.911968269232444673e-01
9.074064999999999270e-08 -9.218868496967896897e-01
9.075066000000000061e-08 -9.999279364493798283e-01
9.076066999999999529e-08 -9.122775831257495804e-01
9.077067999999998996e-08 -6.733496667061947827e-01
9.078068999999999787e-08 -3.226697281709672294e-01
9.079069999999999255e-08 8.164250165349236366e-02
9.080071000000000045e-08 4.724922119799273013e-01
9.081071999999999513e-08 7.849404968331026300e-01
9.082072999999998980e-08 9.670011706936119111e-01
9.083073999999999771e-08 9.883071419953980419e-01
9.084074999999999239e-08 8.451988745607382780e-01
9.085076000000000030e-08 5.613784712219970219e-01
9.086076999999999497e-08 1.840086906975932080e-01
9.087077999999998965e-08 -2.241052399291935393e-01
9.088078999999999756e-08 -5.949581842674048771e-01
9.089079999999999223e-08 -8.666774648863628805e-01
9.090081000000000014e-08 -9.938565721073706616e-01
9.091081999999999481e-08 -9.551625359318653974e-01
9.092082999999998949e-08 -7.569392088806127239e-01
9.093083999999999740e-08 -4.321937700907864111e-01
9.094084999999999207e-08 -3.512365756954077822e-02
9.095085999999999998e-08 3.679124783551607769e-01
9.096086999999999466e-08 7.094783300879720089e-01
9.097087999999998933e-08 9.323478648466764218e-01
9.098088999999999724e-08 9.991074805294857253e-01
9.099089999999999192e-08 8.984588212101752847e-01
9.100090999999999983e-08 6.471568104245966069e-01
9.101091999999999450e-08 2.872462824648159274e-01
9.102093000000000241e-08 -1.209514624222273876e-01
9.103093999999999708e-08 -5.089358438255425776e-01
9.104094999999999176e-08 -8.115199317121291056e-01
9.105095999999999967e-08 -9.777912785341053015e-01
9.106096999999999434e-08 -9.796962596606644258e-01
9.107098000000000225e-08 -8.167975586923185150e-01
9.108098999999999693e-08 -5.163939934959004274e-01
9.109099999999999160e-08 -1.289702737975360058e-01
9.110100999999999951e-08 2.802690598713931114e-01
9.111101999999999419e-08 6.423649043449706220e-01
9.112103000000000210e-08 8.962255982433553481e-01
9.113103999999999677e-08 9.989466498147779872e-01
9.114104999999999144e-08 9.330828851191166340e-01
9.115105999999999935e-08 7.096369315114681164e-01
9.116106999999999403e-08 3.662478459177120338e-01
9.117108000000000194e-08 -3.912656369584331661e-02
9.118108999999999661e-08 -4.379771699819844932e-01
9.119109999999999129e-08 -7.628171786545073774e-01
9.120110999999999920e-08 -9.586076005719000870e-01
9.121111999999999387e-08 -9.920991585311533800e-01
9.122113000000000178e-08 -8.575022664528241245e-01
9.123113999999999645e-08 -5.775142535592052706e-01
9.124114999999999113e-08 -1.995174155531334592e-01
9.125115999999999904e-08 2.124196681666735143e-01
9.126116999999999371e-08 5.883906853565195050e-01
9.127118000000000162e-08 8.645149188446076272e-01
9.128118999999999630e-08 9.938021227736825169e-01
9.129119999999999097e-08 9.541692147778189081e-01
9.130120999999999888e-08 7.522377608308969954e-01
9.131121999999999356e-08 4.222549670274794442e-01
9.132123000000000147e-08 2.030909357749287672e-02
9.133123999999999614e-08 -3.851877398019888377e-01
9.134124999999999081e-08 -7.251372741877224470e-01
9.135125999999999872e-08 -9.415347329387631081e-01
9.136126999999999340e-08 -9.973813827663875475e-01
9.137128000000000131e-08 -8.830334818607473713e-01
9.138128999999999598e-08 -6.178942654155252789e-01
9.139129999999999066e-08 -2.471477508413205404e-01
9.140130999999999857e-08 1.659204109235541402e-01
9.141131999999999324e-08 5.507135695970936107e-01
9.142133000000000115e-08 8.413884247771762359e-01
9.143133999999999583e-08 9.881316390844373521e-01
9.144134999999999050e-08 9.657157732393329974e-01
9.145135999999999841e-08 7.778617103570644176e-01
9.146136999999999308e-08 4.566489264884010524e-01
9.147138000000000099e-08 5.706179342984502717e-02
9.148138999999999567e-08 -3.524051789062035422e-01
9.149139999999999034e-08 -7.014809633750822560e-01
9.150140999999999825e-08 -9.301817239558318740e-01
9.151141999999999293e-08 -9.991329242707874814e-01
9.152143000000000084e-08 -8.963711075198459444e-01
9.153143999999999551e-08 -6.394465057551548259e-01
9.154144999999999019e-08 -2.724524795068856142e-01
9.155145999999999810e-08 1.415201246159900617e-01
9.156146999999999277e-08 5.312161960379587766e-01
9.157148000000000068e-08 8.294792648926919698e-01
9.158148999999999535e-08 9.848340254306975350e-01
9.159149999999999003e-08 9.703892489123161491e-01
9.160150999999999794e-08 7.885180333352600490e-01
9.161151999999999261e-08 4.704965014462690887e-01
9.162153000000000052e-08 7.115022271640078499e-02
9.163153999999999520e-08 -3.405796290264759274e-01
9.164154999999998987e-08 -6.935302263209732754e-01
9.165155999999999778e-08 -9.266205367528890235e-01
9.166156999999999245e-08 -9.994364967159605762e-01
9.167158000000000036e-08 -8.992610477360225563e-01
9.168158999999999504e-08 -6.433222528027198184e-01
9.169159999999998971e-08 -2.758575296094397111e-01
9.170160999999999762e-08 1.395105319625317419e-01
9.171161999999999230e-08 5.307766215312709202e-01
9.172163000000000021e-08 8.300330557346800031e-01
9.173163999999999488e-08 9.852652449909934385e-01
9.174164999999998956e-08 9.694118181082977959e-01
9.175165999999999747e-08 7.851079657719330918e-01
9.176166999999999214e-08 4.642761850696898729e-01
9.177168000000000005e-08 6.262224703827806715e-02
9.178168999999999472e-08 -3.500190483339465919e-01
9.179169999999998940e-08 -7.018183310116340445e-01
9.180170999999999731e-08 -9.314592154615992659e-01
9.181171999999999198e-08 -9.988403596925194972e-01
9.182172999999999989e-08 -8.921015397160607652e-01
9.183173999999999457e-08 -6.297387076151050866e-01
9.184175000000000248e-08 -2.574262312563776467e-01
9.185175999999999715e-08 1.599125804622286429e-01
9.186176999999999183e-08 5.494139125472865537e-01
9.187177999999999974e-08 8.429933944853139627e-01
9.188178999999999441e-08 9.892573179886643420e-01
9.189180000000000232e-08 9.625195467917896375e-01
9.190180999999999699e-08 7.673386768439944827e-01
9.191181999999999167e-08 4.377694938655997681e-01
9.192182999999999958e-08 3.144619275474272446e-02
9.193183999999999425e-08 -3.804790870967198479e-01
9.194185000000000216e-08 -7.257890348918503154e-01
9.195185999999999684e-08 -9.438670501853527739e-01
9.196186999999999151e-08 -9.963539838689299266e-01
9.197187999999999942e-08 -8.739194701544807931e-01
9.198188999999999410e-08 -5.979483747440174080e-01
9.199190000000000200e-08 -2.168328658124155095e-01
9.200190999999999668e-08 2.024918516460780804e-01
9.201191999999999135e-08 5.862914662219953499e-01
9.202192999999999926e-08 8.669977860392741320e-01
9.203193999999999394e-08 9.951155783886129758e-01
9.204195000000000185e-08 9.479708382269755873e-01
9.205195999999999652e-08 7.337505710324341290e-01
9.206196999999999120e-08 3.901096699688497704e-01
9.207197999999999911e-08 -2.242334245475719606e-02
9.208198999999999378e-08 -4.310912920885293098e-01
9.209200000000000169e-08 -7.637348927731267834e-01
9.210200999999999636e-08 -9.615406222674662828e-01
9.211201999999999104e-08 -9.894567370120234129e-01
9.212202999999999895e-08 -8.424296954945476035e-01
9.213203999999999362e-08 -5.463470226560777077e-01
9.214205000000000153e-08 -1.535061440585195058e-01
9.215205999999999621e-08 2.666025535080015496e-01
9.216206999999999088e-08 6.395776941845996433e-01
9.217207999999999879e-08 8.992850271492039971e-01
9.218208999999999347e-08 9.995973053943589814e-01
9.219210000000000138e-08 9.226096084168285971e-01
9.220210999999999605e-08 6.818630043325485390e-01
9.221211999999999072e-08 3.199913433908510574e-01
9.222212999999999863e-08 -9.880507680566143203e-02
9.223213999999999331e-08 -5.001345807763938334e-01
9.224215000000000122e-08 -8.126251486788175216e-01
9.225215999999999589e-08 -9.806259284463777481e-01
9.226216999999999057e-08 -9.741373186457660260e-01
9.227217999999999848e-08 -7.941943531683207658e-01
9.228218999999999315e-08 -4.727327227546184174e-01
9.229220000000000106e-08 -6.694718965939258637e-02
9.230220999999999574e-08 3.508657391053134345e-01
9.231221999999999041e-08 7.061804202437870215e-01
9.232222999999999832e-08 9.355394342590913626e-01
9.233223999999999299e-08 9.979023931310425644e-01
9.234225000000000090e-08 8.820138150941198019e-01
9.235225999999999558e-08 6.084630502238700389e-01
9.236226999999999025e-08 2.260543570433844185e-01
9.237227999999999816e-08 -1.968780336339997494e-01
9.238228999999999284e-08 -5.846683717058550611e-01
9.239230000000000075e-08 -8.678560666439687488e-01
9.240230999999999542e-08 -9.956389946572209437e-01
9.241231999999999010e-08 -9.450086971701621152e-01
9.242232999999999800e-08 -7.249209664593253555e-01
9.243233999999999268e-08 -3.747409765073398957e-01
9.244235000000000059e-08 4.277257810677401184e-02
9.245235999999999526e-08 4.526984846670167317e-01
9.246236999999998994e-08 7.813923151406216849e-01
9.247237999999999785e-08 9.697242415713068775e-01
9.248238999999999252e-08 9.837345433215486379e-01
9.249240000000000043e-08 8.207833597093805444e-01
9.250240999999999511e-08 5.100763929822679232e-01
9.251241999999998978e-08 1.074575848249548632e-01
9.252242999999999769e-08 -3.146077505410065922e-01
9.253243999999999236e-08 -6.800662465563600545e-01
9.254245000000000027e-08 -9.229838619076915496e-01
9.255245999999999495e-08 -9.994562733145683220e-01
9.256246999999998962e-08 -8.955681307621207177e-01
9.257247999999999753e-08 -6.299539817383282836e-01
9.258248999999999221e-08 -2.504845217133226387e-01
9.259250000000000012e-08 1.743378596475207709e-01
9.260250999999999479e-08 5.677318674961167044e-01
9.261251999999998947e-08 8.585133499234492982e-01
9.262252999999999738e-08 9.939871608713481965e-01
9.263253999999999205e-08 9.495180677007518666e-01
9.264254999999999996e-08 7.330385125946698999e-01
9.265255999999999463e-08 3.836634265866261106e-01
9.266256999999998931e-08 -3.535169350597279492e-02
9.267257999999999722e-08 -4.480463800475120717e-01
9.268258999999999189e-08 -7.795202165316421627e-01
9.269259999999999980e-08 -9.695338974176995750e-01
9.270260999999999448e-08 -9.834752465394792642e-01
9.271262000000000239e-08 -8.186905960009626115e-01
9.272262999999999706e-08 -5.050186150633019233e-01
9.273263999999999174e-08 -9.941480316606511602e-02
9.274264999999999964e-08 3.243700347276221030e-01
9.275265999999999432e-08 6.891905879185943329e-01
9.276267000000000223e-08 9.285538706139716547e-01
9.277267999999999690e-08 9.987538235031512279e-01
9.278268999999999158e-08 8.868764209056223535e-01
9.279269999999999949e-08 6.132046462902739359e-01
9.280270999999999416e-08 2.275702909589348566e-01
9.281272000000000207e-08 -1.996966469512403697e-01
9.282272999999999675e-08 -5.905814272134670695e-01
9.283273999999999142e-08 -8.736288115967607570e-01
9.284274999999999933e-08 -9.970174457861095130e-01
9.285275999999999400e-08 -9.380699547239640390e-01
9.286277000000000191e-08 -7.074494367075546686e-01
9.287277999999999659e-08 -3.472606485878858007e-01
9.288278999999999126e-08 7.661169875895101899e-02
9.289279999999999917e-08 4.865380665033184893e-01
9.290280999999999385e-08 8.073572185514358290e-01
9.291282000000000176e-08 9.801659029319534921e-01
9.292282999999999643e-08 9.731535777886602956e-01
9.293283999999999111e-08 7.874856249960555665e-01
9.294284999999999902e-08 4.571420019351876141e-01
9.295285999999999369e-08 4.272575617778421458e-02
9.296287000000000160e-08 -3.796355401196698787e-01
9.297287999999999627e-08 -7.322664959635528659e-01
9.298288999999999095e-08 -9.502341591114041863e-01
9.299289999999999886e-08 -9.933218800409631122e-01
9.300290999999999353e-08 -8.534756414354298659e-01
9.301292000000000144e-08 -5.563393930613704796e-01
9.302292999999999612e-08 -1.565814967189882168e-01
9.303293999999999079e-08 2.721413790358738205e-01
9.304294999999999870e-08 6.507445769133278768e-01
9.305295999999999338e-08 9.093056050365924126e-01
9.306297000000000128e-08 9.999921418609137858e-01
9.307297999999999596e-08 9.059350251958621092e-01
9.308298999999999063e-08 6.443958421065767439e-01
9.309299999999999854e-08 2.636289909956414101e-01
9.310300999999999322e-08 -1.659970179498806708e-01
9.311302000000000113e-08 -5.649899146579010489e-01
9.312302999999999580e-08 -8.594402779630554434e-01
9.313303999999999048e-08 -9.947239144032032909e-01
9.314304999999999839e-08 -9.456575986290187696e-01
9.315305999999999306e-08 -7.212159445441335137e-01
9.316307000000000097e-08 -3.629206538448065400e-01
9.317307999999999564e-08 6.281472956407123387e-02
9.318308999999999032e-08 4.769781172305508909e-01
9.319309999999999823e-08 8.026179287585910593e-01
9.320310999999999290e-08 9.791491460065363528e-01
9.321312000000000081e-08 9.736452079852350172e-01
9.322312999999999549e-08 7.870074660664343469e-01
9.323313999999999016e-08 4.538510995214120047e-01
9.324314999999999807e-08 3.611302008662613250e-02
9.325315999999999275e-08 -3.884431218832928301e-01
9.326317000000000066e-08 -7.406951597735430548e-01
9.327317999999999533e-08 -9.549134899654871944e-01
9.328318999999999000e-08 -9.910439168618071504e-01
9.329319999999999791e-08 -8.422237030874993868e-01
9.330320999999999259e-08 -5.361155321545884034e-01
9.331322000000000050e-08 -1.297947591501398268e-01
9.332322999999999517e-08 3.008706263209061094e-01
9.333323999999998985e-08 6.753753983867616384e-01
9.334324999999999776e-08 9.236287801945176623e-01
9.335325999999999243e-08 9.990878181032235572e-01
9.336327000000000034e-08 8.875087102342551493e-01
9.337327999999999502e-08 6.096659154925107016e-01
9.338328999999998969e-08 2.175144481319285783e-01
9.339329999999999760e-08 -2.155014706631366295e-01
9.340330999999999227e-08 -6.081901837667547106e-01
9.341332000000000018e-08 -8.868361690547503784e-01
9.342332999999999486e-08 -9.990510248314571351e-01
9.343333999999998953e-08 -9.236468862603718355e-01
9.344334999999999744e-08 -6.746670532198636439e-01
9.345335999999999212e-08 -2.988015494078749557e-01
9.346337000000000003e-08 1.333427592016340202e-01
9.347337999999999470e-08 5.404901002557481737e-01
9.348338999999998938e-08 8.459790722338237368e-01
9.349339999999999728e-08 9.922079145500500852e-01
9.350340999999999196e-08 9.515178745315410191e-01
9.351341999999999987e-08 7.314542209769412384e-01
9.352342999999999454e-08 3.733987460585442286e-01
9.353344000000000245e-08 -5.518468900256903037e-02
9.354344999999999713e-08 -4.734436607489552196e-01
9.355345999999999180e-08 -8.023848408322118431e-01
9.356346999999999971e-08 -9.798013270534264851e-01
9.357347999999999439e-08 -9.720572824923773281e-01
9.358349000000000230e-08 -7.804935416740553800e-01
9.359349999999999697e-08 -4.412289578548739266e-01
9.360350999999999164e-08 -1.837871734398712625e-02
9.361351999999999955e-08 4.080424996897633050e-01
9.362352999999999423e-08 7.572539602351712196e-01
9.363354000000000214e-08 9.630181472216019500e-01
9.364354999999999681e-08 9.862233581146808703e-01
9.365355999999999149e-08 8.223458994513261899e-01
9.366356999999999940e-08 5.023629455955321843e-01
9.367357999999999407e-08 8.692652039603573910e-02
9.368359000000000198e-08 -3.451113525724438524e-01
9.369359999999999666e-08 -7.116555381212236187e-01
9.370360999999999133e-08 -9.429715246273190354e-01
9.371361999999999924e-08 -9.949694768272355772e-01
9.372362999999999391e-08 -8.576348510950311255e-01
9.373364000000000182e-08 -5.569884665931051915e-01
9.374364999999999650e-08 -1.501866956155792354e-01
9.375365999999999117e-08 2.853214552737134979e-01
9.376366999999999908e-08 6.665278702136046007e-01
9.377367999999999376e-08 9.206888786927260870e-01
9.378369000000000167e-08 9.992220828566533708e-01
9.379369999999999634e-08 8.870187183066101655e-01
9.380370999999999102e-08 6.053816531331037698e-01
9.381371999999999892e-08 2.080119142891400097e-01
9.382372999999999360e-08 -2.292061739657740016e-01
9.383374000000000151e-08 -6.226829441762606887e-01
9.384374999999999618e-08 -8.971047961919542679e-01
9.385375999999999086e-08 -9.998635851680142128e-01
9.386376999999999877e-08 -9.111668277532818383e-01
9.387377999999999344e-08 -6.478810369996441665e-01
9.388379000000000135e-08 -2.603560631041466622e-01
9.389379999999999603e-08 1.771778603673921371e-01
9.390380999999999070e-08 5.808138437914391883e-01
9.391381999999999861e-08 8.730579331990310221e-01
9.392382999999999328e-08 9.977196201809993559e-01
9.393384000000000119e-08 9.307397036542102153e-01
9.394384999999999587e-08 6.848644380469374182e-01
9.395385999999999054e-08 3.072520811255376461e-01
9.396386999999999845e-08 -1.295451067169449966e-01
9.397387999999999313e-08 -5.415041343111930416e-01
9.398389000000000104e-08 -8.492910734697425301e-01
9.399389999999999571e-08 -9.935500509285688508e-01
9.400390999999999039e-08 -9.463729036386843152e-01
9.401391999999999830e-08 -7.167287720548101149e-01
9.402392999999999297e-08 -3.487915117370710139e-01
9.403394000000000088e-08 8.652974235483203158e-02
9.404394999999999555e-08 5.052384352870551432e-01
9.405395999999999023e-08 8.264535587369811198e-01
9.406396999999999814e-08 9.880430656022989311e-01
9.407397999999999281e-08 9.586641158970979903e-01
9.408399000000000072e-08 7.438727098589424935e-01
9.409399999999999540e-08 3.851060168045268850e-01
9.410400999999999007e-08 -4.828306401767010897e-02
9.411401999999999798e-08 -4.724135114156299831e-01
9.412402999999999266e-08 -8.051053843428542800e-01
9.413404000000000056e-08 -9.818117586939252295e-01
9.414404999999999524e-08 -9.681630972830833626e-01
9.415405999999998991e-08 -7.666820319267277917e-01
9.416406999999999782e-08 -4.163509803516443619e-01
9.417407999999999250e-08 1.490092202463367925e-02
9.418409000000000041e-08 4.433493293227658838e-01
9.419409999999999508e-08 7.857223387335813269e-01
9.420410999999998976e-08 9.753926175683599320e-01
9.421411999999999767e-08 9.753640213647323254e-01
9.422412999999999234e-08 7.855174656393719701e-01
9.423414000000000025e-08 4.426912376149534367e-01
9.424414999999999492e-08 1.356260665800872178e-02
9.425415999999998960e-08 -4.182996350400632890e-01
9.426416999999999751e-08 -7.687016520394258645e-01
9.427417999999999218e-08 -9.692453899328424827e-01
9.428419000000000009e-08 -9.806998164518972994e-01
9.429419999999999477e-08 -8.007047618195850536e-01
9.430420999999998944e-08 -4.642888998364648190e-01
9.431421999999999735e-08 -3.708313977109232995e-02
9.432422999999999203e-08 3.974617010712050424e-01
9.433423999999999994e-08 7.543677032851715536e-01
9.434424999999999461e-08 9.637538682356268094e-01
9.435425999999998928e-08 9.845381010863399895e-01
9.436426999999999719e-08 8.125267579941322094e-01
9.437427999999999187e-08 4.812932024841572454e-01
9.438428999999999978e-08 5.565561896740880282e-02
9.439429999999999445e-08 -3.809849725943215137e-01
9.440431000000000236e-08 -7.429774151176858910e-01
9.441431999999999704e-08 -9.592271916819378186e-01
9.442432999999999171e-08 -9.871783639690189238e-01
9.443433999999999962e-08 -8.212171843052190612e-01
9.444434999999999430e-08 -4.938322814574156450e-01
9.445436000000000221e-08 -6.928571047062248578e-02
9.446436999999999688e-08 3.689784096961220561e-01
9.447437999999999155e-08 7.347250378922943748e-01
9.448438999999999946e-08 9.559013325540649531e-01
9.449439999999999414e-08 9.888500832739085533e-01
9.450441000000000205e-08 8.269559901564591531e-01
9.451441999999999672e-08 5.020067749656457190e-01
9.452442999999999140e-08 7.798300664088492207e-02
9.453443999999999931e-08 -3.615163775756715103e-01
9.454444999999999398e-08 -7.297460910558490887e-01
9.455446000000000189e-08 -9.539404990912534466e-01
9.456446999999999657e-08 -9.897115339954212221e-01
9.457447999999999124e-08 -8.298660023527227869e-01
9.458448999999999915e-08 -5.058851550023359955e-01
9.459449999999999382e-08 -8.175603689487846715e-02
9.460451000000000173e-08 3.586429809331417307e-01
9.461451999999999641e-08 7.281202893113083441e-01
9.462452999999999108e-08 9.534382513565711204e-01
9.463453999999999899e-08 9.898490893662383883e-01
9.464454999999999367e-08 8.300107659233590951e-01
9.465456000000000158e-08 5.055007086625634694e-01
9.466456999999999625e-08 8.060908584271854471e-02
9.467457999999999092e-08 -3.603747742515912567e-01
9.468458999999999883e-08 -7.298733349507262602e-01
9.469459999999999351e-08 -9.544181889905218874e-01
9.470461000000000142e-08 -9.892768820010990893e-01
9.471461999999999609e-08 -8.273934646623758438e-01
9.472462999999999077e-08 -5.008501132001529355e-01
9.473463999999999868e-08 -7.454081358391249912e-02
9.474464999999999335e-08 3.667018086333573845e-01
9.475466000000000126e-08 7.349775073269626535e-01
9.476466999999999594e-08 9.568341306992516060e-01
9.477467999999999061e-08 9.879367512894935421e-01
9.478468999999999852e-08 8.219568677085417052e-01
9.479469999999999319e-08 4.918935770601811086e-01
9.480471000000000110e-08 6.354467507113646663e-02
9.481471999999999578e-08 -3.775870006653542776e-01
9.482472999999999045e-08 -7.433510273329047013e-01
9.483473999999999836e-08 -9.605697652915522466e-01
9.484474999999999304e-08 -9.856984650047800889e-01
9.485476000000000095e-08 -8.135842994683148977e-01
9.486476999999999562e-08 -4.785565496759679460e-01
9.487477999999999030e-08 -4.761113954018868222e-02
9.488478999999999821e-08 3.929638320257374251e-01
9.489479999999999288e-08 7.548562207602981244e-01
9.490481000000000079e-08 9.654378137788521830e-01
9.491481999999999546e-08 9.823602646298741359e-01
9.492482999999999014e-08 8.021016812498996673e-01
9.493483999999999805e-08 4.607330331388279632e-01
9.494484999999999272e-08 2.673171444258027815e-02
9.495486000000000063e-08 -4.127324127313111157e-01
9.496486999999999531e-08 -7.692965513784761900e-01
9.497487999999998998e-08 -9.711788022626128836e-01
9.498488999999999789e-08 -9.776498450587469691e-01
9.499489999999999257e-08 -7.872807425218707467e-01
9.500491000000000047e-08 -4.382905565437417161e-01
9.501491999999999515e-08 -9.047783597000650518e-04
9.502492999999998982e-08 4.367539686172326463e-01
9.503493999999999773e-08 7.864126442887280355e-01
9.504494999999999241e-08 9.774596067318844783e-01
9.505496000000000032e-08 9.712259395372595527e-01
9.506496999999999499e-08 7.688435460059788173e-01
9.507497999999998967e-08 4.110768963218087158e-01
9.508498999999999758e-08 -2.985677878200497168e-02
9.509499999999999225e-08 -4.648438472950226497e-01
9.510501000000000016e-08 -8.058774742072883912e-01
9.511501999999999483e-08 -9.838719939150476490e-01
9.512502999999998951e-08 -9.626807391107693457e-01
9.513503999999999742e-08 -7.464685119120429979e-01
9.514504999999999209e-08 -3.789286406045436206e-01
9.515506000000000000e-08 6.551612497297075455e-02
9.516506999999999468e-08 4.967631787362921658e-01
9.517507999999998935e-08 8.272909531079156720e-01
9.518508999999999726e-08 9.899314470151295842e-01
9.519509999999999194e-08 9.515434311962255309e-01
9.520510999999999985e-08 7.197981602383718425e-01
9.521511999999999452e-08 3.416816997425230484e-01
9.522512999999998919e-08 -1.060013084370928643e-01
9.523513999999999710e-08 -5.322093788400084069e-01
9.524514999999999178e-08 -8.501742180111097058e-01
9.525515999999999969e-08 -9.950766310092682421e-01
9.526516999999999436e-08 -9.372851923930715090e-01
9.527518000000000227e-08 -6.884488134775099688e-01
9.528518999999999695e-08 -2.991838555451886150e-01
9.529519999999999162e-08 1.511924177440803763e-01
9.530520999999999953e-08 5.708057485239228512e-01
9.531521999999999421e-08 8.739639929101902238e-01
9.532523000000000211e-08 9.986699179925088155e-01
9.533523999999999679e-08 9.193260138296270867e-01
9.534524999999999146e-08 6.520225121083996767e-01
9.535525999999999937e-08 2.513094153899769201e-01
9.536526999999999405e-08 -2.009072224205558088e-01
9.537528000000000196e-08 -6.120904981686696722e-01
9.538528999999999663e-08 -8.980074783962435081e-01
9.539529999999999131e-08 -9.999994567322444405e-01
9.540530999999999922e-08 -8.970437699801991904e-01
9.541531999999999389e-08 -6.101213882260524413e-01
9.542533000000000180e-08 -1.979759907949765196e-01
9.543533999999999647e-08 2.548855136980917035e-01
9.544534999999999115e-08 6.555056180842551150e-01
9.545535999999999906e-08 9.215583070029664814e-01
9.546536999999999373e-08 9.982833290769238532e-01
9.547538000000000164e-08 8.697859599151559484e-01
9.548538999999999632e-08 5.623647144341599180e-01
9.549539999999999099e-08 1.391633500854816408e-01
9.550540999999999890e-08 -3.127724624828627231e-01
9.551541999999999358e-08 -7.003861194865517170e-01
9.552543000000000149e-08 -9.437741890132190781e-01
9.553543999999999616e-08 -9.926763849035654674e-01
9.554544999999999083e-08 -8.368845484448184102e-01
9.555545999999999874e-08 -5.084087911841194130e-01
9.556546999999999342e-08 -7.493419837398361538e-02
9.557548000000000133e-08 3.741014304005815250e-01
9.558548999999999600e-08 7.459502855231423535e-01
9.559549999999999068e-08 9.637169584145417467e-01
9.560550999999999859e-08 9.822803814094271946e-01
9.561551999999999326e-08 7.976743078410513110e-01
9.562553000000000117e-08 4.479697513970965495e-01
9.563553999999999585e-08 5.456612741504471981e-03
9.564554999999999052e-08 -4.382768094849325835e-01
9.565555999999999843e-08 -7.912916948660009275e-01
9.566556999999999310e-08 -9.803558062314490229e-01
9.567558000000000101e-08 -9.661580649851521096e-01
9.568558999999999569e-08 -7.515150023528684997e-01
9.569559999999999036e-08 -3.808492418802923440e-01
9.570560999999999827e-08 6.897229538918343839e-02
9.571561999999999295e-08 5.045576248297484190e-01
9.572563000000000086e-08 8.353739061549242395e-01
9.573563999999999553e-08 9.925745512416285221e-01
9.574564999999999021e-08 9.433518166229326596e-01
9.575565999999999811e-08 6.978176606905401869e-01
9.576566999999999279e-08 3.069627826316125851e-01
9.577568000000000070e-08 -1.479021053695872556e-01
9.578568999999999537e-08 -5.720428084670324820e-01
9.579569999999999005e-08 -8.770288128419116980e-01
9.580570999999999796e-08 -9.991838368786069013e-01
9.581571999999999263e-08 -9.129074256849619706e-01
9.582573000000000054e-08 -6.360750390852987213e-01
9.583573999999999522e-08 -2.263704045496814365e-01
9.584574999999998989e-08 2.307050303863280860e-01
9.585575999999999780e-08 6.396592355611039338e-01
9.586576999999999247e-08 9.149597850507313890e-01
9.587578000000000038e-08 9.989391468847790279e-01
9.588578999999999506e-08 8.739034519492502318e-01
9.589579999999998973e-08 5.658961829424271617e-01
9.590580999999999764e-08 1.393089219182151728e-01
9.591581999999999232e-08 -3.165531495447881927e-01
9.592583000000000023e-08 -7.061537965065406430e-01
9.593583999999999490e-08 -9.477507956368146358e-01
9.594584999999998958e-08 -9.905654882886928414e-01
9.595585999999999749e-08 -8.254864718950652991e-01
9.596586999999999216e-08 -4.870447431490222967e-01
9.597588000000000007e-08 -4.622490933718639144e-02
9.598588999999999474e-08 4.043982580551597761e-01
9.599589999999998942e-08 7.700909481789274258e-01
9.600590999999999733e-08 9.738827667723120030e-01
9.601591999999999200e-08 9.727894844954838582e-01
9.602592999999999991e-08 7.669122723025930677e-01
9.603593999999999459e-08 3.994803905080113182e-01
9.604594999999998926e-08 -5.219287203457035479e-02
9.605595999999999717e-08 -4.929559285316076900e-01
9.606596999999999185e-08 -8.298573282434256182e-01
9.607597999999999975e-08 -9.917583536863968652e-01
9.608598999999999443e-08 -9.443794389720482352e-01
9.609599999999998910e-08 -6.975927438778931622e-01
9.610600999999999701e-08 -3.034022984064288497e-01
9.611601999999999169e-08 1.549832083210752887e-01
9.612602999999999960e-08 5.806956303427899257e-01
9.613603999999999427e-08 8.836751081881220049e-01
9.614605000000000218e-08 9.997362842101723546e-01
9.615605999999999686e-08 9.041936566765216288e-01
9.616606999999999153e-08 6.171478337594050734e-01
9.617607999999999944e-08 1.992932339861316071e-01
9.618608999999999411e-08 -2.608863058471620477e-01
9.619610000000000202e-08 -6.658389767809828053e-01
9.620610999999999670e-08 -9.296257800834351048e-01
9.621611999999999137e-08 -9.961761758215975648e-01
9.622612999999999928e-08 -8.512369330412866697e-01
9.623613999999999396e-08 -5.254614365100208628e-01
9.624615000000000187e-08 -8.796232183134958249e-02
9.625615999999999654e-08 3.683241467982970030e-01
9.626616999999999122e-08 7.463683352692321860e-01
9.627617999999999913e-08 9.656859924119132188e-01
9.628618999999999380e-08 9.794944352433303525e-01
9.629620000000000171e-08 7.847246291729582657e-01
9.630620999999999638e-08 4.227395423938112851e-01
9.631621999999999106e-08 -2.941596120369106143e-02
9.632622999999999897e-08 -4.753900037072226747e-01
9.633623999999999364e-08 -8.200481123398144501e-01
9.634625000000000155e-08 -9.897768430376503446e-01
9.635625999999999623e-08 -9.482313903159088619e-01
9.636626999999999090e-08 -7.041531424262132965e-01
9.637627999999999881e-08 -3.095683310122325782e-01
9.638628999999999349e-08 1.512695101049352786e-01
9.639630000000000139e-08 5.798500542921443124e-01
9.640630999999999607e-08 8.844609767300534164e-01
9.641631999999999074e-08 9.998276734556642564e-01
9.642632999999999865e-08 9.011291948348785219e-01
9.643633999999999333e-08 6.093748567473175060e-01
9.644635000000000124e-08 1.869692190451330838e-01
9.645635999999999591e-08 -2.756064613724252821e-01
9.646636999999999059e-08 -6.791601946043464011e-01
9.647637999999999850e-08 -9.370610714504550298e-01
9.648638999999999317e-08 -9.938548607914163835e-01
9.649640000000000108e-08 -8.372192760894366925e-01
9.650640999999999575e-08 -5.006748306151529437e-01
9.651641999999999043e-08 -5.644717589262952112e-02
9.652642999999999834e-08 4.000070335312411185e-01
9.653643999999999301e-08 7.705011473768391683e-01
9.654645000000000092e-08 9.752458489926868479e-01
9.655645999999999560e-08 9.700553505258419085e-01
9.656646999999999027e-08 7.559171639038211321e-01
9.657647999999999818e-08 3.788455785931260089e-01
9.658648999999999286e-08 -7.997204340128580280e-02
9.659650000000000077e-08 -5.216334285777964874e-01
9.660650999999999544e-08 -8.508347507429390166e-01
9.661651999999999011e-08 -9.964475050233690956e-01
9.662652999999999802e-08 -9.269137004470380248e-01
9.663653999999999270e-08 -6.571214648104792833e-01
9.664655000000000061e-08 -2.452553677794107045e-01
9.665655999999999528e-08 2.197206721715684041e-01
9.666656999999998996e-08 6.372619504543378666e-01
9.667657999999999787e-08 9.169838352761833233e-01
9.668658999999999254e-08 9.982440535203057630e-01
9.669660000000000045e-08 8.633202151738544883e-01
9.670660999999999513e-08 5.413125590289756817e-01
9.671661999999998980e-08 1.019045430985525413e-01
9.672662999999999771e-08 -3.596890458147886660e-01
9.673663999999999238e-08 -7.433412921160740261e-01
9.674665000000000029e-08 -9.657373023675162038e-01
9.675665999999999497e-08 -9.784888606239457998e-01
9.676666999999998964e-08 -7.786963596277456379e-01
9.677667999999999755e-08 -4.096453559444033776e-01
9.678668999999999223e-08 4.853640505948956380e-02
9.679670000000000014e-08 4.962525443482739829e-01
9.680670999999999481e-08 8.360803934929661452e-01
9.681671999999998949e-08 9.939808605759342663e-01
9.682672999999999739e-08 9.354559338519596867e-01
9.683673999999999207e-08 6.731220917412776839e-01
9.684674999999999998e-08 2.640292248770454431e-01
9.685675999999999465e-08 -2.027139122199600463e-01
9.686676999999998933e-08 -6.253306615412796976e-01
9.687677999999999724e-08 -9.115683077104498322e-01
9.688678999999999191e-08 -9.988523306901454513e-01
9.689679999999999982e-08 -8.679964710355335678e-01
9.690680999999999450e-08 -5.474581209799348480e-01
9.691681999999998917e-08 -1.071871272401080377e-01
9.692682999999999708e-08 3.566107052100627173e-01
9.693683999999999175e-08 7.424828590882694979e-01
9.694684999999999966e-08 9.659270727901388964e-01
9.695685999999999434e-08 9.779184911030702754e-01
9.696687000000000225e-08 7.757001648348799128e-01
9.697687999999999692e-08 4.034544842098274908e-01
9.698688999999999160e-08 -5.731485540580061322e-02
9.699689999999999951e-08 -5.056044408732834894e-01
9.700690999999999418e-08 -8.430446823747922425e-01
9.701692000000000209e-08 -9.954966323840261921e-01
9.702692999999999677e-08 -9.293681326739456905e-01
9.703693999999999144e-08 -6.590526282203269526e-01
9.704694999999999935e-08 -2.438353733505360110e-01
9.705695999999999402e-08 2.250768217138301441e-01
9.706697000000000193e-08 6.445718398770807767e-01
9.707697999999999661e-08 9.223058102519312573e-01
9.708698999999999128e-08 9.970483765873703330e-01
9.709699999999999919e-08 8.522133998949147360e-01
9.710700999999999387e-08 5.195781921666713377e-01
9.711702000000000178e-08 7.234902376426606552e-02
9.712702999999999645e-08 -3.909222399674356363e-01
9.713703999999999113e-08 -7.680430721768247704e-01
9.714704999999999903e-08 -9.757292346174968323e-01
9.715705999999999371e-08 -9.680209228776167629e-01
9.716707000000000162e-08 -7.464887384249645486e-01
9.717707999999999629e-08 -3.599554139405351516e-01
9.718708999999999097e-08 1.062291181164663478e-01
9.719709999999999888e-08 5.490111660963403750e-01
9.720710999999999355e-08 8.704088739155856347e-01
9.721712000000000146e-08 9.992076111958275719e-01
9.722712999999999614e-08 9.067684266471953691e-01
9.723713999999999081e-08 6.134340323109280790e-01
9.724714999999999872e-08 1.840911530050416411e-01
9.725715999999999339e-08 -2.861515610199105719e-01
9.726717000000000130e-08 -6.930157870538239395e-01
9.727717999999999598e-08 -9.461797237655906745e-01
9.728718999999999065e-08 -9.893490475157882269e-01
9.729719999999999856e-08 -8.128081695731349532e-01
9.730720999999999324e-08 -4.556460435913605167e-01
9.731722000000000115e-08 2.861709736908128743e-03
9.732722999999999582e-08 4.608227261758994220e-01
9.733723999999999050e-08 8.163616889111405817e-01
9.734724999999999841e-08 9.902923782987351764e-01
9.735725999999999308e-08 9.437803335146637274e-01
9.736727000000000099e-08 6.870506693352719241e-01
9.737727999999999566e-08 2.771803674191153366e-01
9.738728999999999034e-08 -1.945576216946405812e-01
9.739729999999999825e-08 -6.229997981985851974e-01
9.740730999999999292e-08 -9.125342207227327140e-01
9.741732000000000083e-08 -9.984542438337619119e-01
9.742732999999999551e-08 -8.614511038404784049e-01
9.743733999999999018e-08 -5.319924139434550892e-01
9.744734999999999809e-08 -8.358514051089521724e-02
9.745735999999999277e-08 3.835959886796063145e-01
9.746737000000000068e-08 7.650748522451250588e-01
9.747737999999999535e-08 9.754441749911235693e-01
9.748738999999999002e-08 9.675106356751989045e-01
9.749739999999999793e-08 7.429179814222661715e-01
9.750740999999999261e-08 3.518489514066093227e-01
9.751742000000000052e-08 -1.181519290586864890e-01
9.752742999999999519e-08 -5.617532387194283938e-01
9.753743999999998987e-08 -8.794374695811111309e-01
9.754744999999999778e-08 -9.998408575431224632e-01
9.755745999999999245e-08 -8.958142586045976241e-01
9.756747000000000036e-08 -5.905838265206982962e-01
9.757747999999999504e-08 -1.526049228576365768e-01
9.758748999999998971e-08 3.197596286553484046e-01
9.759749999999999762e-08 7.203146571104369622e-01
9.760750999999999229e-08 9.589104639855505763e-01
9.761752000000000020e-08 9.817537408729897219e-01
9.762752999999999488e-08 7.835706838448308620e-01
9.763753999999998955e-08 4.088643360529980453e-01
9.764754999999999746e-08 -5.804179378302892073e-02
9.765755999999999214e-08 -5.119547916865324622e-01
9.766757000000000005e-08 -8.505046685451829180e-01
9.767757999999999472e-08 -9.972435211186316817e-01
9.768758999999998939e-08 -9.189367172769551395e-01
9.769759999999999730e-08 -6.331287800718923275e-01
9.770760999999999198e-08 -2.042530055774363640e-01
9.771761999999999989e-08 2.708618849153192065e-01
9.772762999999999456e-08 6.848354378045162782e-01
9.773763999999998924e-08 9.440058098400845310e-01
9.774764999999999715e-08 9.896408816634072458e-01
9.775765999999999182e-08 8.112820979026788004e-01
9.776766999999999973e-08 4.491816777262664928e-01
9.777767999999999441e-08 -1.474349174525802636e-02
9.778768999999998908e-08 -4.754170226149569967e-01
9.779769999999999699e-08 -8.283930025206113212e-01
9.780770999999999166e-08 -9.935467213063186032e-01
9.781771999999999957e-08 -9.332902722276888996e-01
9.782772999999999425e-08 -6.611657153723570213e-01
9.783774000000000216e-08 -2.388426822931578042e-01
9.784774999999999683e-08 2.378235473468638117e-01
9.785775999999999151e-08 6.605293418104419834e-01
9.786776999999999942e-08 9.331303767558275508e-01
9.787777999999999409e-08 9.935286276909021108e-01
9.788779000000000200e-08 8.278519242643035403e-01
9.789779999999999668e-08 4.736806923437505978e-01
9.790780999999999135e-08 1.156239326995482826e-02
9.791781999999999926e-08 -4.532792715511396175e-01
9.792782999999999393e-08 -8.148932775294731590e-01
9.793784000000000184e-08 -9.907599618274239850e-01
9.794784999999999652e-08 -9.406488020957283203e-01
9.795785999999999119e-08 -6.758597447903182953e-01
9.796786999999999910e-08 -2.567166261566394270e-01
9.797787999999999378e-08 2.211411519980248375e-01
9.798789000000000169e-08 6.485615039029122286e-01
9.799789999999999636e-08 9.278113217395057566e-01
9.800790999999999104e-08 9.949424665464968731e-01
9.801791999999999894e-08 8.344695095290001197e-01
9.802792999999999362e-08 4.829826930752798564e-01
9.803794000000000153e-08 2.084408855866909036e-02
9.804794999999999620e-08 -4.461576737080703015e-01
9.805795999999999088e-08 -8.110127355040355202e-01
9.806796999999999879e-08 -9.900195622789242922e-01
9.807797999999999346e-08 -9.420138598623944981e-01
9.808799000000000137e-08 -6.778732562078420010e-01
9.809799999999999605e-08 -2.580944214901070843e-01
9.810800999999999072e-08 2.210277067409066043e-01
9.811801999999999863e-08 6.494692561852005719e-01
9.812802999999999330e-08 9.287420511127354450e-01
9.813804000000000121e-08 9.945523128137806479e-01
9.814804999999999589e-08 8.316362171648783441e-01
9.815805999999999056e-08 4.773413360421867591e-01
9.816806999999999847e-08 1.310444092889010044e-02
9.817807999999999315e-08 -4.542388967813043021e-01
9.818809000000000106e-08 -8.170298946559830799e-01
9.819809999999999573e-08 -9.915966780278013815e-01
9.820810999999999041e-08 -9.375792767008493955e-01
9.821811999999999832e-08 -6.672999114644611041e-01
9.822812999999999299e-08 -2.429942097694781922e-01
9.823814000000000090e-08 2.374845742443614238e-01
9.824814999999999557e-08 6.632126550988026725e-01
9.825815999999999025e-08 9.358035113389274740e-01
9.826816999999999816e-08 9.921646793991141244e-01
9.827817999999999283e-08 8.191354603513092414e-01
9.828819000000000074e-08 4.566016057619793900e-01
9.829819999999999542e-08 -1.165943153035461227e-02
9.830820999999999009e-08 -4.773106943975767846e-01
9.831821999999999800e-08 -8.325108369160287847e-01
9.832822999999999268e-08 -9.948999686333497294e-01
9.833824000000000058e-08 -9.267248436664974331e-01
9.834824999999999526e-08 -6.436557112173456607e-01
9.835825999999998993e-08 -2.112266657543776516e-01
9.836826999999999784e-08 2.703019624422838274e-01
9.837827999999999252e-08 6.891706131582411299e-01
9.838829000000000043e-08 9.480603760225387866e-01
9.839829999999999510e-08 9.867247565147237998e-01
9.840830999999998978e-08 7.960454542987129845e-01
9.841831999999999769e-08 4.202246560820329102e-01
9.842832999999999236e-08 -5.342249331866427697e-02
9.843834000000000027e-08 -5.147272498172842381e-01
9.844834999999999494e-08 -8.562840486786431615e-01
9.845835999999998962e-08 -9.984701539279542404e-01
9.846836999999999753e-08 -9.080371317519612129e-01
9.847837999999999220e-08 -6.059262129674801711e-01
9.848839000000000011e-08 -1.624611442945775308e-01
9.849839999999999479e-08 3.189880066840721229e-01
9.850840999999998946e-08 7.260830561907632985e-01
9.851841999999999737e-08 9.637333519573765273e-01
9.852842999999999205e-08 9.763303518436899919e-01
9.853843999999999996e-08 7.607968310895850683e-01
9.854844999999999463e-08 3.673799729814928861e-01
9.855845999999998930e-08 -1.120242677011313581e-01
9.856846999999999721e-08 -5.653116159407981511e-01
9.857847999999999189e-08 -8.863783294793990963e-01
9.858848999999999980e-08 -9.999724794540091333e-01
9.859849999999999447e-08 -8.793636382715493971e-01
9.860850999999998915e-08 -5.526745733240248093e-01
9.861851999999999706e-08 -9.636557409105044048e-02
9.862852999999999173e-08 3.826289529327498995e-01
9.863853999999999964e-08 7.719457275535436258e-01
9.864854999999999432e-08 9.801572491673722354e-01
9.865856000000000222e-08 9.582683018806193997e-01
9.866856999999999690e-08 7.112840975811970390e-01
9.867857999999999157e-08 2.971097123668010598e-01
9.868858999999999948e-08 -1.869884327092764253e-01
9.869859999999999416e-08 -6.272025049053638890e-01
9.870861000000000207e-08 -9.199361164589379136e-01
9.871861999999999674e-08 -9.962019480836259433e-01
9.872862999999999142e-08 -8.379141457852943287e-01
9.873863999999999933e-08 -4.822197700714716539e-01
9.874864999999999400e-08 -1.282219018606704959e-02
9.875866000000000191e-08 4.596867488366032095e-01
9.876866999999999658e-08 8.238714577374877113e-01
9.877867999999999126e-08 9.937432981732260417e-01
9.878868999999999917e-08 9.290922651671196242e-01
9.879869999999999384e-08 6.450456142784316560e-01
9.880871000000000175e-08 2.085717212688299182e-01
9.881871999999999643e-08 -2.772733667825038606e-01
9.882872999999999110e-08 -6.976593280622666038e-01
9.883873999999999901e-08 -9.531233974382995466e-01
9.884874999999999369e-08 -9.831249706735727401e-01
9.885876000000000160e-08 -7.804297183076424060e-01
9.886876999999999627e-08 -3.928969519855036729e-01
9.887877999999999094e-08 8.778086921757498329e-02
9.888878999999999885e-08 5.477466123269159048e-01
9.889879999999999353e-08 8.779406367139251932e-01
9.890881000000000144e-08 9.999735253434945959e-01
9.891881999999999611e-08 8.847681498337006678e-01
9.892882999999999079e-08 5.595301969384198770e-01
9.893883999999999870e-08 1.013662934043710329e-01
9.894884999999999337e-08 -3.809635377453448601e-01
9.895886000000000128e-08 -7.728485854662892063e-01
9.896886999999999596e-08 -9.810673990521411314e-01
9.897887999999999063e-08 -9.559893285194767110e-01
9.898888999999999854e-08 -7.034440296189953257e-01
9.899889999999999321e-08 -2.834109412315138354e-01
9.900891000000000112e-08 2.041880976694726568e-01
9.901891999999999580e-08 6.432368406844439779e-01
9.902892999999999047e-08 9.290745626269769630e-01
9.903893999999999838e-08 9.934643467837215303e-01
9.904894999999999306e-08 8.209186845559892642e-01
9.905896000000000097e-08 4.524680877227630349e-01
9.906896999999999564e-08 -2.405435804383594320e-02
9.907897999999999032e-08 -4.949220188185712854e-01
9.908898999999999822e-08 -8.476468422727332364e-01
9.909899999999999290e-08 -9.978639967200507721e-01
9.910901000000000081e-08 -9.095408407682867846e-01
9.911901999999999548e-08 -6.036620838554453972e-01
9.912902999999999016e-08 -1.532878041425221050e-01
9.913903999999999807e-08 3.338625218328470368e-01
9.914904999999999274e-08 7.411567478019643884e-01
9.915906000000000065e-08 9.709778709160188370e-01
9.916906999999999533e-08 9.681446406020368656e-01
9.917907999999999000e-08 7.331999957779410382e-01
9.918908999999999791e-08 3.223580061025405619e-01
9.919909999999999258e-08 -1.659070911380302327e-01
9.920911000000000049e-08 -6.144397841640439895e-01
9.921911999999999517e-08 -9.155102167948268033e-01
9.922912999999998984e-08 -9.967069218018446142e-01
9.923913999999999775e-08 -8.383878451643889118e-01
9.924914999999999243e-08 -4.784756485755666255e-01
9.925916000000000034e-08 -3.416332912973531633e-03
9.926916999999999501e-08 4.725535230346744053e-01
9.927917999999998969e-08 8.348658483855876389e-01
9.928918999999999760e-08 9.962088866705227641e-01
9.929919999999999227e-08 9.175980962666547835e-01
9.930921000000000018e-08 6.178379411568790669e-01
9.931921999999999485e-08 1.690681202682361994e-01
9.932922999999998953e-08 -3.205618779635309723e-01
9.933923999999999744e-08 -7.329375765564333234e-01
9.934924999999999211e-08 -9.684759638815153560e-01
9.935926000000000002e-08 -9.701977378353595638e-01
9.936926999999999470e-08 -7.375505419862672385e-01
9.937927999999998937e-08 -3.266202667941135451e-01
9.938928999999999728e-08 1.633502782175763612e-01
9.939929999999999196e-08 6.139045108551178798e-01
9.940930999999999986e-08 9.160066085748279630e-01
9.941931999999999454e-08 9.964465871794521146e-01
9.942932999999998921e-08 8.356171487202211923e-01
9.943933999999999712e-08 4.723372173171190846e-01
9.944934999999999180e-08 -5.474913174930890608e-03
9.945935999999999971e-08 -4.820483879008088390e-01
9.946936999999999438e-08 -8.417994032470259569e-01
9.947937999999998906e-08 -9.973751621377768828e-01
9.948938999999999697e-08 -9.108952226569516641e-01
9.949939999999999164e-08 -6.032176351673776971e-01
9.950940999999999955e-08 -1.489529829044900500e-01
9.951941999999999422e-08 3.415929350339699244e-01
9.952943000000000213e-08 7.491862200395906779e-01
9.953943999999999681e-08 9.746507557866257443e-01
9.954944999999999148e-08 9.630253383879323614e-01
9.955945999999999939e-08 7.170017814244198373e-01
9.956946999999999407e-08 2.963486606580224003e-01
9.957948000000000198e-08 -1.965692918574478698e-01
9.958948999999999665e-08 -6.416775180619257446e-01
9.959949999999999133e-08 -9.304393362984290095e-01
9.960950999999999924e-08 -9.923415209445545226e-01
9.961951999999999391e-08 -8.121499166067283060e-01
9.962953000000000182e-08 -4.337034806869070058e-01
9.963953999999999649e-08 5.070876150673459676e-02
9.964954999999999117e-08 5.228241868152853078e-01
9.965955999999999908e-08 8.672696980566834135e-01
9.966956999999999375e-08 9.997694598177407910e-01
9.967958000000000166e-08 8.877974707513034414e-01
9.968958999999999634e-08 5.586059478495690733e-01
9.969959999999999101e-08 9.263730699725633566e-02
9.970960999999999892e-08 -3.960987925845663726e-01
9.971961999999999360e-08 -7.879050122212419849e-01
9.972963000000000150e-08 -9.867187710583995575e-01
9.973963999999999618e-08 -9.436927139523252350e-01
9.974964999999999085e-08 -6.692381365416688599e-01
9.975965999999999876e-08 -2.305518749876669382e-01
9.976966999999999344e-08 2.647976981559884702e-01
9.977968000000000135e-08 6.952256497640966204e-01
9.978968999999999602e-08 9.549746041247583195e-01
9.979969999999999070e-08 9.801223720492802105e-01
9.980970999999999861e-08 7.643518330623788604e-01
9.981971999999999328e-08 3.605830521848414905e-01
9.982973000000000119e-08 -1.319643441672185280e-01
9.983973999999999586e-08 -5.921259430814475033e-01
9.984974999999999054e-08 -9.065929373520208445e-01
9.985975999999999845e-08 -9.978301436954650772e-01
9.986976999999999312e-08 -8.432287924810386581e-01
9.987978000000000103e-08 -4.807542536862438043e-01
9.988978999999999571e-08 3.330201247533216662e-04
9.989979999999999038e-08 4.814264607835746501e-01
9.990980999999999829e-08 8.438029399297451993e-01
9.991981999999999297e-08 9.979324528539875727e-01
9.992983000000000088e-08 9.056293599354963142e-01
9.993983999999999555e-08 5.895568566950882827e-01
9.994984999999999022e-08 1.277082839998525954e-01
9.995985999999999813e-08 -3.658024245898320870e-01
9.996986999999999281e-08 -7.689188503212165404e-01
9.997988000000000072e-08 -9.818350743836208316e-01
9.998988999999999539e-08 -9.517333938273371263e-01
9.999989999999999007e-08 -6.859286671886106745e-01
1.000099099999999980e-07 -2.501378795442007474e-01
1.000199199999999927e-07 0.000000000000000000e+00
1.000299300000000006e-07 2.489820910633271656e-01
1.000399399999999952e-07 4.823705788806903483e-01
1.000499499999999899e-07 6.854266737644816310e-01
1.000599599999999978e-07 8.452970117679120543e-01
1.000699699999999925e-07 9.518309272149854117e-01
1.000799800000000004e-07 9.982297602176551932e-01
1.000899899999999951e-07 9.814863728986408242e-01
1.000999999999999898e-07 9.025861197039998229e-01
1.001100099999999977e-07 7.664554898787236947e-01
1.001200199999999923e-07 5.816605766910909470e-01
1.001300300000000002e-07 3.598734228175874406e-01
1.001400399999999949e-07 1.151391339708792150e-01
1.001500499999999896e-07 -1.370105078129927045e-01
1.001600599999999975e-07 -3.805411946500294462e-01
1.001700699999999922e-07 -5.999357560165146097e-01
1.001800800000000001e-07 -7.811844988358384034e-01
1.001900899999999948e-07 -9.126829248568812947e-01
1.002000999999999894e-07 -9.859791128119427261e-01
1.002101099999999973e-07 -9.963223610021262333e-01
1.002201199999999920e-07 -9.429771449699655417e-01
1.002301299999999999e-07 -8.292812785446378454e-01
1.002401399999999946e-07 -6.624434405613190968e-01
1.002501499999999893e-07 -4.530919103478039389e-01
1.002601599999999972e-07 -2.146023751374264710e-01
1.002701699999999919e-07 3.775300119834537615e-02
1.002801799999999998e-07 2.877813583195847347e-01
1.002901899999999944e-07 5.194075743108537146e-01
1.003001999999999891e-07 7.177088100241942881e-01
1.003102099999999970e-07 8.698785266460834498e-01
1.003202199999999917e-07 9.660575439313674462e-01
1.003302299999999996e-07 9.999779624775382292e-01
1.003402399999999943e-07 9.693775757562290707e-01
1.003502499999999890e-07 8.761570075486876386e-01
1.003602599999999969e-07 7.262683019992910438e-01
1.003702699999999916e-07 5.293410120250864326e-01
1.003802799999999995e-07 2.980688611474841543e-01
1.003902899999999941e-07 4.739568817844286991e-02
1.004003000000000020e-07 -2.064473999459437437e-01
1.004103099999999967e-07 -4.469918187114333419e-01
1.004203199999999914e-07 -6.586004277356427572e-01
1.004303299999999993e-07 -8.274861813812410816e-01
1.004403399999999940e-07 -9.426140223723959988e-01
1.004503500000000019e-07 -9.964267954684910000e-01
1.004603599999999966e-07 -9.853471234630558628e-01
1.004703699999999912e-07 -9.100215530363072736e-01
1.004803799999999991e-07 -7.752899269251234404e-01
1.004903899999999938e-07 -5.898807990682684022e-01
1.005004000000000017e-07 -3.658516212210051188e-01
1.005104099999999964e-07 -1.178092213709577007e-01
1.005204199999999911e-07 1.380393408980103154e-01
1.005304299999999990e-07 3.849440884650338068e-01
1.005404399999999937e-07 6.067087512505986435e-01
1.005504500000000016e-07 7.887549127672710547e-01
1.005604599999999962e-07 9.190836583007673255e-01
1.005704699999999909e-07 9.890710854366030480e-01
1.005804799999999988e-07 9.940446424217476151e-01
1.005904899999999935e-07 9.336014181906155951e-01
1.006005000000000014e-07 8.116463104846391996e-01
1.006105099999999961e-07 6.361463549067949419e-01
1.006205199999999908e-07 4.186162068807396941e-01
1.006305299999999987e-07 1.733675970227288310e-01
1.006405399999999933e-07 -8.342865585934895745e-02
1.006505500000000013e-07 -3.348068474737138644e-01
1.006605599999999959e-07 -5.641269161988955450e-01
1.006705699999999906e-07 -7.561773220109522242e-01
1.006805799999999985e-07 -8.981870974036931798e-01
1.006905899999999932e-07 -9.806795472137822545e-01
1.007006000000000011e-07 -9.981102463416159365e-01
1.007106099999999958e-07 -9.492460266970125238e-01
1.007206199999999904e-07 -8.372586489587938718e-01
1.007306299999999984e-07 -6.695257087030549448e-01
1.007406399999999930e-07 -4.571507864692472833e-01
1.007506500000000009e-07 -2.142336241497999616e-01
1.007606599999999956e-07 4.306206123381629142e-02
1.007706699999999903e-07 2.975817671680446308e-01
1.007806799999999982e-07 5.323233108245716272e-01
1.007906899999999929e-07 7.315737297404218964e-01
1.008007000000000008e-07 8.819638900094807221e-01
1.008107099999999955e-07 9.733698414657249165e-01
1.008207199999999901e-07 9.995998721269843124e-01
1.008307299999999980e-07 9.588202788693456213e-01
1.008407399999999927e-07 8.536901711136648530e-01
1.008507500000000006e-07 6.911950183265823666e-01
1.008607599999999953e-07 4.821888502684192890e-01
1.008707699999999900e-07 2.406746674690277976e-01
1.008807799999999979e-07 -1.712960824563724074e-02
1.008907899999999926e-07 -2.738776271434693044e-01
1.009008000000000005e-07 -5.122609434424613140e-01
1.009108099999999951e-07 -7.161768291147454502e-01
1.009208199999999898e-07 -8.718187205697833786e-01
1.009308299999999977e-07 -9.686152828866323450e-01
1.009408399999999924e-07 -9.999539442210113593e-01
1.009508500000000003e-07 -9.636390201340993000e-01
1.009608599999999950e-07 -8.620522761016828905e-01
1.009708699999999897e-07 -7.020037870117412648e-01
1.009808799999999976e-07 -4.942819022024562137e-01
1.009908899999999922e-07 -2.529315970814988157e-01
1.010009000000000002e-07 5.690906769273854603e-03
1.010109099999999948e-07 2.640239191222037429e-01
1.010209199999999895e-07 5.044918915446489072e-01
1.010309299999999974e-07 7.107020788664225597e-01
1.010409399999999921e-07 8.685647228229219641e-01
1.010509500000000000e-07 9.672600389095841189e-01
1.010609599999999947e-07 9.999853621006445925e-01
1.010709699999999893e-07 9.644304924463258377e-01
1.010809799999999973e-07 8.629476036228707070e-01
1.010909899999999919e-07 7.024028062560522256e-01
1.011009999999999998e-07 4.937181894733237431e-01
1.011110099999999945e-07 2.511344159090181383e-01
1.011210199999999892e-07 -8.756743340567285303e-03
1.011310299999999971e-07 -2.681445145953916254e-01
1.011410399999999918e-07 -5.092188174869739514e-01
1.011510499999999997e-07 -7.153940977364784404e-01
1.011610599999999944e-07 -8.724531450529062759e-01
1.011710699999999890e-07 -9.695318345923824577e-01
1.011810799999999969e-07 -9.998762963402351156e-01
1.011910899999999916e-07 -9.613193654405381983e-01
1.012010999999999995e-07 -8.564422698464444483e-01
1.012111099999999942e-07 -6.924090748824355268e-01
1.012211199999999889e-07 -4.804839531813797082e-01
1.012311299999999968e-07 -2.352633299118882526e-01
1.012411399999999915e-07 2.632515780171990061e-02
1.012511499999999994e-07 2.861885429858609942e-01
1.012611599999999940e-07 5.263191461121614623e-01
1.012711700000000020e-07 7.300435484717400225e-01
1.012811799999999966e-07 8.831832300079672793e-01
1.012911899999999913e-07 9.750458879727725847e-01
1.013011999999999992e-07 9.991778233058247194e-01
1.013112099999999939e-07 9.538240601392162787e-01
1.013212200000000018e-07 8.420629484851162028e-01
1.013312299999999965e-07 6.716045159402022069e-01
1.013412399999999911e-07 4.542652266265713168e-01
1.013512499999999991e-07 2.051544476749025958e-01
1.013612599999999937e-07 -5.837177088990389007e-02
1.013712700000000016e-07 -3.179174623103868669e-01
1.013812799999999963e-07 -5.553303318026004964e-01
1.013912899999999910e-07 -7.539726558005169776e-01
1.014012999999999989e-07 -8.998904284888877836e-01
1.014113099999999936e-07 -9.827983870661795018e-01
1.014213200000000015e-07 -9.968110582829642352e-01
1.014313299999999962e-07 -9.408674552766295163e-01
1.014413399999999908e-07 -8.188183188500823828e-01
1.014513499999999987e-07 -6.391683700635780729e-01
1.014613599999999934e-07 -4.144902772970192051e-01
1.014713700000000013e-07 -1.605502382259608729e-01
1.014813799999999960e-07 1.047944061143738087e-01
1.014913899999999907e-07 3.628487360784288240e-01
1.015013999999999986e-07 5.953971629214636074e-01
1.015114099999999933e-07 7.859909453641203969e-01
1.015214200000000012e-07 9.211151991291615104e-01
1.015314299999999958e-07 9.911523632297163378e-01
1.015414399999999905e-07 9.910730883295540972e-01
1.015514499999999984e-07 9.208044836385140819e-01
1.015614599999999931e-07 7.852482862543110897e-01
1.015714700000000010e-07 5.939462184670135647e-01
1.015814799999999957e-07 3.604148335466905717e-01
1.015914899999999904e-07 1.011957420459380780e-01
1.016014999999999983e-07 -1.653124282560841374e-01
1.016115099999999929e-07 -4.201581311235330074e-01
1.016215200000000009e-07 -6.451847623438828894e-01
1.016315299999999955e-07 -8.243264166111081703e-01
1.016415399999999902e-07 -9.447589243700106332e-01
1.016515499999999981e-07 -9.978234297704046130e-01
1.016615599999999928e-07 -9.796556138452419127e-01
1.016715700000000007e-07 -8.914743807956255761e-01
1.016815799999999954e-07 -7.395079589750888083e-01
1.016915899999999900e-07 -5.345612157490149396e-01
1.017015999999999980e-07 -2.912537058481904917e-01
1.017116099999999926e-07 -2.698172114347879846e-02
1.017216200000000005e-07 2.393223306502153258e-01
1.017316299999999952e-07 4.885449838637000997e-01
1.017416399999999899e-07 7.027643245016231832e-01
1.017516499999999978e-07 8.665415347964218196e-01
1.017616599999999925e-07 9.680381109115748783e-01
1.017716700000000004e-07 9.998775933438251995e-01
1.017816799999999951e-07 9.596886677805460675e-01
1.017916899999999897e-07 8.502891671380129468e-01
1.018016999999999976e-07 6.794962261487642596e-01
1.018117099999999923e-07 4.595747695263888710e-01
1.018217200000000002e-07 2.063627143248398244e-01
1.018317299999999949e-07 -6.186516337258065462e-02
1.018417399999999896e-07 -3.257135308719709132e-01
1.018517499999999975e-07 -5.660683602912591761e-01
1.018617599999999922e-07 -7.654830794611088285e-01
1.018717700000000001e-07 -9.094483935701929145e-01
1.018817799999999947e-07 -9.874531187686497180e-01
1.018917899999999894e-07 -9.937581058089284269e-01
1.019017999999999973e-07 -9.278258167203377038e-01
1.019118099999999920e-07 -7.943728960070769451e-01
1.019218199999999999e-07 -6.030403724678188304e-01
1.019318299999999946e-07 -3.677039650609756349e-01
1.019418399999999893e-07 -1.054733193843392369e-01
1.019518499999999972e-07 1.645480625485919446e-01
1.019618599999999918e-07 4.226526143244396794e-01
1.019718699999999998e-07 6.499672606443240852e-01
1.019818799999999944e-07 8.298357260841431327e-01
1.019918899999999891e-07 9.490431990155216990e-01
1.020018999999999970e-07 9.987930124914780050e-01
1.020119099999999917e-07 9.753627475186120721e-01
1.020219199999999996e-07 8.803903317089020186e-01
1.020319299999999943e-07 7.207676309283587157e-01
1.020419399999999889e-07 5.081477585520371987e-01
1.020519499999999969e-07 2.581007553421243994e-01
1.020619599999999915e-07 -1.102167093920508600e-02
1.020719699999999994e-07 -2.794299455295101708e-01
1.020819799999999941e-07 -5.273508057183889930e-01
1.020919900000000020e-07 -7.364850896639880684e-01
1.021019999999999967e-07 -8.913615882766425802e-01
1.021120099999999914e-07 -9.804865738694961141e-01
1.021220199999999993e-07 -9.972032379767105104e-01
1.021320299999999940e-07 -9.401963132055600747e-01
1.021420400000000019e-07 -8.136031029253856239e-01
1.021520499999999965e-07 -6.267211066332071256e-01
1.021620599999999912e-07 -3.933322798594048875e-01
1.021720699999999991e-07 -1.306924966927610621e-01
1.021820799999999938e-07 1.417401356869094631e-01
1.021920900000000017e-07 4.037447124637538187e-01
1.022020999999999964e-07 6.358384041674788323e-01
1.022121099999999911e-07 8.207273778788716223e-01
1.022221199999999990e-07 9.445995650138447886e-01
1.022321299999999936e-07 9.981623402445267690e-01
1.022421400000000015e-07 9.773467312197375856e-01
1.022521499999999962e-07 8.836242836954820712e-01
1.022621599999999909e-07 7.239113687723904844e-01
1.022721699999999988e-07 5.100664223103665851e-01
1.022821799999999935e-07 2.580160680054081612e-01
1.022921900000000014e-07 -1.342598595656795471e-02
1.023021999999999961e-07 -2.839600792457809275e-01
1.023122099999999907e-07 -5.333176622416579971e-01
1.023222199999999986e-07 -7.427810036155726436e-01
1.023322299999999933e-07 -8.965915208238149914e-01
1.023422400000000012e-07 -9.831405346639850995e-01
1.023522499999999959e-07 -9.958520962038973634e-01
1.023622599999999906e-07 -9.336902635831221264e-01
1.023722699999999985e-07 -8.012511492846338124e-01
1.023822799999999932e-07 -6.084311430039623936e-01
1.023922900000000011e-07 -3.696946175409155932e-01
1.024022999999999958e-07 -1.029947437397177729e-01
1.024123099999999904e-07 1.715725231313889043e-01
1.024223199999999983e-07 4.332806901957712009e-01
1.024323299999999930e-07 6.623375708443786092e-01
1.024423400000000009e-07 8.413845739242895583e-01
1.024523499999999956e-07 9.568166906415424000e-01
1.024623599999999903e-07 9.998224769795708289e-01
1.024723699999999982e-07 9.670640804185370865e-01
1.024823799999999929e-07 8.609442894786675238e-01
1.024923900000000008e-07 6.894386865403359099e-01
1.025023999999999954e-07 4.655039210518395199e-01
1.025124099999999901e-07 2.061053985024257351e-01
1.025224199999999980e-07 -6.906315980618278616e-02
1.025324299999999927e-07 -3.390720298049056391e-01
1.025424400000000006e-07 -5.833468178626288747e-01
1.025524499999999953e-07 -7.832378803186298422e-01
1.025624599999999900e-07 -9.234479985870424068e-01
1.025724699999999979e-07 -9.932087387374642917e-01
1.025824799999999925e-07 -9.871146129846151140e-01
1.025924900000000004e-07 -9.055499005158572645e-01
1.026024999999999951e-07 -7.546738499437368741e-01
1.026125099999999898e-07 -5.459636429939634938e-01
1.026225199999999977e-07 -2.953483863497601281e-01
1.026325299999999924e-07 -2.199891814326896886e-02
1.026425400000000003e-07 2.531350664114076499e-01
1.026525499999999950e-07 5.089292310041341194e-01
1.026625599999999896e-07 7.257074319669442053e-01
1.026725699999999975e-07 8.867584389486944385e-01
1.026825799999999922e-07 9.796293944475052973e-01
1.026925900000000001e-07 9.970955112357348105e-01
1.027025999999999948e-07 9.377299904895024518e-01
1.027126099999999895e-07 8.060286231615090280e-01
1.027226199999999974e-07 6.120776965794845204e-01
1.027326299999999921e-07 3.707890510268213591e-01
1.027426400000000000e-07 1.007597006633388637e-01
1.027526499999999946e-07 -1.771572576126127785e-01
1.027626599999999893e-07 -4.414609700253949165e-01
1.027726699999999972e-07 -6.716665138651679579e-01
1.027826799999999919e-07 -8.498952051400978647e-01
1.027926899999999998e-07 -9.622678754254985201e-01
1.028026999999999945e-07 -9.999921863398200106e-01
1.028127099999999892e-07 -9.600583112567487865e-01
1.028227199999999971e-07 -8.454873607884850761e-01
1.028327299999999918e-07 -6.651114647492686327e-01
1.028427399999999997e-07 -4.329007869885721504e-01
1.028527499999999943e-07 -1.668881183758137710e-01
1.028627599999999890e-07 1.122266966291730061e-01
1.028727699999999969e-07 3.826848824302105379e-01
1.028827799999999916e-07 6.233646910941604835e-01
1.028927899999999995e-07 8.154330423700945074e-01
1.029027999999999942e-07 9.438235409151078947e-01
1.029128099999999889e-07 9.984245508805850156e-01
1.029228199999999968e-07 9.748831700594348115e-01
1.029328299999999914e-07 8.749606047664747477e-01
1.029428399999999993e-07 7.064093221789229382e-01
1.029528499999999940e-07 4.823797437574666724e-01
1.029628600000000019e-07 2.204012207493769304e-01
1.029728699999999966e-07 -5.898430784515595882e-02
1.029828799999999913e-07 -3.338299003395110431e-01
1.029928899999999992e-07 -5.825068913561852746e-01
1.030028999999999939e-07 -7.854086240242138528e-01
1.030129100000000018e-07 -9.265003091126894352e-01
1.030229199999999964e-07 -9.945921975035229012e-01
1.030329299999999911e-07 -9.842345188323351479e-01
1.030429399999999990e-07 -8.961620387197278825e-01
1.030529499999999937e-07 -7.372513453508243719e-01
1.030629600000000016e-07 -5.199923400080299629e-01
1.030729699999999963e-07 -2.615138578538721004e-01
1.030829799999999910e-07 1.776116022574530592e-02
1.030929899999999989e-07 2.957258177639563446e-01
1.031029999999999935e-07 5.503380812770458652e-01
1.031130100000000015e-07 7.613700246292135487e-01
1.031230199999999961e-07 9.120185855657884089e-01
1.031330299999999908e-07 9.902492870234692601e-01
1.031430399999999987e-07 9.897650213446771428e-01
1.031530499999999934e-07 9.105213389490598441e-01
1.031630600000000013e-07 7.587454394475873221e-01
1.031730699999999960e-07 5.464554210968762815e-01
1.031830799999999906e-07 2.905161861218650277e-01
1.031930899999999986e-07 1.130554741444602870e-02
1.032030999999999932e-07 -2.689044471239644407e-01
1.032131100000000011e-07 -5.277227125810867170e-01
1.032231199999999958e-07 -7.444294794158974327e-01
1.032331299999999905e-07 -9.016385703342374436e-01
1.032431399999999984e-07 -9.866979725771952703e-01
1.032531499999999931e-07 -9.927154393401393939e-01
1.032631600000000010e-07 -9.191254099960390889e-01
1.032731699999999957e-07 -7.717499705137745858e-01
1.032831799999999903e-07 -5.623469976127154490e-01
1.032931899999999982e-07 -3.076798172907818651e-01
1.033031999999999929e-07 -2.818135174417602321e-02
1.033132100000000008e-07 2.536812976881377968e-01
1.033232199999999955e-07 5.152112703029738672e-01
1.033332299999999902e-07 7.353105879207183504e-01
1.033432399999999981e-07 8.961856224853652630e-01
1.033532499999999928e-07 9.847912613898395229e-01
1.033632600000000007e-07 9.938961175220681898e-01
1.033732699999999953e-07 9.226812244115228934e-01
1.033832799999999900e-07 7.768219916987847418e-01
1.033932899999999979e-07 5.680447933500936131e-01
1.034032999999999926e-07 3.131920762678326864e-01
1.034133100000000005e-07 3.286986911151221907e-02
1.034233199999999952e-07 -2.502142191299492890e-01
1.034333299999999899e-07 -5.130888056617698423e-01
1.034433399999999978e-07 -7.343837510616972875e-01
1.034533499999999924e-07 -8.960709040999612629e-01
1.034633600000000004e-07 -9.849385098605643041e-01
1.034733699999999950e-07 -9.936782493437207320e-01
1.034833799999999897e-07 -9.214948808798659741e-01
1.034933899999999976e-07 -7.741869575007727100e-01
1.035033999999999923e-07 -5.636900034719208863e-01
1.035134100000000002e-07 -3.071173708133194680e-01
1.035234199999999949e-07 -2.537518714903867420e-02
1.035334299999999895e-07 2.585370334089289734e-01
1.035434399999999975e-07 5.214023266082150609e-01
1.035534499999999921e-07 7.416858956456738872e-01
1.035634600000000000e-07 9.013029107714185528e-01
1.035734699999999947e-07 9.871090912158548836e-01
1.035834799999999894e-07 9.919907491387411902e-01
1.035934899999999973e-07 9.154632931017941955e-01
1.036034999999999920e-07 7.637271506544617283e-01
1.036135099999999999e-07 5.491744362095781762e-01
1.036235199999999946e-07 2.893848378557237200e-01
1.036335299999999892e-07 5.691413185810452295e-03
1.036435399999999971e-07 -2.785672254202281595e-01
1.036535499999999918e-07 -5.399654797548431029e-01
1.036635599999999997e-07 -7.569225028240447184e-01
1.036735699999999944e-07 -9.114877188156653709e-01
1.036835799999999891e-07 -9.908320978030650261e-01
1.036935899999999970e-07 -9.883208089013835185e-01
1.037035999999999917e-07 -9.040769386162605947e-01
1.037136099999999996e-07 -7.449876771053950408e-01
1.037236199999999942e-07 -5.241503336501079913e-01
1.037336299999999889e-07 -2.598019592181538551e-01
1.037436399999999968e-07 2.618061897642301114e-02
1.037536499999999915e-07 3.100875001186730318e-01
1.037636599999999994e-07 5.683402694244361619e-01
1.037736699999999941e-07 7.794517442773859495e-01
1.037836800000000020e-07 9.258179045086882830e-01
1.037936899999999967e-07 9.951922378736675068e-01
1.038036999999999913e-07 9.817185081238881672e-01
1.038137099999999993e-07 8.864341976689772418e-01
1.038237199999999939e-07 7.172006281234617475e-01
1.038337300000000018e-07 4.880634123886261055e-01
1.038437399999999965e-07 2.180944842551991170e-01
1.038537499999999912e-07 -7.018949241395144867e-02
1.038637599999999991e-07 -3.527016798215439897e-01
1.038737699999999938e-07 -6.057968286810518910e-01
1.038837800000000017e-07 -8.082522988939873088e-01
1.038937899999999964e-07 -9.430522136143221212e-01
1.039037999999999910e-07 -9.988243866978129271e-01
1.039138099999999989e-07 -9.708081286643140961e-01
1.039238199999999936e-07 -8.612698855206145643e-01
1.039338300000000015e-07 -6.793296939230420994e-01
1.039438399999999962e-07 -4.402108161405551834e-01
1.039538499999999909e-07 -1.639735129285336546e-01
1.039638599999999988e-07 1.261623753895297073e-01
1.039738699999999935e-07 4.057662520612239643e-01
1.039838800000000014e-07 6.512536931969071796e-01
1.039938899999999960e-07 8.418783334127835083e-01
1.040038999999999907e-07 9.614902769066846488e-01
1.040139099999999986e-07 9.999115789594028580e-01
1.040239199999999933e-07 9.538110544160973703e-01
1.040339300000000012e-07 8.270025077992027018e-01
1.040439399999999959e-07 6.301389605888791934e-01
1.040539499999999906e-07 3.798265054459161183e-01
1.040639599999999985e-07 9.723073052240607805e-02
1.040739699999999931e-07 -1.937079651292770155e-01
1.040839800000000011e-07 -4.683001196439273706e-01
1.040939899999999957e-07 -7.032028254661097932e-01
1.041039999999999904e-07 -8.784073189148424721e-01
1.041140099999999983e-07 -9.789490448117339483e-01
1.041240199999999930e-07 -9.961935721594640247e-01
1.041340300000000009e-07 -9.285872197420745877e-01
1.041440399999999956e-07 -7.818063909825798685e-01
1.041540499999999902e-07 -5.682906202436102117e-01
1.041640599999999982e-07 -3.061968775637043394e-01
1.041740699999999928e-07 -1.786228531813061765e-02
1.041840800000000007e-07 2.720951896793449287e-01
1.041940899999999954e-07 5.388769616668958040e-01
1.042040999999999901e-07 7.596259487451655357e-01
1.042141099999999980e-07 9.153889033383458829e-01
1.042241199999999927e-07 9.927501524462721827e-01
1.042341300000000006e-07 9.849953871930555716e-01
1.042441399999999953e-07 8.927038531092902351e-01
1.042541499999999899e-07 7.237159388799601079e-01
1.042641599999999978e-07 4.924766120372299216e-01
1.042741699999999925e-07 2.188088353009161324e-01
1.042841800000000004e-07 -7.377960278914648395e-02
1.042941899999999951e-07 -3.601117665520833233e-01
1.043041999999999898e-07 -6.155072525008684625e-01
1.043142099999999977e-07 -8.179116619286406209e-01
1.043242199999999924e-07 -9.498059616788830928e-01
1.043342300000000003e-07 -9.997300251070184718e-01
1.043442399999999949e-07 -9.632872561576192316e-01
1.043542499999999896e-07 -8.435414870740380877e-01
1.043642599999999975e-07 -6.507695390386719625e-01
1.043742699999999922e-07 -4.015884700219741754e-01
1.043842800000000001e-07 -1.175308036106226667e-01
1.043942899999999948e-07 1.768107776500518757e-01
1.044042999999999895e-07 4.559098978328169349e-01
1.044143099999999974e-07 6.955204892301508623e-01
1.044243199999999920e-07 8.747862930721483909e-01
1.044343300000000000e-07 9.780620636193160244e-01
1.044443399999999946e-07 9.962869550474252600e-01
1.044543499999999893e-07 9.277888582585794852e-01
1.044643599999999972e-07 7.784474995425638699e-01
1.044743699999999919e-07 5.611997004526664279e-01
1.044843799999999998e-07 2.949275159310756900e-01
1.044943899999999945e-07 2.824021182472574287e-03
1.045043999999999891e-07 -2.896224342746888669e-01
1.045144099999999971e-07 -5.568507163986300412e-01
1.045244199999999917e-07 -7.754624994199111887e-01
1.045344299999999996e-07 -9.262753248361496050e-01
1.045444399999999943e-07 -9.960126213111474280e-01
1.045544499999999890e-07 -9.784812109631064736e-01
1.045644599999999969e-07 -8.751311266807150213e-01
1.045744699999999916e-07 -6.949463200739400826e-01
1.045844799999999995e-07 -4.536733828045958483e-01
1.045944899999999942e-07 -1.724536168925789592e-01
1.046044999999999888e-07 1.240234500338669582e-01
1.046145099999999967e-07 4.096843757159945310e-01
1.046245199999999914e-07 6.593645192139564459e-01
1.046345299999999993e-07 8.510275971439462683e-01
1.046445399999999940e-07 9.677160867360047325e-01
1.046545500000000019e-07 9.990593777026859357e-01
1.046645599999999966e-07 9.422048716604579655e-01
1.046745699999999913e-07 8.020876295207421958e-01
1.046845799999999992e-07 5.910122859160007458e-01
1.046945899999999938e-07 3.275816864579587651e-01
1.047046000000000017e-07 3.506469515410234883e-02
1.047146099999999964e-07 -2.606542886015513205e-01
1.047246199999999911e-07 -5.333638580394757245e-01
1.047346299999999990e-07 -7.588500228635957079e-01
1.047446399999999937e-07 -9.170503131409963871e-01
1.047546500000000016e-07 -9.938455808435694427e-01
1.047646599999999963e-07 -9.823288889064877294e-01
1.047746699999999909e-07 -8.834366953164011216e-01
1.047846799999999989e-07 -7.058838061121459617e-01
1.047946899999999935e-07 -4.654053332948013266e-01
1.048047000000000014e-07 -1.833706770768747940e-01
1.048147099999999961e-07 1.151091544856816529e-01
1.048247199999999908e-07 4.034138277416732254e-01
1.048347299999999987e-07 6.557874512625275765e-01
1.048447399999999934e-07 8.496422086979195099e-01
1.048547500000000013e-07 9.675855907710039228e-01
1.048647599999999960e-07 9.989888017994977831e-01
1.048747699999999906e-07 9.409542137434947495e-01
1.048847799999999985e-07 7.985929766115457129e-01
1.048947899999999932e-07 5.845853673178432741e-01
1.049048000000000011e-07 3.180606999270870761e-01
1.049148099999999958e-07 2.289487559462567712e-02
1.049248199999999905e-07 -2.744236008029709017e-01
1.049348299999999984e-07 -5.471688595741055483e-01
1.049448399999999931e-07 -7.707813549762788652e-01
1.049548500000000010e-07 -9.250837172487202942e-01
1.049648599999999956e-07 -9.961084687682723038e-01
1.049748699999999903e-07 -9.773714297036764087e-01
1.049848799999999982e-07 -8.704739240608617701e-01
1.049948899999999929e-07 -6.849769798808109655e-01
1.050049000000000008e-07 -4.375562308974121906e-01
1.050149099999999955e-07 -1.505112796769458305e-01
1.050249199999999902e-07 1.502380128731136411e-01
1.050349299999999981e-07 4.374888392711028251e-01
1.050449399999999927e-07 6.852158998198726314e-01
1.050549500000000006e-07 8.709324744984225930e-01
1.050649599999999953e-07 9.777376419491097259e-01
1.050749699999999900e-07 9.958627331241982628e-01
1.050849799999999979e-07 9.235747757240438949e-01
1.050949899999999926e-07 7.673525017610971499e-01
1.051050000000000005e-07 5.413162708854661886e-01
1.051150099999999952e-07 2.659610655948416169e-01
1.051250199999999898e-07 -3.369462139693315400e-02
1.051350299999999977e-07 -3.303774866470928218e-01
1.051450399999999924e-07 -5.970403963046265750e-01
1.051550500000000003e-07 -8.093300943154204674e-01
1.051650599999999950e-07 -9.478163293668012690e-01
1.051750699999999897e-07 -9.997779187849318294e-01
1.051850799999999976e-07 -9.603808901038803914e-01
1.051950899999999923e-07 -8.331387396337682771e-01
1.052051000000000002e-07 -6.296100825167297854e-01
1.052151099999999949e-07 -3.683586230832455732e-01
1.052251199999999895e-07 -7.326808823689225092e-02
1.052351299999999974e-07 2.286356813489223427e-01
1.052451399999999921e-07 5.096574085606676574e-01
1.052551500000000000e-07 7.439738363682854017e-01
1.052651599999999947e-07 9.100106877563181040e-01
1.052751699999999894e-07 9.924359815645527050e-01
1.052851799999999973e-07 9.835849195238853815e-01
1.052951899999999920e-07 8.841831061160598804e-01
1.053051999999999999e-07 7.032989393774262687e-01
1.053152099999999945e-07 4.575267795442483076e-01
1.053252199999999892e-07 1.694734716819615017e-01
1.053352299999999971e-07 -1.343145827328983966e-01
1.053452399999999918e-07 -4.257943469967958028e-01
1.053552499999999997e-07 -6.780145973850956187e-01
1.053652599999999944e-07 -8.676110156319397637e-01
1.053752699999999891e-07 -9.769766657444124425e-01
1.053852799999999970e-07 -9.959056746948020677e-01
1.053952899999999916e-07 -9.225558970749981880e-01
1.054052999999999995e-07 -7.636388424950480980e-01
1.054153099999999942e-07 -5.338164620873792066e-01
1.054253199999999889e-07 -2.543579530162734526e-01
1.054353299999999968e-07 4.882127610057002132e-02
1.054453399999999915e-07 3.475583706560790853e-01
1.054553499999999994e-07 6.140579265321666202e-01
1.054653599999999941e-07 8.234803545767674926e-01
1.054753699999999887e-07 9.562624914888239180e-01
1.054853799999999966e-07 9.999531722090946317e-01
1.054953899999999913e-07 9.503908027595237007e-01
1.055053999999999992e-07 8.121106589563373834e-01
1.055154099999999939e-07 5.979411074562183126e-01
1.055254200000000018e-07 3.278235803297856465e-01
1.055354299999999965e-07 2.696388137966264711e-02
1.055454399999999912e-07 -2.765145631303496665e-01
1.055554499999999991e-07 -5.541975322618472033e-01
1.055654599999999937e-07 -7.800417710395889381e-01
1.055754700000000017e-07 -9.328222252345387266e-01
1.055854799999999963e-07 -9.981343654547463196e-01
1.055954899999999910e-07 -9.697620149292441871e-01
1.056054999999999989e-07 -8.502799066491240065e-01
1.056155099999999936e-07 -6.508315889377115360e-01
1.056255200000000015e-07 -3.901006266941729472e-01
1.056355299999999962e-07 -9.256906125574820843e-02
1.056455399999999909e-07 2.137753733363741415e-01
1.056555499999999988e-07 5.000691390887369581e-01
1.056655599999999934e-07 7.392930502967907103e-01
1.056755700000000013e-07 9.088262992055288203e-01
1.056855799999999960e-07 9.925925616361133130e-01
1.056955899999999907e-07 9.825939236032557034e-01
1.057055999999999986e-07 8.796853993947607586e-01
1.057156099999999933e-07 6.935140506129371385e-01
1.057256200000000012e-07 4.416254966378995728e-01
1.057356299999999959e-07 1.478195064193817687e-01
1.057456399999999905e-07 -1.600921009792282412e-01
1.057556499999999984e-07 -4.529146720419534589e-01
1.057656599999999931e-07 -7.028388406383346831e-01
1.057756700000000010e-07 -8.860851075575604252e-01
1.057856799999999957e-07 -9.851730696275692312e-01
1.057956899999999904e-07 -9.905981341971086263e-01
1.058056999999999983e-07 -9.017540365522049850e-01
1.058157099999999930e-07 -7.270106276010996904e-01
1.058257200000000009e-07 -4.829365218045855168e-01
1.058357299999999955e-07 -1.927376988443572914e-01
1.058457399999999902e-07 1.159417335143701211e-01
1.058557499999999981e-07 4.136488914328306787e-01
1.058657599999999928e-07 6.719318917581749151e-01
1.058757700000000007e-07 8.660620674025955035e-01
1.058857799999999954e-07 9.774078897252475029e-01
1.058957899999999901e-07 9.952321168672150220e-01
1.059057999999999980e-07 9.177379809880460426e-01
1.059158099999999926e-07 7.522614808029334243e-01
1.059258200000000006e-07 5.145883167036937600e-01
1.059358299999999952e-07 2.274579299799145971e-01
1.059458399999999899e-07 -8.160456202001337145e-02
1.059558499999999978e-07 -3.829225653814614660e-01
1.059658599999999925e-07 -6.475166896596918908e-01
1.059758700000000004e-07 -8.498945654402485506e-01
1.059858799999999951e-07 -9.705129829661620633e-01
1.059958899999999897e-07 -9.976739844997116746e-01
1.060058999999999977e-07 -9.286701205527730929e-01
1.060159099999999923e-07 -7.700657431049997559e-01
1.060259200000000002e-07 -5.370841377415225271e-01
1.060359299999999949e-07 -2.521565415904670759e-01
1.060459399999999896e-07 5.722966373092044923e-02
1.060559499999999975e-07 3.611779408303906203e-01
1.060659599999999922e-07 6.302703438198465902e-01
1.060759700000000001e-07 8.384172266911452676e-01
1.060859799999999948e-07 9.653926414695378488e-01
1.060959899999999894e-07 9.988084830490584487e-01
1.061059999999999973e-07 9.353338679262179767e-01
1.061160099999999920e-07 7.810387096493163206e-01
1.061260199999999999e-07 5.508250365635010137e-01
1.061360299999999946e-07 2.669981298829919858e-01
1.061460399999999893e-07 -4.288654908286653605e-02
1.061560499999999972e-07 -3.486936162778475623e-01
1.061660599999999919e-07 -6.206369477897404341e-01
1.061760699999999998e-07 -8.321832225438264841e-01
1.061860799999999944e-07 -9.626465795336698328e-01
1.061960899999999891e-07 -9.992201130715943069e-01
1.062060999999999970e-07 -9.382438676116440224e-01
1.062161099999999917e-07 -7.855827657590278568e-01
1.062261199999999996e-07 -5.560744031686976063e-01
1.062361299999999943e-07 -2.720974776765824887e-01
1.062461399999999890e-07 3.860208245118893627e-02
1.062561499999999969e-07 3.456169437989831672e-01
1.062661599999999915e-07 6.188527862624751963e-01
1.062761699999999995e-07 8.314805207382807151e-01
1.062861799999999941e-07 9.625764890739892943e-01
1.062961899999999888e-07 9.991902746475399555e-01
1.063061999999999967e-07 9.376349257394110959e-01
1.063162099999999914e-07 7.838700093372855671e-01
1.063262199999999993e-07 5.529366397715242964e-01
1.063362299999999940e-07 2.674967988363372018e-01
1.063462399999999886e-07 -4.438227436684094585e-02
1.063562499999999966e-07 -3.519828417282295785e-01
1.063662599999999912e-07 -6.249607163103595431e-01
1.063762699999999991e-07 -8.363410547594058997e-01
1.063862799999999938e-07 -9.651899074861293171e-01
1.063962900000000017e-07 -9.986963690141278382e-01
1.064062999999999964e-07 -9.334573682742424161e-01
1.064163099999999911e-07 -7.758351880163981695e-01
1.064263199999999990e-07 -5.413490870841815017e-01
1.064363299999999937e-07 -2.531579447792980941e-01
1.064463400000000016e-07 6.021879789077576317e-02
1.064563499999999962e-07 3.677184523930641102e-01
1.064663599999999909e-07 6.388128531063967941e-01
1.064763699999999988e-07 8.465417715623878570e-01
1.064863799999999935e-07 9.702003192218802141e-01
1.064963900000000014e-07 9.974118593080100181e-01
1.065063999999999961e-07 9.253780019228627918e-01
1.065164099999999908e-07 7.611783517276430322e-01
1.065264199999999987e-07 5.210868452475181378e-01
1.065364299999999933e-07 2.289694352398659316e-01
1.065464400000000013e-07 -8.608019798811633594e-02
1.065564499999999959e-07 -3.926335140495709197e-01
1.065664599999999906e-07 -6.600614040602058585e-01
1.065764699999999985e-07 -8.615974427335136854e-01
1.065864799999999932e-07 -9.770234641674295784e-01
1.065964900000000011e-07 -9.947073705819022837e-01
1.066064999999999958e-07 -9.127868527626569195e-01
1.066165099999999904e-07 -7.393774485486900305e-01
1.066265199999999984e-07 -4.917807047520783015e-01
1.066365299999999930e-07 -1.947684380266208881e-01
1.066465400000000009e-07 1.218878373311731850e-01
1.066565499999999956e-07 4.263967214889965995e-01
1.066665599999999903e-07 6.881381921292577530e-01
1.066765699999999982e-07 8.807460439562764254e-01
1.066865799999999929e-07 9.847708771308211206e-01
1.066965900000000008e-07 9.896539864434118483e-01
1.067065999999999955e-07 8.948108517635813275e-01
1.067166099999999901e-07 7.097119013516758335e-01
1.067266199999999980e-07 4.529489444495854444e-01
1.067366299999999927e-07 1.503780397922452883e-01
1.067466400000000006e-07 -1.674767526184909872e-01
1.067566499999999953e-07 -4.684988158952388404e-01
1.067666599999999900e-07 -7.222241629673021857e-01
1.067766699999999979e-07 -9.029284710308812523e-01
1.067866799999999926e-07 -9.922427544711130976e-01
1.067966900000000005e-07 -9.810309661855839414e-01
1.068066999999999951e-07 -8.703365836323019300e-01
1.068167099999999898e-07 -6.712989283878244562e-01
1.068267199999999977e-07 -4.040441781966488954e-01
1.068367299999999924e-07 -9.566022536387154551e-02
1.068467400000000003e-07 2.225418792128104062e-01
1.068567499999999950e-07 5.182037586707508581e-01
1.068667599999999897e-07 7.612110497233799400e-01
1.068767699999999976e-07 9.267654094432544731e-01
1.068867799999999922e-07 9.979233468506488736e-01
1.068967900000000002e-07 9.673411404868831331e-01
1.069067999999999948e-07 8.380450639225799359e-01
1.069168099999999895e-07 6.231449359604774862e-01
1.069268199999999974e-07 3.445166458424434031e-01
1.069368299999999921e-07 3.058481775228968566e-02
1.069468400000000000e-07 -2.865706330495597642e-01
1.069568499999999947e-07 -5.744901850489245732e-01
1.069668599999999893e-07 -8.036584281242485917e-01
1.069768699999999973e-07 -9.505353320537230921e-01
1.069868799999999919e-07 -9.999832007160268654e-01
1.069968899999999998e-07 -9.468382018842527170e-01
1.070068999999999945e-07 -7.964621867383615550e-01
1.070169099999999892e-07 -5.642146227199082986e-01
1.070269199999999971e-07 -2.738952449890891816e-01
1.070369299999999918e-07 4.468587680307906790e-02
1.070469399999999997e-07 3.587637049995018312e-01
1.070569499999999944e-07 6.359864646368058594e-01
1.070669599999999890e-07 8.477506638186405041e-01
1.070769699999999969e-07 9.721588599139033837e-01
1.070869799999999916e-07 9.962936724530154775e-01
1.070969899999999995e-07 9.175709125051444426e-01
1.071069999999999942e-07 7.440288912572270430e-01
1.071170099999999889e-07 4.935203793089670832e-01
1.071270199999999968e-07 1.918870737940762961e-01
1.071370299999999915e-07 -1.296979240988636040e-01
1.071470399999999994e-07 -4.379471974168609449e-01
1.071570499999999940e-07 -7.009041546762111441e-01
1.071670599999999887e-07 -8.912597289995405347e-01
1.071770699999999966e-07 -9.891960368107928225e-01
1.071870799999999913e-07 -9.844601318104370113e-01
1.071970899999999992e-07 -8.774497898967641429e-01
1.072070999999999939e-07 -6.791950969022144680e-01
1.072171100000000018e-07 -4.102340100377081522e-01
1.072271199999999965e-07 -9.849518301307670642e-02
1.072371299999999911e-07 2.235948033680466851e-01
1.072471399999999991e-07 5.224809619866130905e-01
1.072571499999999937e-07 7.669764144152837471e-01
1.072671600000000016e-07 9.315214909460416415e-01
1.072771699999999963e-07 9.988643363480176340e-01
1.072871799999999910e-07 9.618810154214575414e-01
1.072971899999999989e-07 8.243419404900959035e-01
1.073071999999999936e-07 6.005408891313430697e-01
1.073172100000000015e-07 3.138215962256355462e-01
1.073272199999999962e-07 -5.847496019517655491e-03
1.073372299999999908e-07 -3.249993947451323972e-01
1.073472399999999987e-07 -6.101701842754267968e-01
1.073572499999999934e-07 -8.314099935642049743e-01
1.073672600000000013e-07 -9.654347295963431330e-01
1.073772699999999960e-07 -9.980862713671779796e-01
1.073872799999999907e-07 -9.258401871673440642e-01
1.073972899999999986e-07 -7.561991818500849449e-01
1.074072999999999933e-07 -5.069271100847129174e-01
1.074173100000000012e-07 -2.042003141444981851e-01
1.074273199999999958e-07 1.201325606178586941e-01
1.074373299999999905e-07 4.318963548699916721e-01
1.074473399999999984e-07 6.981898379972374391e-01
1.074573499999999931e-07 8.908615725949916575e-01
1.074673600000000010e-07 9.894936197204703410e-01
1.074773699999999957e-07 9.835760626607595869e-01
1.074873799999999904e-07 8.736396486960924523e-01
1.074973899999999983e-07 6.712231844078332399e-01
1.075073999999999929e-07 3.976752218361919167e-01
1.075174100000000008e-07 8.191308738346465834e-02
1.075274199999999955e-07 -2.426266603817098799e-01
1.075374299999999902e-07 -5.415255490590153986e-01
1.075474399999999981e-07 -7.830344400539378524e-01
1.075574499999999928e-07 -9.414512740421675518e-01
1.075674600000000007e-07 -9.998654143054220844e-01
1.075774699999999954e-07 -9.519746210570846356e-01
1.075874799999999900e-07 -8.027782072907185817e-01
1.075974899999999979e-07 -5.680688082763407643e-01
1.076074999999999926e-07 -2.727728866997229940e-01
1.076175100000000005e-07 5.168697425405249790e-02
1.076275199999999952e-07 3.707299055705557400e-01
1.076375299999999899e-07 6.503008011167472624e-01
1.076475399999999978e-07 8.605082903992666843e-01
1.076575499999999925e-07 9.788277176414729164e-01
1.076675600000000004e-07 9.925251858048627085e-01
1.076775699999999951e-07 9.000407073489300469e-01
1.076875799999999897e-07 7.111789071870388002e-01
1.076975899999999976e-07 4.460828665221275302e-01
1.077075999999999923e-07 1.330970360183456047e-01
1.077176100000000002e-07 -1.942552811247357791e-01
1.077276199999999949e-07 -5.008584603745696029e-01
1.077376299999999896e-07 -7.537718500611271244e-01
1.077476399999999975e-07 -9.257736424238629525e-01
1.077576499999999922e-07 -9.982995633012073933e-01
1.077676600000000001e-07 -9.634582237966033968e-01
1.077776699999999947e-07 -8.249031178812622489e-01
1.077876799999999894e-07 -5.974635360820563790e-01
1.077976899999999973e-07 -3.055700410597388395e-01
1.078076999999999920e-07 1.935971141441204801e-02
1.078177099999999999e-07 3.422961833917445018e-01
1.078277199999999946e-07 6.283723078100442727e-01
1.078377299999999893e-07 8.466505479086762209e-01
1.078477399999999972e-07 9.734754176094323475e-01
1.078577499999999918e-07 9.950474569509852873e-01
1.078677599999999997e-07 9.089374915693517742e-01
1.078777699999999944e-07 7.243736675829753890e-01
1.078877799999999891e-07 4.612660836936090525e-01
1.078977899999999970e-07 1.480705871429772447e-01
1.079077999999999917e-07 -1.812803552592182899e-01
1.079178099999999996e-07 -4.910496260447438366e-01
1.079278199999999943e-07 -7.475734017149704425e-01
1.079378299999999889e-07 -9.229242648241162694e-01
1.079478399999999968e-07 -9.979603905444406342e-01
1.079578499999999915e-07 -9.644269603552990677e-01
1.079678599999999994e-07 -8.258778497040596411e-01
1.079778699999999941e-07 -5.973132645995421486e-01
1.079878799999999888e-07 -3.035685810320864486e-01
1.079978899999999967e-07 2.337399502301404017e-02
1.080078999999999914e-07 3.478610822898781652e-01
1.080179099999999993e-07 6.344541070192220023e-01
1.080279199999999939e-07 8.518023116941458861e-01
1.080379299999999886e-07 9.760792514813696474e-01
1.080479399999999965e-07 9.936053458832438956e-01
1.080579499999999912e-07 9.023666891464158235e-01
1.080679599999999991e-07 7.122601011671459981e-01
1.080779699999999938e-07 4.440333552581584020e-01
1.080879800000000017e-07 1.270325070176517579e-01
1.080979899999999964e-07 -2.040004027157116262e-01
1.081079999999999911e-07 -5.127307718987836882e-01
1.081180099999999990e-07 -7.652200820829988537e-01
1.081280199999999936e-07 -9.336618734000117215e-01
1.081380300000000015e-07 -9.994532481301182658e-01
1.081480399999999962e-07 -9.552616368882755893e-01
1.081580499999999909e-07 -8.058558961906814311e-01
1.081680599999999988e-07 -5.676060827138244003e-01
1.081780699999999935e-07 -2.667026821803713532e-01
1.081880800000000014e-07 6.371244155263007525e-02
1.081980899999999961e-07 3.871902157243728992e-01
1.082080999999999907e-07 6.679936414573561798e-01
1.082181099999999986e-07 8.750491677770343424e-01
1.082281199999999933e-07 9.853929237833142230e-01
1.082381300000000012e-07 9.867287794813922597e-01
1.082481399999999959e-07 8.788120674330363036e-01
1.082581499999999906e-07 6.735018011271958205e-01
1.082681599999999985e-07 3.934712322542646135e-01
1.082781699999999932e-07 6.971538076872640932e-02
1.082881800000000011e-07 -2.618717586948569598e-01
1.082981899999999957e-07 -5.644732487491357364e-01
1.083081999999999904e-07 -8.044384517470060114e-01
1.083182099999999983e-07 -9.550311615003675980e-01
1.083282199999999930e-07 -9.994184954544044208e-01
1.083382300000000009e-07 -9.325653237498947590e-01
1.083482399999999956e-07 -7.618196304923465778e-01
1.083582499999999903e-07 -5.061192811155266202e-01
1.083682599999999982e-07 -1.939041506851913454e-01
1.083782699999999928e-07 1.400376346607747069e-01
1.083882800000000008e-07 4.584406902272443740e-01
1.083982899999999954e-07 7.257204651695379205e-01
1.084082999999999901e-07 9.119545430963172938e-01
1.084183099999999980e-07 9.962412428217822802e-01
1.084283199999999927e-07 9.690575848419139549e-01
1.084383300000000006e-07 8.333492924773657773e-01
1.084483399999999953e-07 6.042265503654290493e-01
1.084583499999999899e-07 3.072950843391222819e-01
1.084683599999999979e-07 -2.419465475796412496e-02
1.084783699999999925e-07 -3.530640394029270213e-01
1.084883800000000004e-07 -6.423739207822080077e-01
1.084983899999999951e-07 -8.595764682198148154e-01
1.085083999999999898e-07 -9.801842494963534103e-01
1.085184099999999977e-07 -9.905421324688274964e-01
1.085284199999999924e-07 -8.893870065348137288e-01
1.085384300000000003e-07 -6.880156706410986978e-01
1.085484399999999950e-07 -4.090374358180091097e-01
1.085584499999999896e-07 -8.384753050077434211e-02
1.085684599999999975e-07 2.508977134296359046e-01
1.085784699999999922e-07 5.574091132045858599e-01
1.085884800000000001e-07 8.010318457204104181e-01
1.085984899999999948e-07 9.541696408650168770e-01
1.086084999999999895e-07 9.994209348184596164e-01
1.086185099999999974e-07 9.315694507950909031e-01
1.086285199999999921e-07 7.582000472211170017e-01
1.086385300000000000e-07 4.988655848565142770e-01
1.086485399999999946e-07 1.828945814123804081e-01
1.086585499999999893e-07 -1.539160197784071038e-01
1.086685599999999972e-07 -4.733511363470680466e-01
1.086785699999999919e-07 -7.391132279322318865e-01
1.086885799999999998e-07 -9.209515198816579096e-01
1.086985899999999945e-07 -9.981145135458122652e-01
1.087085999999999892e-07 -9.617307316921891447e-01
1.087186099999999971e-07 -8.158431663879335272e-01
1.087286199999999917e-07 -5.769752255917947048e-01
1.087386299999999997e-07 -2.722729073366857988e-01
1.087486399999999943e-07 6.356950181556238200e-02
1.087586499999999890e-07 3.922532809797770748e-01
1.087686599999999969e-07 6.762411342579202067e-01
1.087786699999999916e-07 8.830475784538547313e-01
1.087886799999999995e-07 9.889631109807376363e-01
1.087986899999999942e-07 9.817843094042680852e-01
1.088086999999999888e-07 8.622341654905733010e-01
1.088187099999999968e-07 6.439057603285428533e-01
1.088287199999999914e-07 3.517309724903063817e-01
1.088387299999999993e-07 1.914504496565335584e-02
1.088487399999999940e-07 -3.157318848676175516e-01
1.088587499999999887e-07 -6.144611118194104327e-01
1.088687599999999966e-07 -8.426997768519124410e-01
1.088787699999999913e-07 -9.741561687277084935e-01
1.088887799999999992e-07 -9.936295808754961323e-01
1.088987899999999939e-07 -8.987819930422163983e-01
1.089088000000000018e-07 -7.004335178375604709e-01
1.089188099999999964e-07 -4.213428282949358561e-01
1.089288199999999911e-07 -9.360827277980510175e-02
1.089388299999999990e-07 2.450150127574994285e-01
1.089488399999999937e-07 5.554604625109688110e-01
1.089588500000000016e-07 8.018582765246102806e-01
1.089688599999999963e-07 9.556861100030932255e-01
1.089788699999999910e-07 9.990812664942108068e-01
1.089888799999999989e-07 9.269285728155193249e-01
1.089988899999999935e-07 7.474783558625014424e-01
1.090089000000000015e-07 4.814182397232913968e-01
1.090189099999999961e-07 1.595013609280482025e-01
1.090289199999999908e-07 -1.809986338828623864e-01
1.090389299999999987e-07 -5.005983096242626607e-01
1.090489399999999934e-07 -7.621829557263789523e-01
1.090589500000000013e-07 -9.353219723830850096e-01
1.090689599999999960e-07 -9.998187810213037263e-01
1.090789699999999906e-07 -9.480800206600231705e-01
1.090889799999999986e-07 -7.860245983921341217e-01
1.090989899999999932e-07 -5.324220943915798365e-01
1.091090000000000011e-07 -2.167325640434364931e-01
1.091190099999999958e-07 1.243052781078309021e-01
1.091290199999999905e-07 4.509436070114797857e-01
1.091390299999999984e-07 7.250573048939680243e-01
1.091490399999999931e-07 9.145984148355144061e-01
1.091590500000000010e-07 9.973522794172794415e-01
1.091690599999999957e-07 9.635540755675823243e-01
1.091790699999999903e-07 8.170560812597127409e-01
1.091890799999999982e-07 5.749044487606980169e-01
1.091990899999999929e-07 2.653699695203840525e-01
1.092091000000000008e-07 -7.534137738394289241e-02
1.092191099999999955e-07 -4.073166763575633009e-01
1.092291199999999902e-07 -6.916101488577418577e-01
1.092391299999999981e-07 -8.948158888798259936e-01
1.092491399999999928e-07 -9.930019396984115509e-01
1.092591500000000007e-07 -9.745414138086441191e-01
1.092691599999999953e-07 -8.415042887653245707e-01
1.092791699999999900e-07 -6.094415702099263976e-01
1.092891799999999979e-07 -3.055821141826536302e-01
1.092991899999999926e-07 3.435056932843629646e-02
1.093092000000000005e-07 3.703308005190812935e-01
1.093192099999999952e-07 6.627413677565753281e-01
1.093292199999999899e-07 8.770482071196110674e-01
1.093392299999999978e-07 9.878871745239633517e-01
1.093492399999999924e-07 9.820783314480363568e-01
1.093592500000000004e-07 8.602080997448233735e-01
1.093692599999999950e-07 6.365876478989224152e-01
1.093792699999999897e-07 3.375872816794555642e-01
1.093892799999999976e-07 -1.461121349688684163e-03
1.093992899999999923e-07 -3.404312445861110703e-01
1.094093000000000002e-07 -6.391485112141811475e-01
1.094193099999999949e-07 -8.621542768090569853e-01
1.094293199999999895e-07 -9.829227639332828170e-01
1.094393299999999975e-07 -9.870283274870595980e-01
1.094493399999999921e-07 -8.738834607794229159e-01
1.094593500000000000e-07 -6.568364274460969376e-01
1.094693599999999947e-07 -3.616117178118959941e-01
1.094793699999999894e-07 -2.327368065473239822e-02
1.094893799999999973e-07 3.179297908830696628e-01
1.094993899999999920e-07 6.213518716791024410e-01
1.095093999999999999e-07 8.507913293406987876e-01
1.095194099999999946e-07 9.788193051576297155e-01
1.095294199999999892e-07 9.900703298614946801e-01
1.095394299999999971e-07 8.831013072468443248e-01
1.095494399999999918e-07 6.705918278500569985e-01
1.095594499999999997e-07 3.778566314354336320e-01
1.095694599999999944e-07 3.984283509390476596e-02
1.095794699999999891e-07 -3.030334505550107416e-01
1.095894799999999970e-07 -6.097161763480634100e-01
1.095994899999999917e-07 -8.434275280201559699e-01
1.096094999999999996e-07 -9.760858317553328112e-01
1.096195099999999942e-07 -9.916916254958009214e-01
1.096295199999999889e-07 -8.882722069790218722e-01
1.096395299999999968e-07 -6.781465775626471792e-01
1.096495399999999915e-07 -3.864736582442316326e-01
1.096595499999999994e-07 -4.825293897750982525e-02
1.096695599999999941e-07 2.958664593440439305e-01
1.096795699999999888e-07 6.044675642343355637e-01
1.096895799999999967e-07 8.403523539403550124e-01
1.096995899999999913e-07 9.750329301406719384e-01
1.097095999999999993e-07 9.921839428804486438e-01
1.097196099999999939e-07 8.896364625778145907e-01
1.097296199999999886e-07 6.796680175486601305e-01
1.097396299999999965e-07 3.875484162504917451e-01
1.097496399999999912e-07 4.851163283392439379e-02
1.097596499999999991e-07 -2.964849960983755306e-01
1.097696599999999938e-07 -6.057049406203570685e-01
1.097796700000000017e-07 -8.416836454512193200e-01
1.097896799999999964e-07 -9.757751576349833478e-01
1.097996899999999910e-07 -9.916415625857787353e-01
1.098096999999999989e-07 -8.872587419877885351e-01
1.098197099999999936e-07 -6.751904248120423890e-01
1.098297200000000015e-07 -3.810918383974253310e-01
1.098397299999999962e-07 -4.061919753856015752e-02
1.098497399999999909e-07 3.048843039559032131e-01
1.098597499999999988e-07 6.134051598638941005e-01
1.098697599999999935e-07 8.473706038830558507e-01
1.098797700000000014e-07 9.782320342565730131e-01
1.098897799999999960e-07 9.899607790576107069e-01
1.098997899999999907e-07 8.810266855637263195e-01
1.099097999999999986e-07 6.646134774077385732e-01
1.099198099999999933e-07 3.670390944207460038e-01
1.099298200000000012e-07 2.456829586138559174e-02
1.099398299999999959e-07 -3.209980748006742157e-01
1.099498399999999906e-07 -6.274218002326215071e-01
1.099598499999999985e-07 -8.571924877131629206e-01
1.099698599999999931e-07 -9.821273403077025455e-01
1.099798700000000010e-07 -9.868404945656490401e-01
1.099898799999999957e-07 -8.706533403143078553e-01
1.099998899999999904e-07 -6.477067825380447008e-01
1.100098999999999983e-07 -3.452560774961939138e-01
1.100199099999999930e-07 -3.518583197025553682e-04
1.100299200000000009e-07 3.446901086493555644e-01
1.100399299999999956e-07 6.474775858504857595e-01
1.100499399999999902e-07 8.707531147883117439e-01
1.100599499999999981e-07 9.869869079647344279e-01
1.100699599999999928e-07 9.817841863282471548e-01
1.100799700000000007e-07 8.556836805394371082e-01
1.100899799999999954e-07 6.241206964706075278e-01
1.100999899999999901e-07 3.155535991964552589e-01
1.101099999999999980e-07 -3.202087921497626111e-02
1.101200099999999927e-07 -3.757384132503709395e-01
1.101300200000000006e-07 -6.731508072998135805e-01
1.101400299999999953e-07 -8.874716949204167760e-01
1.101500399999999899e-07 -9.921355538581925204e-01
1.101600499999999978e-07 -9.741039450873012484e-01
1.101700599999999925e-07 -8.355058719462818972e-01
1.101800700000000004e-07 -5.934039527534425984e-01
1.101900799999999951e-07 -2.777095767886508804e-01
1.102000899999999898e-07 7.250020392927587765e-02
1.102100999999999977e-07 4.138120974374766003e-01
1.102201099999999924e-07 7.038564199002012023e-01
1.102301200000000003e-07 9.065709397449610574e-01
1.102401299999999949e-07 9.966942661206553700e-01
1.102501399999999896e-07 9.629277306453264407e-01
1.102601499999999975e-07 8.093683051030615694e-01
1.102701599999999922e-07 5.550288561060249259e-01
1.102801700000000001e-07 2.314995770376658268e-01
1.102901799999999948e-07 -1.209637307038223114e-01
1.103001899999999895e-07 -4.584416655549378716e-01
1.103101999999999974e-07 -7.388228807366590267e-01
1.103202099999999920e-07 -9.270638562441919639e-01
1.103302199999999999e-07 -9.995792343749365649e-01
1.103402299999999946e-07 -9.472114154254545060e-01
1.103502399999999893e-07 -7.764037411116656573e-01
1.103602499999999972e-07 -5.084249627967581953e-01
1.103702599999999919e-07 -1.767360659068365758e-01
1.103802699999999998e-07 1.771764865296422131e-01
1.103902799999999945e-07 5.089836678177527274e-01
1.104002899999999891e-07 7.770662409563620088e-01
1.104102999999999970e-07 9.477411314477096616e-01
1.104203099999999917e-07 9.995047880338479018e-01
1.104303199999999996e-07 9.257575718677810706e-01
1.104403299999999943e-07 7.356621485328633803e-01
1.104503399999999890e-07 4.530222191032838852e-01
1.104603499999999969e-07 1.133165675525860533e-01
1.104703599999999916e-07 -2.407439048423019035e-01
1.104803699999999995e-07 -5.645811263596193230e-01
1.104903799999999941e-07 -8.173635499582613262e-01
1.105003899999999888e-07 -9.671615555701664757e-01
1.105103999999999967e-07 -9.949927699787713964e-01
1.105204099999999914e-07 -8.972432742792294524e-01
1.105304199999999993e-07 -6.861539286011171246e-01
1.105404299999999940e-07 -3.883044273833011761e-01
1.105504399999999887e-07 -4.128062142171167598e-02
1.105604499999999966e-07 3.110588486751415527e-01
1.105704599999999913e-07 6.241217549781625795e-01
1.105804699999999992e-07 8.582282531456103536e-01
1.105904799999999938e-07 9.836484931643417751e-01
1.106004899999999885e-07 9.843912885141195002e-01
1.106104999999999964e-07 8.602593893074134135e-01
1.106205099999999911e-07 6.269051793267196304e-01
1.106305199999999990e-07 3.138736096907004391e-01
1.106405299999999937e-07 -3.912509330058237811e-02
1.106505400000000016e-07 -3.872444548848879009e-01
1.106605499999999963e-07 -6.861967267197316422e-01
1.106705599999999909e-07 -8.978909600658110390e-01
1.106805699999999988e-07 -9.952959638855355395e-01
1.106905799999999935e-07 -9.659061135521264108e-01
1.107005900000000014e-07 -8.133638668012200812e-01
1.107105999999999961e-07 -5.570263833565956002e-01
1.107206099999999908e-07 -2.295252948128813086e-01
1.107306199999999987e-07 1.273748529771960569e-01
1.107406299999999934e-07 4.680954608763204794e-01
1.107506400000000013e-07 7.490636054919197484e-01
1.107606499999999959e-07 9.342896904501065691e-01
1.107706599999999906e-07 9.999883829331187579e-01
1.107806699999999985e-07 9.376481481874502366e-01
1.107906799999999932e-07 7.551513464415898769e-01
1.108006900000000011e-07 4.757953582729521069e-01
1.108106999999999958e-07 1.353339209867907567e-01
1.108207099999999905e-07 -2.225876063493655854e-01
1.108307199999999984e-07 -5.520217340894501001e-01
1.108407299999999930e-07 -8.106180113785902419e-01
1.108507400000000010e-07 -9.650744126924604149e-01
1.108607499999999956e-07 -9.954383595603887303e-01
1.108707599999999903e-07 -8.977003303992624472e-01
1.108807699999999982e-07 -6.843408859951880530e-01
1.108907799999999929e-07 -3.827544184593652532e-01
1.109007900000000008e-07 -3.174638669356337484e-02
1.109107999999999955e-07 3.234499916807291320e-01
1.109208099999999901e-07 6.369989417950020494e-01
1.109308199999999981e-07 8.683795707442065748e-01
1.109408299999999927e-07 9.876312843980973311e-01
1.109508400000000006e-07 9.792470587065256193e-01
1.109608499999999953e-07 8.442069007971628736e-01
1.109708599999999900e-07 5.998827089134263213e-01
1.109808699999999979e-07 2.778204077285840734e-01
1.109908799999999926e-07 -8.031972313807178576e-02
1.110008900000000005e-07 -4.281438484826822211e-01
1.110108999999999952e-07 -7.205326094167401330e-01
1.110209099999999898e-07 -9.194986124790709425e-01
1.110309199999999977e-07 -9.991323673066221378e-01
1.110409299999999924e-07 -9.489913702290829756e-01
1.110509400000000003e-07 -7.754870982897359433e-01
1.110609499999999950e-07 -5.010834790938242245e-01
1.110709599999999897e-07 -1.614045314710179091e-01
1.110809699999999976e-07 1.993785476520431033e-01
1.110909799999999923e-07 5.342851094651687172e-01
1.111009900000000002e-07 7.996431116960376340e-01
1.111109999999999948e-07 9.607907709551376518e-01
1.111210099999999895e-07 9.966165659723645875e-01
1.111310199999999974e-07 9.023413573896650330e-01
1.111410299999999921e-07 6.901739007554442695e-01
1.111510400000000000e-07 3.877476709274025324e-01
1.111610499999999947e-07 3.453673775002660123e-02
1.111710599999999894e-07 -3.232864280458242479e-01
1.111810699999999973e-07 -6.388827116662264549e-01
1.111910799999999919e-07 -8.708802635682030280e-01
1.112010899999999999e-07 -9.888069612862577795e-01
1.112110999999999945e-07 -9.771069490259828294e-01
1.112211099999999892e-07 -8.372100165886066092e-01
1.112311199999999971e-07 -5.873763087387438020e-01
1.112411299999999918e-07 -2.603300782217783382e-01
1.112511399999999997e-07 1.010131898106576553e-01
1.112611499999999944e-07 4.491701655709221530e-01
1.112711599999999890e-07 7.383278040676791720e-01
1.112811699999999970e-07 9.303769115283944124e-01
1.112911799999999916e-07 9.999458793401209133e-01
1.113011899999999995e-07 9.377682528256848782e-01
1.113111999999999942e-07 7.519351263460356538e-01
1.113212099999999889e-07 4.668608065188396550e-01
1.113312199999999968e-07 1.200914167669566435e-01
1.113412299999999915e-07 -2.426285456283305830e-01
1.113512399999999994e-07 -5.733850243913459765e-01
1.113612499999999941e-07 -8.284248038391537339e-01
1.113712599999999887e-07 -9.739510006498963701e-01
1.113812699999999966e-07 -9.906149927355155649e-01
1.113912799999999913e-07 -8.761060386550305612e-01
1.114012899999999992e-07 -6.454897794187638427e-01
1.114112999999999939e-07 -3.292440169973033237e-01
1.114213099999999886e-07 3.075457496893925849e-02
1.114313199999999965e-07 3.867663107232849895e-01
1.114413299999999912e-07 6.915163839026831072e-01
1.114513399999999991e-07 9.044764418176308718e-01
1.114613499999999937e-07 9.972646897122906529e-01
1.114713599999999884e-07 9.574436639591922260e-01
1.114813699999999963e-07 7.902055033487059843e-01
1.114913799999999910e-07 5.177140270179122483e-01
1.115013899999999989e-07 1.761842792821898263e-01
1.115113999999999936e-07 -1.889179305662822828e-01
1.115214100000000015e-07 -5.289218863870769338e-01
1.115314199999999962e-07 -7.984401924826561858e-01
1.115414299999999908e-07 -9.614344503244852680e-01
1.115514399999999988e-07 -9.960468641872565199e-01
1.115614499999999934e-07 -8.975483387320977169e-01
1.115714600000000013e-07 -6.790032243605619300e-01
1.115814699999999960e-07 -3.695549741157411749e-01
1.115914799999999907e-07 -1.055513630033142088e-02
1.116014899999999986e-07 3.499522337980954800e-01
1.116114999999999933e-07 6.636564544158609635e-01
1.116215100000000012e-07 8.884574577867019318e-01
1.116315199999999959e-07 9.941255488074212110e-01
1.116415299999999905e-07 9.663815229464722822e-01
1.116515399999999984e-07 8.088444668164916918e-01
1.116615499999999931e-07 5.425791676821378751e-01
1.116715600000000010e-07 2.032968591139339143e-01
1.116815699999999957e-07 -1.634210927783814049e-01
1.116915799999999904e-07 -5.082395506035111143e-01
1.117015899999999983e-07 -7.847063013184853997e-01
1.117115999999999930e-07 -9.555163863512833311e-01
1.117216100000000009e-07 -9.975584380361602888e-01
1.117316199999999955e-07 -9.050587255757283067e-01
1.117416299999999902e-07 -6.903929543931696111e-01
1.117516399999999981e-07 -3.824492926976030827e-01
1.117616499999999928e-07 -2.275654042380215875e-02
1.117716600000000007e-07 3.401057850348799816e-01
1.117816699999999954e-07 6.570644858731253812e-01
1.117916799999999901e-07 8.851923782338153579e-01
1.118016899999999980e-07 9.935318928873146938e-01
1.118116999999999926e-07 9.673112465479943856e-01
1.118217100000000006e-07 8.099769611695443183e-01
1.118317199999999952e-07 5.427606376390408105e-01
1.118417299999999899e-07 2.018314844536256147e-01
1.118517399999999978e-07 -1.665859504191593288e-01
1.118617499999999925e-07 -5.124716704950096346e-01
1.118717600000000004e-07 -7.888010435848151758e-01
1.118817699999999951e-07 -9.579446841116134870e-01
1.118917799999999897e-07 -9.968055246210801856e-01
1.119017899999999977e-07 -8.999900602304566899e-01
1.119117999999999923e-07 -6.805760481006251084e-01
1.119218100000000002e-07 -3.683649616679857131e-01
1.119318199999999949e-07 -5.850059515356108818e-03
1.119418299999999896e-07 3.575566277691553108e-01
1.119518399999999975e-07 6.722555487254047168e-01
1.119618499999999922e-07 8.952326856957603107e-01
1.119718600000000001e-07 9.959490761485030319e-01
1.119818699999999948e-07 9.605390347486583158e-01
1.119918799999999894e-07 7.937378480168520989e-01
1.120018899999999973e-07 5.182684442001087577e-01
1.120118999999999920e-07 1.717635524349766796e-01
1.120219099999999999e-07 -1.983622134341722354e-01
1.120319199999999946e-07 -5.413934456949162088e-01
1.120419299999999893e-07 -8.102632934113728203e-01
1.120519399999999972e-07 -9.680188263935581849e-01
1.120619499999999919e-07 -9.929133108022041299e-01
1.120719599999999998e-07 -8.814218342655202321e-01
1.120819699999999944e-07 -6.487597060283504247e-01
1.120919799999999891e-07 -3.268250178444310761e-01
1.121019899999999970e-07 4.015910174670715010e-02
1.121119999999999917e-07 4.017093746996162063e-01
1.121220099999999996e-07 7.080240379578570664e-01
1.121320199999999943e-07 9.168472106066772875e-01
1.121420299999999890e-07 9.993092417857103449e-01
1.121520399999999969e-07 9.439343130995608844e-01
1.121620499999999915e-07 7.582567512911102536e-01
1.121720599999999995e-07 4.678158302552790082e-01
1.121820699999999941e-07 1.126602899139147046e-01
1.121920799999999888e-07 -2.581614512613081280e-01
1.122020899999999967e-07 -5.933691297647544216e-01
1.122120999999999914e-07 -8.465435241431364943e-01
1.122221099999999993e-07 -9.825631654957571737e-01
1.122321199999999940e-07 -9.824911632030156605e-01
1.122421299999999886e-07 -8.462302004845539960e-01
1.122521399999999966e-07 -5.925709477701549543e-01
1.122621499999999912e-07 -2.566195660114287125e-01
1.122721599999999991e-07 1.150461775773727324e-01
1.122821699999999938e-07 4.708259145678041491e-01
1.122921799999999885e-07 7.612591359345858288e-01
1.123021899999999964e-07 9.459071497353985780e-01
1.123121999999999911e-07 9.989961788574831525e-01
1.123222099999999990e-07 9.130324042716243538e-01
1.123322199999999937e-07 6.998795221853266746e-01
1.123422300000000016e-07 3.891412561327868280e-01
1.123522399999999962e-07 2.406650706084787622e-02
1.123622499999999909e-07 -3.444588107624838025e-01
1.123722599999999988e-07 -6.650001916639834976e-01
1.123822699999999935e-07 -8.927564289239778850e-01
1.123922800000000014e-07 -9.958317283314356283e-01
1.124022899999999961e-07 -9.597185400959507007e-01
1.124122999999999908e-07 -7.893588629111347732e-01
1.124223099999999987e-07 -5.084885008273106743e-01
1.124323199999999933e-07 -1.563481984577727024e-01
1.124423300000000012e-07 2.177852278442327372e-01
1.124523399999999959e-07 5.614875058007046116e-01
1.124623499999999906e-07 8.265332833333702833e-01
1.124723599999999985e-07 9.756707409844405099e-01
1.124823699999999932e-07 9.878716572767236581e-01
1.124923800000000011e-07 8.613150302716908735e-01
1.125023899999999958e-07 6.136783532668869112e-01
1.125123999999999904e-07 2.796877802580325367e-01
1.125224099999999984e-07 -9.373609141030397884e-02
1.125324199999999930e-07 -4.540604778279717646e-01
1.125424300000000009e-07 -7.505286616356841023e-01
1.125524399999999956e-07 -9.413154609787339755e-01
1.125624499999999903e-07 -9.994403968068390487e-01
1.125724599999999982e-07 -9.166008308737141341e-01
1.125824699999999929e-07 -7.043780549120557399e-01
1.125924800000000008e-07 -3.926384168514886475e-01
1.126024899999999955e-07 -2.534727119252206534e-02
1.126124999999999901e-07 3.456199830611794144e-01
1.126225099999999980e-07 6.678002287279696247e-01
1.126325199999999927e-07 8.955654159158483729e-01
1.126425300000000006e-07 9.965951481827262093e-01
1.126525399999999953e-07 9.564794276692237807e-01
1.126625499999999900e-07 7.807937992057860654e-01
1.126725599999999979e-07 4.943453263132551179e-01
1.126825699999999926e-07 1.376882174073710552e-01
1.126925800000000005e-07 -2.386041447512947111e-01
1.127025899999999951e-07 -5.811036908726232575e-01
1.127125999999999898e-07 -8.411146973852305919e-01
1.127226099999999977e-07 -9.816058544232928451e-01
1.127326199999999924e-07 -9.824993612402530552e-01
1.127426300000000003e-07 -8.435595210766337892e-01
1.127526399999999950e-07 -5.844625735520618814e-01
1.127626499999999897e-07 -2.420296986249933502e-01
1.127726599999999976e-07 1.349905288578978624e-01
1.127826699999999922e-07 4.928531168311159338e-01
1.127926800000000001e-07 7.804769243327216444e-01
1.128026899999999948e-07 9.567426024555194530e-01
1.128126999999999895e-07 9.963846371322010453e-01
1.128227099999999974e-07 8.936313187677732417e-01
1.128327199999999921e-07 6.630656434171378066e-01
1.128427300000000000e-07 3.375759859548346231e-01
1.128527399999999947e-07 -3.631844919299656582e-02
1.128627499999999893e-07 -4.051054185341467218e-01
1.128727599999999972e-07 -7.159351022969567824e-01
1.128827699999999919e-07 -9.241985481100146727e-01
1.128927799999999998e-07 -9.999417375361637772e-01
1.129027899999999945e-07 -9.321913492611800800e-01
1.129127999999999892e-07 -7.305650461544155316e-01
1.129228099999999971e-07 -4.239271417200823899e-01
1.129328199999999918e-07 -5.627442727712601844e-02
1.129428299999999997e-07 3.195640511384648663e-01
1.129528399999999944e-07 6.495129190843802469e-01
1.129628499999999890e-07 8.860335928051029653e-01
1.129728599999999969e-07 9.949839881160816857e-01
1.129828699999999916e-07 9.605635119405816491e-01
1.129928799999999995e-07 7.876247833133902532e-01
1.130028899999999942e-07 5.010110242443436279e-01
1.130128999999999889e-07 1.420062631996817926e-01
1.130229099999999968e-07 -2.375972176299885885e-01
1.130329199999999915e-07 -5.829637363234853042e-01
1.130429299999999994e-07 -8.441364977343145393e-01
1.130529399999999940e-07 -9.832726418908780408e-01
1.130629499999999887e-07 -9.801419805773156080e-01
1.130729599999999966e-07 -8.350882321168894284e-01
1.130829699999999913e-07 -5.690164934111411332e-01
1.130929799999999992e-07 -2.204002793843952979e-01
1.131029899999999939e-07 1.602663075672819404e-01
1.131129999999999886e-07 5.177735521778682459e-01
1.131230099999999965e-07 8.002027235001765160e-01
1.131330199999999911e-07 9.664732986282581484e-01
1.131430299999999990e-07 9.923326651289492428e-01
1.131530399999999937e-07 8.739129292782465974e-01
1.131630499999999884e-07 6.283304531611709765e-01
1.131730599999999963e-07 2.912324337589195511e-01
1.131830699999999910e-07 -8.836087039277688848e-02
1.131930799999999989e-07 -4.551744359491814440e-01
1.132030899999999936e-07 -7.557251476372828236e-01
1.132131000000000015e-07 -9.461258139002943768e-01
1.132231099999999961e-07 -9.985069654961805652e-01
1.132331199999999908e-07 -9.051148650004189333e-01
1.132431299999999987e-07 -6.794804656090125405e-01
1.132531399999999934e-07 -3.544801415881081996e-01
1.132631500000000013e-07 2.243704705644642902e-02
1.132731599999999960e-07 3.961652944793175868e-01
1.132831699999999907e-07 7.119948713187869149e-01
1.132931799999999986e-07 9.236256150205531812e-01
1.133031899999999932e-07 9.999666897335243165e-01
1.133132000000000012e-07 9.297222298858497380e-01
1.133232099999999958e-07 7.230839197788632156e-01
1.133332199999999905e-07 4.102738942243048803e-01
1.133432299999999984e-07 3.714299601114506161e-02
1.133532399999999931e-07 -3.415372607846399733e-01
1.133632500000000010e-07 -6.701095188308204831e-01
1.133732599999999957e-07 -9.002142798897441178e-01
1.133832699999999904e-07 -9.979187131096352026e-01
1.133932799999999983e-07 -9.487380750648196637e-01
1.134032899999999929e-07 -7.598041401775282866e-01
1.134133000000000008e-07 -4.588530036057676398e-01
1.134233099999999955e-07 -9.017250806374263461e-02
1.134333199999999902e-07 2.919014487208253517e-01
1.134433299999999981e-07 6.309867076257316132e-01
1.134533399999999928e-07 8.769773015933646221e-01
1.134633500000000007e-07 9.934578139302354671e-01
1.134733599999999954e-07 9.631110253196536464e-01
1.134833699999999900e-07 7.903133695028715655e-01
1.134933799999999979e-07 5.005261830112796018e-01
1.135033899999999926e-07 1.365638357369309275e-01
1.135134000000000005e-07 -2.477172581976406773e-01
1.135234099999999952e-07 -5.953806816081994580e-01
1.135334199999999899e-07 -8.548471148937930586e-01
1.135434299999999978e-07 -9.875561008071734870e-01
1.135534399999999925e-07 -9.737129996174448410e-01
1.135634500000000004e-07 -8.152622416656406523e-01
1.135734599999999950e-07 -5.356372710142720539e-01
1.135834699999999897e-07 -1.763152780324336588e-01
1.135934799999999976e-07 2.093198195318799193e-01
1.136034899999999923e-07 5.639004244318837067e-01
1.136135000000000002e-07 8.346096662833680790e-01
1.136235099999999949e-07 9.810575114773824046e-01
1.136335199999999896e-07 9.813228164545648724e-01
1.136435299999999975e-07 8.352551581339949793e-01
1.136535399999999921e-07 5.645361081747753973e-01
1.136635500000000001e-07 2.094816984072012944e-01
1.136735599999999947e-07 -1.769455185225373151e-01
1.136835699999999894e-07 -5.370278807884181216e-01
1.136935799999999973e-07 -8.169130402527983170e-01
1.137035899999999920e-07 -9.746759877018141838e-01
1.137135999999999999e-07 -9.866145678402284958e-01
1.137236099999999946e-07 -8.508308732972753585e-01
1.137336199999999892e-07 -5.875543736528702210e-01
1.137436299999999972e-07 -2.361492104710888884e-01
1.137536399999999918e-07 1.507548390076106914e-01
1.137636499999999997e-07 5.151351976303417679e-01
1.137736599999999944e-07 8.022768912216038384e-01
1.137836699999999891e-07 9.689960919855796773e-01
1.137936799999999970e-07 9.901497138003140241e-01
1.138036899999999917e-07 8.624475644542618502e-01
1.138136999999999996e-07 6.049860683956866936e-01
1.138237099999999943e-07 2.564140617109604836e-01
1.138337199999999889e-07 -1.308519960768662060e-01
1.138437299999999968e-07 -4.985001462219250112e-01
1.138537399999999915e-07 -7.911016598789685217e-01
1.138637499999999994e-07 -9.644750130012917921e-01
1.138737599999999941e-07 -9.923719608516411439e-01
1.138837699999999888e-07 -8.704716921548749653e-01
1.138937799999999967e-07 -6.170722790390353873e-01
1.139037899999999914e-07 -2.703657137988610404e-01
1.139137999999999993e-07 1.173010140648132610e-01
1.139238099999999939e-07 4.873190972757260875e-01
1.139338199999999886e-07 7.836767666458904769e-01
1.139438299999999965e-07 9.614450957488446248e-01
1.139538399999999912e-07 9.936041286750199042e-01
1.139638499999999991e-07 8.751700321608725242e-01
1.139738599999999938e-07 6.239898587524667084e-01
1.139838699999999885e-07 2.780740479855650649e-01
1.139938799999999964e-07 -1.101380351662917950e-01
1.140038899999999910e-07 -4.817170966374937358e-01
1.140138999999999990e-07 -7.801871701918977609e-01
1.140239099999999936e-07 -9.601162220463324015e-01
1.140339200000000015e-07 -9.940463684895682883e-01
1.140439299999999962e-07 -8.767043688581921401e-01
1.140539399999999909e-07 -6.258437054944511191e-01
1.140639499999999988e-07 -2.795805988888270810e-01
1.140739599999999935e-07 1.093797351126393480e-01
1.140839700000000014e-07 4.817547323539814186e-01
1.140939799999999961e-07 7.807178555552655164e-01
1.141039899999999907e-07 9.605775528975541988e-01
1.141139999999999986e-07 9.937752668336844453e-01
1.141240099999999933e-07 8.751284714740005244e-01
1.141340200000000012e-07 6.226623932812347384e-01
1.141440299999999959e-07 2.748937286681131242e-01
1.141540399999999906e-07 -1.150277811115778537e-01
1.141640499999999985e-07 -4.874316019364934860e-01
1.141740599999999932e-07 -7.852559771673424116e-01
1.141840700000000011e-07 -9.627983253982023149e-01
1.141940799999999957e-07 -9.927435445898865618e-01
1.142040899999999904e-07 -8.703871208369302614e-01
1.142140999999999983e-07 -6.143970080127820754e-01
1.142241099999999930e-07 -2.639876854295699626e-01
1.142341200000000009e-07 1.270693041205745721e-01
1.142441299999999956e-07 4.986862890097034651e-01
1.142541399999999903e-07 7.936905316040008262e-01
1.142641499999999982e-07 9.666275739385256083e-01
1.142741599999999928e-07 9.907802400480208993e-01
1.142841700000000008e-07 8.623171090790594517e-01
1.142941799999999954e-07 6.009231470031429767e-01
1.143041899999999901e-07 2.468055342521879025e-01
1.143141999999999980e-07 -1.454733827508704336e-01
1.143242099999999927e-07 -5.153928499444021538e-01
1.143342200000000006e-07 -8.058095789398374009e-01
1.143442299999999953e-07 -9.717928206163872762e-01
1.143542399999999899e-07 -9.875914446679322500e-01
1.143642499999999979e-07 -8.506502919698719634e-01
1.143742599999999925e-07 -5.820461520434832003e-01
1.143842700000000004e-07 -2.232659962660865360e-01
1.143942799999999951e-07 1.701835600993583386e-01
1.144042899999999898e-07 5.373539025436001593e-01
1.144142999999999977e-07 8.212951764760729745e-01
1.144243099999999924e-07 9.778979556153672981e-01
1.144343200000000003e-07 9.827618395191100031e-01
1.144443299999999950e-07 8.350189281640774119e-01
1.144543399999999896e-07 5.575097512114866039e-01
1.144643499999999975e-07 1.932742705269959727e-01
1.144743599999999922e-07 -2.011064479774169189e-01
1.144843700000000001e-07 -5.642905094084682549e-01
1.144943799999999948e-07 -8.397163405663696789e-01
1.145043899999999895e-07 -9.844207072657129576e-01
1.145143999999999974e-07 -9.757574573994451939e-01
1.145244099999999921e-07 -8.149636858742177470e-01
1.145344200000000000e-07 -5.270083760159053332e-01
1.145444299999999946e-07 -1.567369347138654334e-01
1.145544399999999893e-07 2.380965256783922068e-01
1.145644499999999972e-07 5.958291668728550317e-01
1.145744599999999919e-07 8.605205168095081403e-01
1.145844699999999998e-07 9.907102851118033682e-01
1.145944799999999945e-07 9.659302676115200104e-01
1.146044899999999892e-07 7.899448287541204206e-01
1.146144999999999971e-07 4.902034884973982543e-01
1.146245099999999917e-07 1.135810133287895041e-01
1.146345199999999997e-07 -2.809373226181910432e-01
1.146445299999999943e-07 -6.314863541604550656e-01
1.146545399999999890e-07 -8.830242202181719513e-01
1.146645499999999969e-07 -9.959859674255716611e-01
1.146745599999999916e-07 -9.525253428126266853e-01
1.146845699999999995e-07 -7.593572009758630115e-01
1.146945799999999942e-07 -4.467442871800578752e-01
1.147045899999999888e-07 -6.377725523578953171e-02
1.147145999999999968e-07 3.293192953758417030e-01
1.147246099999999914e-07 6.706512730779740084e-01
1.147346199999999993e-07 9.064037072466566425e-01
1.147446299999999940e-07 9.993375946654620146e-01
1.147546399999999887e-07 9.346915133527975428e-01
1.147646499999999966e-07 7.225497064998364083e-01
1.147746599999999913e-07 3.962931497360128175e-01
1.147846699999999992e-07 7.367565020487739508e-03
1.147946799999999939e-07 -3.828148783188615178e-01
1.148046899999999885e-07 -7.125676204182586071e-01
1.148146999999999964e-07 -9.296867600543349264e-01
1.148247099999999911e-07 -9.997291166257343820e-01
1.148347199999999990e-07 -9.114965341502184737e-01
1.148447299999999937e-07 -6.788500069659797465e-01
1.148547399999999884e-07 -3.385561011325983749e-01
1.148647499999999963e-07 5.550362596321699316e-02
1.148747599999999910e-07 4.408514098563406924e-01
1.148847699999999989e-07 7.563154846985894464e-01
1.148947799999999935e-07 9.517468956247475687e-01
1.149047900000000014e-07 9.960065137172940952e-01
1.149147999999999961e-07 8.819478689990434273e-01
1.149248099999999908e-07 6.275951316242014411e-01
1.149348199999999987e-07 2.733184552916923526e-01
1.149448299999999934e-07 -1.245544927045696276e-01
1.149548400000000013e-07 -5.026829175306426478e-01
1.149648499999999960e-07 -8.007947432437014790e-01
1.149748599999999906e-07 -9.713015491555497816e-01
1.149848699999999986e-07 -9.869115575879088276e-01
1.149948799999999932e-07 -8.450202200546783615e-01
1.150048900000000011e-07 -5.681685842624695226e-01
1.150148999999999958e-07 -2.004855521309395761e-01
1.150249099999999905e-07 1.993282062890752160e-01
1.150349199999999984e-07 5.673620848410066975e-01
1.150449299999999931e-07 8.447116471070944543e-01
1.150549400000000010e-07 9.869160076053525854e-01
1.150649499999999957e-07 9.711029735473268865e-01
1.150749599999999903e-07 7.996908751263454018e-01
1.150849699999999982e-07 5.000443275131781773e-01
1.150949799999999929e-07 1.201281874529846194e-01
1.151049900000000008e-07 -2.791537247711265990e-01
1.151149999999999955e-07 -6.337141156526319152e-01
1.151250099999999902e-07 -8.865706054939749281e-01
1.151350199999999981e-07 -9.970150639517710855e-01
1.151450299999999928e-07 -9.471865919880416707e-01
1.151550400000000007e-07 -7.449837880657763645e-01
1.151650499999999953e-07 -4.228377051401929210e-01
1.151750599999999900e-07 -3.253190023779492512e-02
1.151850699999999979e-07 3.631066040886457569e-01
1.151950799999999926e-07 7.003146458748588099e-01
1.152050900000000005e-07 9.246734958746379851e-01
1.152150999999999952e-07 9.999044968729530192e-01
1.152251099999999899e-07 9.137559978949412187e-01
1.152351199999999978e-07 6.800230214621028058e-01
1.152451299999999924e-07 3.363629101158275292e-01
1.152551400000000003e-07 -6.175126498960527288e-02
1.152651499999999950e-07 -4.499719964101958625e-01
1.152751599999999897e-07 -7.654743052106879331e-01
1.152851699999999976e-07 -9.571290994079494352e-01
1.152951799999999923e-07 -9.938045179804270157e-01
1.153051900000000002e-07 -8.694449718787353731e-01
1.153151999999999949e-07 -6.040957390521781711e-01
1.153252099999999895e-07 -2.406960064888395701e-01
1.153352199999999974e-07 1.618505617929495710e-01
1.153452299999999921e-07 5.382126071406859724e-01
1.153552400000000000e-07 8.272329715896081792e-01
1.153652499999999947e-07 9.818754521672606872e-01
1.153752599999999894e-07 9.768972261032100590e-01
1.153852699999999973e-07 8.129926254333190716e-01
1.153952799999999920e-07 5.167243130223025949e-01
1.154052899999999999e-07 1.362417593101790392e-01
1.154152999999999946e-07 -2.665267101540767514e-01
1.154253099999999892e-07 -6.259450095106638967e-01
1.154353199999999971e-07 -8.833671420688583575e-01
1.154453299999999918e-07 -9.967179593431300111e-01
1.154553399999999997e-07 -9.473898164143785827e-01
1.154653499999999944e-07 -7.433215297887255657e-01
1.154753599999999891e-07 -4.177462899435830934e-01
1.154853699999999970e-07 -2.380162350091852286e-02
1.154953799999999917e-07 3.741280570740548872e-01
1.155053899999999996e-07 7.109283201115401685e-01
1.155153999999999942e-07 9.314141074650268415e-01
1.155254099999999889e-07 9.993859810592125026e-01
1.155354199999999968e-07 9.035947592907948023e-01
1.155454299999999915e-07 6.596282883585082857e-01
1.155554399999999994e-07 3.073999305476694532e-01
1.155654499999999941e-07 -9.536079028137993407e-02
1.155754599999999888e-07 -4.825572111098203609e-01
1.155854699999999967e-07 -7.905697551210920659e-01
1.155954799999999913e-07 -9.687166909396502934e-01
1.156054899999999992e-07 -9.876101965927904791e-01
1.156154999999999939e-07 -8.440273387552752471e-01
1.156255099999999886e-07 -5.614848835077378419e-01
1.156355199999999965e-07 -1.864118116932395319e-01
1.156455299999999912e-07 2.194615755896726916e-01
1.156555399999999991e-07 5.892534438074094050e-01
1.156655499999999938e-07 8.619519316459609559e-01
1.156755599999999884e-07 9.924921082842091957e-01
1.156855699999999963e-07 9.592223176120240336e-01
1.156955799999999910e-07 7.675197795083578134e-01
1.157055899999999989e-07 4.489477320285087947e-01
1.157155999999999936e-07 5.608158597727837258e-02
1.157256099999999883e-07 -3.461516600129086463e-01
1.157356199999999962e-07 -6.911968269232444673e-01
1.157456299999999909e-07 -9.218868496967896897e-01
1.157556399999999988e-07 -9.999279364493798283e-01
1.157656499999999934e-07 -9.122775831257495804e-01
1.157756600000000014e-07 -6.733496667061947827e-01
1.157856699999999960e-07 -3.226697281709672294e-01
1.157956799999999907e-07 8.164250165349236366e-02
1.158056899999999986e-07 4.724922119799273013e-01
1.158156999999999933e-07 7.849404968331026300e-01
1.158257100000000012e-07 9.670011706936119111e-01
1.158357199999999959e-07 9.883071419953980419e-01
1.158457299999999906e-07 8.451988745607382780e-01
1.158557399999999985e-07 5.613784712219970219e-01
1.158657499999999931e-07 1.840086906975932080e-01
1.158757600000000010e-07 -2.241052399291935393e-01
1.158857699999999957e-07 -5.949581842674048771e-01
1.158957799999999904e-07 -8.666774648863628805e-01
1.159057899999999983e-07 -9.938565721073706616e-01
1.159157999999999930e-07 -9.551625359318653974e-01
1.159258100000000009e-07 -7.569392088806127239e-01
1.159358199999999956e-07 -4.321937700907864111e-01
1.159458299999999902e-07 -3.512365756954077822e-02
1.159558399999999981e-07 3.679124783551607769e-01
1.159658499999999928e-07 7.094783300879720089e-01
1.159758600000000007e-07 9.323478648466764218e-01
1.159858699999999954e-07 9.991074805294857253e-01
1.159958799999999901e-07 8.984588212101752847e-01
1.160058899999999980e-07 6.471568104245966069e-01
1.160158999999999927e-07 2.872462824648159274e-01
1.160259100000000006e-07 -1.209514624222273876e-01
1.160359199999999952e-07 -5.089358438255425776e-01
1.160459299999999899e-07 -8.115199317121291056e-01
1.160559399999999978e-07 -9.777912785341053015e-01
1.160659499999999925e-07 -9.796962596606644258e-01
1.160759600000000004e-07 -8.167975586923185150e-01
1.160859699999999951e-07 -5.163939934959004274e-01
1.160959799999999898e-07 -1.289702737975360058e-01
1.161059899999999977e-07 2.802690598713931114e-01
1.161159999999999923e-07 6.423649043449706220e-01
1.161260100000000003e-07 8.962255982433553481e-01
1.161360199999999949e-07 9.989466498147779872e-01
1.161460299999999896e-07 9.330828851191166340e-01
1.161560399999999975e-07 7.096369315114681164e-01
1.161660499999999922e-07 3.662478459177120338e-01
1.161760600000000001e-07 -3.912656369584331661e-02
1.161860699999999948e-07 -4.379771699819844932e-01
1.161960799999999894e-07 -7.628171786545073774e-01
1.162060899999999974e-07 -9.586076005719000870e-01
1.162160999999999920e-07 -9.920991585311533800e-01
1.162261099999999999e-07 -8.575022664528241245e-01
1.162361199999999946e-07 -5.775142535592052706e-01
1.162461299999999893e-07 -1.995174155531334592e-01
1.162561399999999972e-07 2.124196681666735143e-01
1.162661499999999919e-07 5.883906853565195050e-01
1.162761599999999998e-07 8.645149188446076272e-01
1.162861699999999945e-07 9.938021227736825169e-01
1.162961799999999891e-07 9.541692147778189081e-01
1.163061899999999970e-07 7.522377608308969954e-01
1.163161999999999917e-07 4.222549670274794442e-01
1.163262099999999996e-07 2.030909357749287672e-02
1.163362199999999943e-07 -3.851877398019888377e-01
1.163462299999999890e-07 -7.251372741877224470e-01
1.163562399999999969e-07 -9.415347329387631081e-01
1.163662499999999916e-07 -9.973813827663875475e-01
1.163762599999999995e-07 -8.830334818607473713e-01
1.163862699999999941e-07 -6.178942654155252789e-01
1.163962799999999888e-07 -2.471477508413205404e-01
1.164062899999999967e-07 1.659204109235541402e-01
1.164162999999999914e-07 5.507135695970936107e-01
1.164263099999999993e-07 8.413884247771762359e-01
1.164363199999999940e-07 9.881316390844373521e-01
1.164463299999999887e-07 9.657157732393329974e-01
1.164563399999999966e-07 7.778617103570644176e-01
1.164663499999999912e-07 4.566489264884010524e-01
1.164763599999999992e-07 5.706179342984502717e-02
1.164863699999999938e-07 -3.524051789062035422e-01
1.164963799999999885e-07 -7.014809633750822560e-01
1.165063899999999964e-07 -9.301817239558318740e-01
1.165163999999999911e-07 -9.991329242707874814e-01
1.165264099999999990e-07 -8.963711075198459444e-01
1.165364199999999937e-07 -6.394465057551548259e-01
1.165464299999999883e-07 -2.724524795068856142e-01
1.165564399999999963e-07 1.415201246159900617e-01
1.165664499999999909e-07 5.312161960379587766e-01
1.165764599999999988e-07 8.294792648926919698e-01
1.165864699999999935e-07 9.848340254306975350e-01
1.165964799999999882e-07 9.703892489123161491e-01
1.166064899999999961e-07 7.885180333352600490e-01
1.166164999999999908e-07 4.704965014462690887e-01
1.166265099999999987e-07 7.115022271640078499e-02
1.166365199999999934e-07 -3.405796290264759274e-01
1.166465300000000013e-07 -6.935302263209732754e-01
1.166565399999999959e-07 -9.266205367528890235e-01
1.166665499999999906e-07 -9.994364967159605762e-01
1.166765599999999985e-07 -8.992610477360225563e-01
1.166865699999999932e-07 -6.433222528027198184e-01
1.166965800000000011e-07 -2.758575296094397111e-01
1.167065899999999958e-07 1.395105319625317419e-01
1.167165999999999905e-07 5.307766215312709202e-01
1.167266099999999984e-07 8.300330557346800031e-01
1.167366199999999930e-07 9.852652449909934385e-01
1.167466300000000010e-07 9.694118181082977959e-01
1.167566399999999956e-07 7.851079657719330918e-01
1.167666499999999903e-07 4.642761850696898729e-01
1.167766599999999982e-07 6.262224703827806715e-02
1.167866699999999929e-07 -3.500190483339465919e-01
1.167966800000000008e-07 -7.018183310116340445e-01
1.168066899999999955e-07 -9.314592154615992659e-01
1.168166999999999901e-07 -9.988403596925194972e-01
1.168267099999999981e-07 -8.921015397160607652e-01
1.168367199999999927e-07 -6.297387076151050866e-01
1.168467300000000006e-07 -2.574262312563776467e-01
1.168567399999999953e-07 1.599125804622286429e-01
1.168667499999999900e-07 5.494139125472865537e-01
1.168767599999999979e-07 8.429933944853139627e-01
1.168867699999999926e-07 9.892573179886643420e-01
1.168967800000000005e-07 9.625195467917896375e-01
1.169067899999999952e-07 7.673386768439944827e-01
1.169167999999999898e-07 4.377694938655997681e-01
1.169268099999999977e-07 3.144619275474272446e-02
1.169368199999999924e-07 -3.804790870967198479e-01
1.169468300000000003e-07 -7.257890348918503154e-01
1.169568399999999950e-07 -9.438670501853527739e-01
1.169668499999999897e-07 -9.963539838689299266e-01
1.169768599999999976e-07 -8.739194701544807931e-01
1.169868699999999923e-07 -5.979483747440174080e-01
1.169968800000000002e-07 -2.168328658124155095e-01
1.170068899999999948e-07 2.024918516460780804e-01
1.170168999999999895e-07 5.862914662219953499e-01
1.170269099999999974e-07 8.669977860392741320e-01
1.170369199999999921e-07 9.951155783886129758e-01
1.170469300000000000e-07 9.479708382269755873e-01
1.170569399999999947e-07 7.337505710324341290e-01
1.170669499999999894e-07 3.901096699688497704e-01
1.170769599999999973e-07 -2.242334245475719606e-02
1.170869699999999919e-07 -4.310912920885293098e-01
1.170969799999999999e-07 -7.637348927731267834e-01
1.171069899999999945e-07 -9.615406222674662828e-01
1.171169999999999892e-07 -9.894567370120234129e-01
1.171270099999999971e-07 -8.424296954945476035e-01
1.171370199999999918e-07 -5.463470226560777077e-01
1.171470299999999997e-07 -1.535061440585195058e-01
1.171570399999999944e-07 2.666025535080015496e-01
1.171670499999999890e-07 6.395776941845996433e-01
1.171770599999999970e-07 8.992850271492039971e-01
1.171870699999999916e-07 9.995973053943589814e-01
1.171970799999999995e-07 9.226096084168285971e-01
1.172070899999999942e-07 6.818630043325485390e-01
1.172170999999999889e-07 3.199913433908510574e-01
1.172271099999999968e-07 -9.880507680566143203e-02
1.172371199999999915e-07 -5.001345807763938334e-01
1.172471299999999994e-07 -8.126251486788175216e-01
1.172571399999999941e-07 -9.806259284463777481e-01
1.172671499999999887e-07 -9.741373186457660260e-01
1.172771599999999966e-07 -7.941943531683207658e-01
1.172871699999999913e-07 -4.727327227546184174e-01
1.172971799999999992e-07 -6.694718965939258637e-02
1.173071899999999939e-07 3.508657391053134345e-01
1.173171999999999886e-07 7.061804202437870215e-01
1.173272099999999965e-07 9.355394342590913626e-01
1.173372199999999912e-07 9.979023931310425644e-01
1.173472299999999991e-07 8.820138150941198019e-01
1.173572399999999937e-07 6.084630502238700389e-01
1.173672499999999884e-07 2.260543570433844185e-01
1.173772599999999963e-07 -1.968780336339997494e-01
1.173872699999999910e-07 -5.846683717058550611e-01
1.173972799999999989e-07 -8.678560666439687488e-01
1.174072899999999936e-07 -9.956389946572209437e-01
1.174172999999999883e-07 -9.450086971701621152e-01
1.174273099999999962e-07 -7.249209664593253555e-01
1.174373199999999908e-07 -3.747409765073398957e-01
1.174473299999999988e-07 4.277257810677401184e-02
1.174573399999999934e-07 4.526984846670167317e-01
1.174673500000000013e-07 7.813923151406216849e-01
1.174773599999999960e-07 9.697242415713068775e-01
1.174873699999999907e-07 9.837345433215486379e-01
1.174973799999999986e-07 8.207833597093805444e-01
1.175073899999999933e-07 5.100763929822679232e-01
1.175174000000000012e-07 1.074575848249548632e-01
1.175274099999999959e-07 -3.146077505410065922e-01
1.175374199999999905e-07 -6.800662465563600545e-01
1.175474299999999984e-07 -9.229838619076915496e-01
1.175574399999999931e-07 -9.994562733145683220e-01
1.175674500000000010e-07 -8.955681307621207177e-01
1.175774599999999957e-07 -6.299539817383282836e-01
1.175874699999999904e-07 -2.504845217133226387e-01
1.175974799999999983e-07 1.743378596475207709e-01
1.176074899999999930e-07 5.677318674961167044e-01
1.176175000000000009e-07 8.585133499234492982e-01
1.176275099999999955e-07 9.939871608713481965e-01
1.176375199999999902e-07 9.495180677007518666e-01
1.176475299999999981e-07 7.330385125946698999e-01
1.176575399999999928e-07 3.836634265866261106e-01
1.176675500000000007e-07 -3.535169350597279492e-02
1.176775599999999954e-07 -4.480463800475120717e-01
1.176875699999999901e-07 -7.795202165316421627e-01
1.176975799999999980e-07 -9.695338974176995750e-01
1.177075899999999926e-07 -9.834752465394792642e-01
1.177176000000000005e-07 -8.186905960009626115e-01
1.177276099999999952e-07 -5.050186150633019233e-01
1.177376199999999899e-07 -9.941480316606511602e-02
1.177476299999999978e-07 3.243700347276221030e-01
1.177576399999999925e-07 6.891905879185943329e-01
1.177676500000000004e-07 9.285538706139716547e-01
1.177776599999999951e-07 9.987538235031512279e-01
1.177876699999999897e-07 8.868764209056223535e-01
1.177976799999999977e-07 6.132046462902739359e-01
1.178076899999999923e-07 2.275702909589348566e-01
1.178177000000000002e-07 -1.996966469512403697e-01
1.178277099999999949e-07 -5.905814272134670695e-01
1.178377199999999896e-07 -8.736288115967607570e-01
1.178477299999999975e-07 -9.970174457861095130e-01
1.178577399999999922e-07 -9.380699547239640390e-01
1.178677500000000001e-07 -7.074494367075546686e-01
1.178777599999999948e-07 -3.472606485878858007e-01
1.178877699999999894e-07 7.661169875895101899e-02
1.178977799999999973e-07 4.865380665033184893e-01
1.179077899999999920e-07 8.073572185514358290e-01
1.179177999999999999e-07 9.801659029319534921e-01
1.179278099999999946e-07 9.731535777886602956e-01
1.179378199999999893e-07 7.874856249960555665e-01
1.179478299999999972e-07 4.571420019351876141e-01
1.179578399999999919e-07 4.272575617778421458e-02
1.179678499999999998e-07 -3.796355401196698787e-01
1.179778599999999944e-07 -7.322664959635528659e-01
1.179878699999999891e-07 -9.502341591114041863e-01
1.179978799999999970e-07 -9.933218800409631122e-01
1.180078899999999917e-07 -8.534756414354298659e-01
1.180178999999999996e-07 -5.563393930613704796e-01
1.180279099999999943e-07 -1.565814967189882168e-01
1.180379199999999890e-07 2.721413790358738205e-01
1.180479299999999969e-07 6.507445769133278768e-01
1.180579399999999915e-07 9.093056050365924126e-01
1.180679499999999994e-07 9.999921418609137858e-01
1.180779599999999941e-07 9.059350251958621092e-01
1.180879699999999888e-07 6.443958421065767439e-01
1.180979799999999967e-07 2.636289909956414101e-01
1.181079899999999914e-07 -1.659970179498806708e-01
1.181179999999999993e-07 -5.649899146579010489e-01
1.181280099999999940e-07 -8.594402779630554434e-01
1.181380199999999886e-07 -9.947239144032032909e-01
1.181480299999999965e-07 -9.456575986290187696e-01
1.181580399999999912e-07 -7.212159445441335137e-01
1.181680499999999991e-07 -3.629206538448065400e-01
1.181780599999999938e-07 6.281472956407123387e-02
1.181880699999999885e-07 4.769781172305508909e-01
1.181980799999999964e-07 8.026179287585910593e-01
1.182080899999999911e-07 9.791491460065363528e-01
1.182180999999999990e-07 9.736452079852350172e-01
1.182281099999999937e-07 7.870074660664343469e-01
1.182381199999999883e-07 4.538510995214120047e-01
1.182481299999999962e-07 3.611302008662613250e-02
1.182581399999999909e-07 -3.884431218832928301e-01
1.182681499999999988e-07 -7.406951597735430548e-01
1.182781599999999935e-07 -9.549134899654871944e-01
1.182881699999999882e-07 -9.910439168618071504e-01
1.182981799999999961e-07 -8.422237030874993868e-01
1.183081899999999908e-07 -5.361155321545884034e-01
1.183181999999999987e-07 -1.297947591501398268e-01
1.183282099999999933e-07 3.008706263209061094e-01
1.183382200000000012e-07 6.753753983867616384e-01
1.183482299999999959e-07 9.236287801945176623e-01
1.183582399999999906e-07 9.990878181032235572e-01
1.183682499999999985e-07 8.875087102342551493e-01
1.183782599999999932e-07 6.096659154925107016e-01
1.183882700000000011e-07 2.175144481319285783e-01
1.183982799999999958e-07 -2.155014706631366295e-01
1.184082899999999904e-07 -6.081901837667547106e-01
1.184182999999999983e-07 -8.868361690547503784e-01
1.184283099999999930e-07 -9.990510248314571351e-01
1.184383200000000009e-07 -9.236468862603718355e-01
1.184483299999999956e-07 -6.746670532198636439e-01
1.184583399999999903e-07 -2.988015494078749557e-01
1.184683499999999982e-07 1.333427592016340202e-01
1.184783599999999929e-07 5.404901002557481737e-01
1.184883700000000008e-07 8.459790722338237368e-01
1.184983799999999954e-07 9.922079145500500852e-01
1.185083899999999901e-07 9.515178745315410191e-01
1.185183999999999980e-07 7.314542209769412384e-01
1.185284099999999927e-07 3.733987460585442286e-01
1.185384200000000006e-07 -5.518468900256903037e-02
1.185484299999999953e-07 -4.734436607489552196e-01
1.185584399999999900e-07 -8.023848408322118431e-01
1.185684499999999979e-07 -9.798013270534264851e-01
1.185784599999999925e-07 -9.720572824923773281e-01
1.185884700000000005e-07 -7.804935416740553800e-01
1.185984799999999951e-07 -4.412289578548739266e-01
1.186084899999999898e-07 -1.837871734398712625e-02
1.186184999999999977e-07 4.080424996897633050e-01
1.186285099999999924e-07 7.572539602351712196e-01
1.186385200000000003e-07 9.630181472216019500e-01
1.186485299999999950e-07 9.862233581146808703e-01
1.186585399999999897e-07 8.223458994513261899e-01
1.186685499999999976e-07 5.023629455955321843e-01
1.186785599999999922e-07 8.692652039603573910e-02
1.186885700000000001e-07 -3.451113525724438524e-01
1.186985799999999948e-07 -7.116555381212236187e-01
1.187085899999999895e-07 -9.429715246273190354e-01
1.187185999999999974e-07 -9.949694768272355772e-01
1.187286099999999921e-07 -8.576348510950311255e-01
1.187386200000000000e-07 -5.569884665931051915e-01
1.187486299999999947e-07 -1.501866956155792354e-01
1.187586399999999893e-07 2.853214552737134979e-01
1.187686499999999972e-07 6.665278702136046007e-01
1.187786599999999919e-07 9.206888786927260870e-01
1.187886699999999998e-07 9.992220828566533708e-01
1.187986799999999945e-07 8.870187183066101655e-01
1.188086899999999892e-07 6.053816531331037698e-01
1.188186999999999971e-07 2.080119142891400097e-01
1.188287099999999918e-07 -2.292061739657740016e-01
1.188387199999999997e-07 -6.226829441762606887e-01
1.188487299999999943e-07 -8.971047961919542679e-01
1.188587399999999890e-07 -9.998635851680142128e-01
1.188687499999999969e-07 -9.111668277532818383e-01
1.188787599999999916e-07 -6.478810369996441665e-01
1.188887699999999995e-07 -2.603560631041466622e-01
1.188987799999999942e-07 1.771778603673921371e-01
1.189087899999999889e-07 5.808138437914391883e-01
1.189187999999999968e-07 8.730579331990310221e-01
1.189288099999999914e-07 9.977196201809993559e-01
1.189388199999999994e-07 9.307397036542102153e-01
1.189488299999999940e-07 6.848644380469374182e-01
1.189588399999999887e-07 3.072520811255376461e-01
1.189688499999999966e-07 -1.295451067169449966e-01
1.189788599999999913e-07 -5.415041343111930416e-01
1.189888699999999992e-07 -8.492910734697425301e-01
1.189988799999999939e-07 -9.935500509285688508e-01
1.190088899999999885e-07 -9.463729036386843152e-01
1.190188999999999965e-07 -7.167287720548101149e-01
1.190289099999999911e-07 -3.487915117370710139e-01
1.190389199999999990e-07 8.652974235483203158e-02
1.190489299999999937e-07 5.052384352870551432e-01
1.190589399999999884e-07 8.264535587369811198e-01
1.190689499999999963e-07 9.880430656022989311e-01
1.190789599999999910e-07 9.586641158970979903e-01
1.190889699999999989e-07 7.438727098589424935e-01
1.190989799999999936e-07 3.851060168045268850e-01
1.191089899999999882e-07 -4.828306401767010897e-02
1.191189999999999961e-07 -4.724135114156299831e-01
1.191290099999999908e-07 -8.051053843428542800e-01
1.191390199999999987e-07 -9.818117586939252295e-01
1.191490299999999934e-07 -9.681630972830833626e-01
1.191590400000000013e-07 -7.666820319267277917e-01
1.191690499999999960e-07 -4.163509803516443619e-01
1.191790599999999907e-07 1.490092202463367925e-02
1.191890699999999986e-07 4.433493293227658838e-01
1.191990799999999932e-07 7.857223387335813269e-01
1.192090900000000012e-07 9.753926175683599320e-01
1.192190999999999958e-07 9.753640213647323254e-01
1.192291099999999905e-07 7.855174656393719701e-01
1.192391199999999852e-07 4.426912376149534367e-01
1.192491300000000063e-07 1.356260665800872178e-02
1.192591400000000010e-07 -4.182996350400632890e-01
1.192691499999999957e-07 -7.687016520394258645e-01
1.192791599999999903e-07 -9.692453899328424827e-01
1.192891699999999850e-07 -9.806998164518972994e-01
1.192991800000000062e-07 -8.007047618195850536e-01
1.193091900000000008e-07 -4.642888998364648190e-01
1.193191999999999955e-07 -3.708313977109232995e-02
1.193292099999999902e-07 3.974617010712050424e-01
1.193392199999999849e-07 7.543677032851715536e-01
1.193492300000000060e-07 9.637538682356268094e-01
1.193592400000000007e-07 9.845381010863399895e-01
1.193692499999999954e-07 8.125267579941322094e-01
1.193792599999999900e-07 4.812932024841572454e-01
1.193892699999999847e-07 5.565561896740880282e-02
1.193992800000000059e-07 -3.809849725943215137e-01
1.194092900000000005e-07 -7.429774151176858910e-01
1.194192999999999952e-07 -9.592271916819378186e-01
1.194293099999999899e-07 -9.871783639690189238e-01
1.194393199999999845e-07 -8.212171843052190612e-01
1.194493300000000057e-07 -4.938322814574156450e-01
1.194593400000000004e-07 -6.928571047062248578e-02
1.194693499999999950e-07 3.689784096961220561e-01
1.194793599999999897e-07 7.347250378922943748e-01
1.194893699999999844e-07 9.559013325540649531e-01
1.194993800000000055e-07 9.888500832739085533e-01
1.195093900000000002e-07 8.269559901564591531e-01
1.195193999999999949e-07 5.020067749656457190e-01
1.195294099999999896e-07 7.798300664088492207e-02
1.195394199999999842e-07 -3.615163775756715103e-01
1.195494300000000054e-07 -7.297460910558490887e-01
1.195594400000000001e-07 -9.539404990912534466e-01
1.195694499999999947e-07 -9.897115339954212221e-01
1.195794599999999894e-07 -8.298660023527227869e-01
1.195894699999999841e-07 -5.058851550023359955e-01
1.195994800000000052e-07 -8.175603689487846715e-02
1.196094899999999999e-07 3.586429809331417307e-01
1.196194999999999946e-07 7.281202893113083441e-01
1.196295099999999892e-07 9.534382513565711204e-01
1.196395199999999839e-07 9.898490893662383883e-01
1.196495300000000051e-07 8.300107659233590951e-01
1.196595399999999997e-07 5.055007086625634694e-01
1.196695499999999944e-07 8.060908584271854471e-02
1.196795599999999891e-07 -3.603747742515912567e-01
1.196895699999999838e-07 -7.298733349507262602e-01
1.196995800000000049e-07 -9.544181889905218874e-01
1.197095899999999996e-07 -9.892768820010990893e-01
1.197195999999999943e-07 -8.273934646623758438e-01
1.197296099999999889e-07 -5.008501132001529355e-01
1.197396199999999836e-07 -7.454081358391249912e-02
1.197496300000000047e-07 3.667018086333573845e-01
1.197596399999999994e-07 7.349775073269626535e-01
1.197696499999999941e-07 9.568341306992516060e-01
1.197796599999999888e-07 9.879367512894935421e-01
1.197896699999999834e-07 8.219568677085417052e-01
1.197996800000000046e-07 4.918935770601811086e-01
1.198096899999999993e-07 6.354467507113646663e-02
1.198196999999999939e-07 -3.775870006653542776e-01
1.198297099999999886e-07 -7.433510273329047013e-01
1.198397199999999833e-07 -9.605697652915522466e-01
1.198497300000000044e-07 -9.856984650047800889e-01
1.198597399999999991e-07 -8.135842994683148977e-01
1.198697499999999938e-07 -4.785565496759679460e-01
1.198797599999999885e-07 -4.761113954018868222e-02
1.198897699999999831e-07 3.929638320257374251e-01
1.198997800000000043e-07 7.548562207602981244e-01
1.199097899999999990e-07 9.654378137788521830e-01
1.199197999999999936e-07 9.823602646298741359e-01
1.199298099999999883e-07 8.021016812498996673e-01
1.199398199999999830e-07 4.607330331388279632e-01
1.199498300000000041e-07 2.673171444258027815e-02
1.199598399999999988e-07 -4.127324127313111157e-01
1.199698499999999935e-07 -7.692965513784761900e-01
1.199798599999999881e-07 -9.711788022626128836e-01
1.199898699999999828e-07 -9.776498450587469691e-01
1.199998800000000040e-07 -7.872807425218707467e-01
1.200098899999999986e-07 -4.382905565437417161e-01
1.200198999999999933e-07 -9.047783597000650518e-04
1.200299099999999880e-07 4.367539686172326463e-01
1.200399199999999827e-07 7.864126442887280355e-01
1.200499300000000038e-07 9.774596067318844783e-01
1.200599399999999985e-07 9.712259395372595527e-01
1.200699499999999932e-07 7.688435460059788173e-01
1.200799599999999878e-07 4.110768963218087158e-01
1.200899699999999825e-07 -2.985677878200497168e-02
1.200999800000000036e-07 -4.648438472950226497e-01
1.201099899999999983e-07 -8.058774742072883912e-01
1.201199999999999930e-07 -9.838719939150476490e-01
1.201300099999999877e-07 -9.626807391107693457e-01
1.201400199999999823e-07 -7.464685119120429979e-01
1.201500300000000035e-07 -3.789286406045436206e-01
1.201600399999999982e-07 6.551612497297075455e-02
1.201700499999999928e-07 4.967631787362921658e-01
1.201800599999999875e-07 8.272909531079156720e-01
1.201900699999999822e-07 9.899314470151295842e-01
1.202000800000000033e-07 9.515434311962255309e-01
1.202100899999999980e-07 7.197981602383718425e-01
1.202200999999999927e-07 3.416816997425230484e-01
1.202301099999999874e-07 -1.060013084370928643e-01
1.202401199999999820e-07 -5.322093788400084069e-01
1.202501300000000032e-07 -8.501742180111097058e-01
1.202601399999999979e-07 -9.950766310092682421e-01
1.202701499999999925e-07 -9.372851923930715090e-01
1.202801599999999872e-07 -6.884488134775099688e-01
1.202901699999999819e-07 -2.991838555451886150e-01
1.203001800000000030e-07 1.511924177440803763e-01
1.203101899999999977e-07 5.708057485239228512e-01
1.203201999999999924e-07 8.739639929101902238e-01
1.203302099999999870e-07 9.986699179925088155e-01
1.203402199999999817e-07 9.193260138296270867e-01
1.203502300000000029e-07 6.520225121083996767e-01
1.203602399999999975e-07 2.513094153899769201e-01
1.203702499999999922e-07 -2.009072224205558088e-01
1.203802599999999869e-07 -6.120904981686696722e-01
1.203902699999999816e-07 -8.980074783962435081e-01
1.204002800000000027e-07 -9.999994567322444405e-01
1.204102899999999974e-07 -8.970437699801991904e-01
1.204202999999999921e-07 -6.101213882260524413e-01
1.204303099999999867e-07 -1.979759907949765196e-01
1.204403199999999814e-07 2.548855136980917035e-01
1.204503300000000025e-07 6.555056180842551150e-01
1.204603399999999972e-07 9.215583070029664814e-01
1.204703499999999919e-07 9.982833290769238532e-01
1.204803599999999866e-07 8.697859599151559484e-01
1.204903700000000077e-07 5.623647144341599180e-01
1.205003800000000024e-07 1.391633500854816408e-01
1.205103899999999971e-07 -3.127724624828627231e-01
1.205203999999999917e-07 -7.003861194865517170e-01
1.205304099999999864e-07 -9.437741890132190781e-01
1.205404200000000076e-07 -9.926763849035654674e-01
1.205504300000000022e-07 -8.368845484448184102e-01
1.205604399999999969e-07 -5.084087911841194130e-01
1.205704499999999916e-07 -7.493419837398361538e-02
1.205804599999999863e-07 3.741014304005815250e-01
1.205904700000000074e-07 7.459502855231423535e-01
1.206004800000000021e-07 9.637169584145417467e-01
1.206104899999999967e-07 9.822803814094271946e-01
1.206204999999999914e-07 7.976743078410513110e-01
1.206305099999999861e-07 4.479697513970965495e-01
1.206405200000000072e-07 5.456612741504471981e-03
1.206505300000000019e-07 -4.382768094849325835e-01
1.206605399999999966e-07 -7.912916948660009275e-01
1.206705499999999913e-07 -9.803558062314490229e-01
1.206805599999999859e-07 -9.661580649851521096e-01
1.206905700000000071e-07 -7.515150023528684997e-01
1.207005800000000018e-07 -3.808492418802923440e-01
1.207105899999999964e-07 6.897229538918343839e-02
1.207205999999999911e-07 5.045576248297484190e-01
1.207306099999999858e-07 8.353739061549242395e-01
1.207406200000000069e-07 9.925745512416285221e-01
1.207506300000000016e-07 9.433518166229326596e-01
1.207606399999999963e-07 6.978176606905401869e-01
1.207706499999999910e-07 3.069627826316125851e-01
1.207806599999999856e-07 -1.479021053695872556e-01
1.207906700000000068e-07 -5.720428084670324820e-01
1.208006800000000014e-07 -8.770288128419116980e-01
1.208106899999999961e-07 -9.991838368786069013e-01
1.208206999999999908e-07 -9.129074256849619706e-01
1.208307099999999855e-07 -6.360750390852987213e-01
1.208407200000000066e-07 -2.263704045496814365e-01
1.208507300000000013e-07 2.307050303863280860e-01
1.208607399999999960e-07 6.396592355611039338e-01
1.208707499999999906e-07 9.149597850507313890e-01
1.208807599999999853e-07 9.989391468847790279e-01
1.208907700000000065e-07 8.739034519492502318e-01
1.209007800000000011e-07 5.658961829424271617e-01
1.209107899999999958e-07 1.393089219182151728e-01
1.209207999999999905e-07 -3.165531495447881927e-01
1.209308099999999852e-07 -7.061537965065406430e-01
1.209408200000000063e-07 -9.477507956368146358e-01
1.209508300000000010e-07 -9.905654882886928414e-01
1.209608399999999956e-07 -8.254864718950652991e-01
1.209708499999999903e-07 -4.870447431490222967e-01
1.209808599999999850e-07 -4.622490933718639144e-02
1.209908700000000061e-07 4.043982580551597761e-01
1.210008800000000008e-07 7.700909481789274258e-01
1.210108899999999955e-07 9.738827667723120030e-01
1.210208999999999902e-07 9.727894844954838582e-01
1.210309099999999848e-07 7.669122723025930677e-01
1.210409200000000060e-07 3.994803905080113182e-01
1.210509300000000007e-07 -5.219287203457035479e-02
1.210609399999999953e-07 -4.929559285316076900e-01
1.210709499999999900e-07 -8.298573282434256182e-01
1.210809599999999847e-07 -9.917583536863968652e-01
1.210909700000000058e-07 -9.443794389720482352e-01
1.211009800000000005e-07 -6.975927438778931622e-01
1.211109899999999952e-07 -3.034022984064288497e-01
1.211209999999999899e-07 1.549832083210752887e-01
1.211310099999999845e-07 5.806956303427899257e-01
1.211410200000000057e-07 8.836751081881220049e-01
1.211510300000000003e-07 9.997362842101723546e-01
1.211610399999999950e-07 9.041936566765216288e-01
1.211710499999999897e-07 6.171478337594050734e-01
1.211810599999999844e-07 1.992932339861316071e-01
1.211910700000000055e-07 -2.608863058471620477e-01
1.212010800000000002e-07 -6.658389767809828053e-01
1.212110899999999949e-07 -9.296257800834351048e-01
1.212210999999999895e-07 -9.961761758215975648e-01
1.212311099999999842e-07 -8.512369330412866697e-01
1.212411200000000054e-07 -5.254614365100208628e-01
1.212511300000000000e-07 -8.796232183134958249e-02
1.212611399999999947e-07 3.683241467982970030e-01
1.212711499999999894e-07 7.463683352692321860e-01
1.212811599999999841e-07 9.656859924119132188e-01
1.212911700000000052e-07 9.794944352433303525e-01
1.213011799999999999e-07 7.847246291729582657e-01
1.213111899999999945e-07 4.227395423938112851e-01
1.213211999999999892e-07 -2.941596120369106143e-02
1.213312099999999839e-07 -4.753900037072226747e-01
1.213412200000000050e-07 -8.200481123398144501e-01
1.213512299999999997e-07 -9.897768430376503446e-01
1.213612399999999944e-07 -9.482313903159088619e-01
1.213712499999999891e-07 -7.041531424262132965e-01
1.213812599999999837e-07 -3.095683310122325782e-01
1.213912700000000049e-07 1.512695101049352786e-01
1.214012799999999996e-07 5.798500542921443124e-01
1.214112899999999942e-07 8.844609767300534164e-01
1.214212999999999889e-07 9.998276734556642564e-01
1.214313099999999836e-07 9.011291948348785219e-01
1.214413200000000047e-07 6.093748567473175060e-01
1.214513299999999994e-07 1.869692190451330838e-01
1.214613399999999941e-07 -2.756064613724252821e-01
1.214713499999999887e-07 -6.791601946043464011e-01
1.214813599999999834e-07 -9.370610714504550298e-01
1.214913700000000046e-07 -9.938548607914163835e-01
1.215013799999999992e-07 -8.372192760894366925e-01
1.215113899999999939e-07 -5.006748306151529437e-01
1.215213999999999886e-07 -5.644717589262952112e-02
1.215314099999999833e-07 4.000070335312411185e-01
1.215414200000000044e-07 7.705011473768391683e-01
1.215514299999999991e-07 9.752458489926868479e-01
1.215614399999999938e-07 9.700553505258419085e-01
1.215714499999999884e-07 7.559171639038211321e-01
1.215814599999999831e-07 3.788455785931260089e-01
1.215914700000000043e-07 -7.997204340128580280e-02
1.216014799999999989e-07 -5.216334285777964874e-01
1.216114899999999936e-07 -8.508347507429390166e-01
1.216214999999999883e-07 -9.964475050233690956e-01
1.216315099999999830e-07 -9.269137004470380248e-01
1.216415200000000041e-07 -6.571214648104792833e-01
1.216515299999999988e-07 -2.452553677794107045e-01
1.216615399999999934e-07 2.197206721715684041e-01
1.216715499999999881e-07 6.372619504543378666e-01
1.216815599999999828e-07 9.169838352761833233e-01
1.216915700000000039e-07 9.982440535203057630e-01
1.217015799999999986e-07 8.633202151738544883e-01
1.217115899999999933e-07 5.413125590289756817e-01
1.217215999999999880e-07 1.019045430985525413e-01
1.217316099999999826e-07 -3.596890458147886660e-01
1.217416200000000038e-07 -7.433412921160740261e-01
1.217516299999999985e-07 -9.657373023675162038e-01
1.217616399999999931e-07 -9.784888606239457998e-01
1.217716499999999878e-07 -7.786963596277456379e-01
1.217816599999999825e-07 -4.096453559444033776e-01
1.217916700000000036e-07 4.853640505948956380e-02
1.218016799999999983e-07 4.962525443482739829e-01
1.218116899999999930e-07 8.360803934929661452e-01
1.218216999999999876e-07 9.939808605759342663e-01
1.218317099999999823e-07 9.354559338519596867e-01
1.218417200000000035e-07 6.731220917412776839e-01
1.218517299999999981e-07 2.640292248770454431e-01
1.218617399999999928e-07 -2.027139122199600463e-01
1.218717499999999875e-07 -6.253306615412796976e-01
1.218817599999999822e-07 -9.115683077104498322e-01
1.218917700000000033e-07 -9.988523306901454513e-01
1.219017799999999980e-07 -8.679964710355335678e-01
1.219117899999999927e-07 -5.474581209799348480e-01
1.219217999999999873e-07 -1.071871272401080377e-01
1.219318099999999820e-07 3.566107052100627173e-01
1.219418200000000032e-07 7.424828590882694979e-01
1.219518299999999978e-07 9.659270727901388964e-01
1.219618399999999925e-07 9.779184911030702754e-01
1.219718499999999872e-07 7.757001648348799128e-01
1.219818599999999819e-07 4.034544842098274908e-01
1.219918700000000030e-07 -5.731485540580061322e-02
1.220018799999999977e-07 -5.056044408732834894e-01
1.220118899999999923e-07 -8.430446823747922425e-01
1.220218999999999870e-07 -9.954966323840261921e-01
1.220319099999999817e-07 -9.293681326739456905e-01
1.220419200000000028e-07 -6.590526282203269526e-01
1.220519299999999975e-07 -2.438353733505360110e-01
1.220619399999999922e-07 2.250768217138301441e-01
1.220719499999999869e-07 6.445718398770807767e-01
1.220819599999999815e-07 9.223058102519312573e-01
1.220919700000000027e-07 9.970483765873703330e-01
1.221019799999999974e-07 8.522133998949147360e-01
1.221119899999999920e-07 5.195781921666713377e-01
1.221219999999999867e-07 7.234902376426606552e-02
1.221320099999999814e-07 -3.909222399674356363e-01
1.221420200000000025e-07 -7.680430721768247704e-01
1.221520299999999972e-07 -9.757292346174968323e-01
1.221620399999999919e-07 -9.680209228776167629e-01
1.221720499999999865e-07 -7.464887384249645486e-01
1.221820600000000077e-07 -3.599554139405351516e-01
1.221920700000000024e-07 1.062291181164663478e-01
1.222020799999999970e-07 5.490111660963403750e-01
1.222120899999999917e-07 8.704088739155856347e-01
1.222220999999999864e-07 9.992076111958275719e-01
1.222321100000000075e-07 9.067684266471953691e-01
1.222421200000000022e-07 6.134340323109280790e-01
1.222521299999999969e-07 1.840911530050416411e-01
1.222621399999999916e-07 -2.861515610199105719e-01
1.222721499999999862e-07 -6.930157870538239395e-01
1.222821600000000074e-07 -9.461797237655906745e-01
1.222921700000000021e-07 -9.893490475157882269e-01
1.223021799999999967e-07 -8.128081695731349532e-01
1.223121899999999914e-07 -4.556460435913605167e-01
1.223221999999999861e-07 2.861709736908128743e-03
1.223322100000000072e-07 4.608227261758994220e-01
1.223422200000000019e-07 8.163616889111405817e-01
1.223522299999999966e-07 9.902923782987351764e-01
1.223622399999999912e-07 9.437803335146637274e-01
1.223722499999999859e-07 6.870506693352719241e-01
1.223822600000000071e-07 2.771803674191153366e-01
1.223922700000000017e-07 -1.945576216946405812e-01
1.224022799999999964e-07 -6.229997981985851974e-01
1.224122899999999911e-07 -9.125342207227327140e-01
1.224222999999999858e-07 -9.984542438337619119e-01
1.224323100000000069e-07 -8.614511038404784049e-01
1.224423200000000016e-07 -5.319924139434550892e-01
1.224523299999999963e-07 -8.358514051089521724e-02
1.224623399999999909e-07 3.835959886796063145e-01
1.224723499999999856e-07 7.650748522451250588e-01
1.224823600000000067e-07 9.754441749911235693e-01
1.224923700000000014e-07 9.675106356751989045e-01
1.225023799999999961e-07 7.429179814222661715e-01
1.225123899999999908e-07 3.518489514066093227e-01
1.225223999999999854e-07 -1.181519290586864890e-01
1.225324100000000066e-07 -5.617532387194283938e-01
1.225424200000000013e-07 -8.794374695811111309e-01
1.225524299999999959e-07 -9.998408575431224632e-01
1.225624399999999906e-07 -8.958142586045976241e-01
1.225724499999999853e-07 -5.905838265206982962e-01
1.225824600000000064e-07 -1.526049228576365768e-01
1.225924700000000011e-07 3.197596286553484046e-01
1.226024799999999958e-07 7.203146571104369622e-01
1.226124899999999905e-07 9.589104639855505763e-01
1.226224999999999851e-07 9.817537408729897219e-01
1.226325100000000063e-07 7.835706838448308620e-01
1.226425200000000010e-07 4.088643360529980453e-01
1.226525299999999956e-07 -5.804179378302892073e-02
1.226625399999999903e-07 -5.119547916865324622e-01
1.226725499999999850e-07 -8.505046685451829180e-01
1.226825600000000061e-07 -9.972435211186316817e-01
1.226925700000000008e-07 -9.189367172769551395e-01
1.227025799999999955e-07 -6.331287800718923275e-01
1.227125899999999901e-07 -2.042530055774363640e-01
1.227225999999999848e-07 2.708618849153192065e-01
1.227326100000000060e-07 6.848354378045162782e-01
1.227426200000000006e-07 9.440058098400845310e-01
1.227526299999999953e-07 9.896408816634072458e-01
1.227626399999999900e-07 8.112820979026788004e-01
1.227726499999999847e-07 4.491816777262664928e-01
1.227826600000000058e-07 -1.474349174525802636e-02
1.227926700000000005e-07 -4.754170226149569967e-01
1.228026799999999952e-07 -8.283930025206113212e-01
1.228126899999999898e-07 -9.935467213063186032e-01
1.228226999999999845e-07 -9.332902722276888996e-01
1.228327100000000056e-07 -6.611657153723570213e-01
1.228427200000000003e-07 -2.388426822931578042e-01
1.228527299999999950e-07 2.378235473468638117e-01
1.228627399999999897e-07 6.605293418104419834e-01
1.228727499999999843e-07 9.331303767558275508e-01
1.228827600000000055e-07 9.935286276909021108e-01
1.228927700000000002e-07 8.278519242643035403e-01
1.229027799999999948e-07 4.736806923437505978e-01
1.229127899999999895e-07 1.156239326995482826e-02
1.229227999999999842e-07 -4.532792715511396175e-01
1.229328100000000053e-07 -8.148932775294731590e-01
1.229428200000000000e-07 -9.907599618274239850e-01
1.229528299999999947e-07 -9.406488020957283203e-01
1.229628399999999894e-07 -6.758597447903182953e-01
1.229728499999999840e-07 -2.567166261566394270e-01
1.229828600000000052e-07 2.211411519980248375e-01
1.229928699999999998e-07 6.485615039029122286e-01
1.230028799999999945e-07 9.278113217395057566e-01
1.230128899999999892e-07 9.949424665464968731e-01
1.230228999999999839e-07 8.344695095290001197e-01
1.230329100000000050e-07 4.829826930752798564e-01
1.230429199999999997e-07 2.084408855866909036e-02
1.230529299999999944e-07 -4.461576737080703015e-01
1.230629399999999890e-07 -8.110127355040355202e-01
1.230729499999999837e-07 -9.900195622789242922e-01
1.230829600000000049e-07 -9.420138598623944981e-01
1.230929699999999995e-07 -6.778732562078420010e-01
1.231029799999999942e-07 -2.580944214901070843e-01
1.231129899999999889e-07 2.210277067409066043e-01
1.231229999999999836e-07 6.494692561852005719e-01
1.231330100000000047e-07 9.287420511127354450e-01
1.231430199999999994e-07 9.945523128137806479e-01
1.231530299999999941e-07 8.316362171648783441e-01
1.231630399999999887e-07 4.773413360421867591e-01
1.231730499999999834e-07 1.310444092889010044e-02
1.231830600000000045e-07 -4.542388967813043021e-01
1.231930699999999992e-07 -8.170298946559830799e-01
1.232030799999999939e-07 -9.915966780278013815e-01
1.232130899999999886e-07 -9.375792767008493955e-01
1.232230999999999832e-07 -6.672999114644611041e-01
1.232331100000000044e-07 -2.429942097694781922e-01
1.232431199999999991e-07 2.374845742443614238e-01
1.232531299999999937e-07 6.632126550988026725e-01
1.232631399999999884e-07 9.358035113389274740e-01
1.232731499999999831e-07 9.921646793991141244e-01
1.232831600000000042e-07 8.191354603513092414e-01
1.232931699999999989e-07 4.566016057619793900e-01
1.233031799999999936e-07 -1.165943153035461227e-02
1.233131899999999883e-07 -4.773106943975767846e-01
1.233231999999999829e-07 -8.325108369160287847e-01
1.233332100000000041e-07 -9.948999686333497294e-01
1.233432199999999987e-07 -9.267248436664974331e-01
1.233532299999999934e-07 -6.436557112173456607e-01
1.233632399999999881e-07 -2.112266657543776516e-01
1.233732499999999828e-07 2.703019624422838274e-01
1.233832600000000039e-07 6.891706131582411299e-01
1.233932699999999986e-07 9.480603760225387866e-01
1.234032799999999933e-07 9.867247565147237998e-01
1.234132899999999879e-07 7.960454542987129845e-01
1.234232999999999826e-07 4.202246560820329102e-01
1.234333100000000038e-07 -5.342249331866427697e-02
1.234433199999999984e-07 -5.147272498172842381e-01
1.234533299999999931e-07 -8.562840486786431615e-01
1.234633399999999878e-07 -9.984701539279542404e-01
1.234733499999999825e-07 -9.080371317519612129e-01
1.234833600000000036e-07 -6.059262129674801711e-01
1.234933699999999983e-07 -1.624611442945775308e-01
1.235033799999999930e-07 3.189880066840721229e-01
1.235133899999999876e-07 7.260830561907632985e-01
1.235233999999999823e-07 9.637333519573765273e-01
1.235334100000000034e-07 9.763303518436899919e-01
1.235434199999999981e-07 7.607968310895850683e-01
1.235534299999999928e-07 3.673799729814928861e-01
1.235634399999999875e-07 -1.120242677011313581e-01
1.235734499999999821e-07 -5.653116159407981511e-01
1.235834600000000033e-07 -8.863783294793990963e-01
1.235934699999999980e-07 -9.999724794540091333e-01
1.236034799999999926e-07 -8.793636382715493971e-01
1.236134899999999873e-07 -5.526745733240248093e-01
1.236234999999999820e-07 -9.636557409105044048e-02
1.236335100000000031e-07 3.826289529327498995e-01
1.236435199999999978e-07 7.719457275535436258e-01
1.236535299999999925e-07 9.801572491673722354e-01
1.236635399999999872e-07 9.582683018806193997e-01
1.236735499999999818e-07 7.112840975811970390e-01
1.236835600000000030e-07 2.971097123668010598e-01
1.236935699999999976e-07 -1.869884327092764253e-01
1.237035799999999923e-07 -6.272025049053638890e-01
1.237135899999999870e-07 -9.199361164589379136e-01
1.237235999999999817e-07 -9.962019480836259433e-01
1.237336100000000028e-07 -8.379141457852943287e-01
1.237436199999999975e-07 -4.822197700714716539e-01
1.237536299999999922e-07 -1.282219018606704959e-02
1.237636399999999868e-07 4.596867488366032095e-01
1.237736499999999815e-07 8.238714577374877113e-01
1.237836600000000027e-07 9.937432981732260417e-01
1.237936699999999973e-07 9.290922651671196242e-01
1.238036799999999920e-07 6.450456142784316560e-01
1.238136899999999867e-07 2.085717212688299182e-01
1.238236999999999814e-07 -2.772733667825038606e-01
1.238337100000000025e-07 -6.976593280622666038e-01
1.238437199999999972e-07 -9.531233974382995466e-01
1.238537299999999918e-07 -9.831249706735727401e-01
1.238637399999999865e-07 -7.804297183076424060e-01
1.238737500000000077e-07 -3.928969519855036729e-01
1.238837600000000023e-07 8.778086921757498329e-02
1.238937699999999970e-07 5.477466123269159048e-01
1.239037799999999917e-07 8.779406367139251932e-01
1.239137899999999864e-07 9.999735253434945959e-01
1.239238000000000075e-07 8.847681498337006678e-01
1.239338100000000022e-07 5.595301969384198770e-01
1.239438199999999969e-07 1.013662934043710329e-01
1.239538299999999915e-07 -3.809635377453448601e-01
1.239638399999999862e-07 -7.728485854662892063e-01
1.239738500000000074e-07 -9.810673990521411314e-01
1.239838600000000020e-07 -9.559893285194767110e-01
1.239938699999999967e-07 -7.034440296189953257e-01
1.240038799999999914e-07 -2.834109412315138354e-01
1.240138899999999861e-07 2.041880976694726568e-01
1.240239000000000072e-07 6.432368406844439779e-01
1.240339100000000019e-07 9.290745626269769630e-01
1.240439199999999965e-07 9.934643467837215303e-01
1.240539299999999912e-07 8.209186845559892642e-01
1.240639399999999859e-07 4.524680877227630349e-01
1.240739500000000070e-07 -2.405435804383594320e-02
1.240839600000000017e-07 -4.949220188185712854e-01
1.240939699999999964e-07 -8.476468422727332364e-01
1.241039799999999911e-07 -9.978639967200507721e-01
1.241139899999999857e-07 -9.095408407682867846e-01
1.241240000000000069e-07 -6.036620838554453972e-01
1.241340100000000016e-07 -1.532878041425221050e-01
1.241440199999999962e-07 3.338625218328470368e-01
1.241540299999999909e-07 7.411567478019643884e-01
1.241640399999999856e-07 9.709778709160188370e-01
1.241740500000000067e-07 9.681446406020368656e-01
1.241840600000000014e-07 7.331999957779410382e-01
1.241940699999999961e-07 3.223580061025405619e-01
1.242040799999999907e-07 -1.659070911380302327e-01
1.242140899999999854e-07 -6.144397841640439895e-01
1.242241000000000066e-07 -9.155102167948268033e-01
1.242341100000000012e-07 -9.967069218018446142e-01
1.242441199999999959e-07 -8.383878451643889118e-01
1.242541299999999906e-07 -4.784756485755666255e-01
1.242641399999999853e-07 -3.416332912973531633e-03
1.242741500000000064e-07 4.725535230346744053e-01
1.242841600000000011e-07 8.348658483855876389e-01
1.242941699999999958e-07 9.962088866705227641e-01
1.243041799999999904e-07 9.175980962666547835e-01
1.243141899999999851e-07 6.178379411568790669e-01
1.243242000000000063e-07 1.690681202682361994e-01
1.243342100000000009e-07 -3.205618779635309723e-01
1.243442199999999956e-07 -7.329375765564333234e-01
1.243542299999999903e-07 -9.684759638815153560e-01
1.243642399999999850e-07 -9.701977378353595638e-01
1.243742500000000061e-07 -7.375505419862672385e-01
1.243842600000000008e-07 -3.266202667941135451e-01
1.243942699999999954e-07 1.633502782175763612e-01
1.244042799999999901e-07 6.139045108551178798e-01
1.244142899999999848e-07 9.160066085748279630e-01
1.244243000000000059e-07 9.964465871794521146e-01
1.244343100000000006e-07 8.356171487202211923e-01
1.244443199999999953e-07 4.723372173171190846e-01
1.244543299999999900e-07 -5.474913174930890608e-03
1.244643399999999846e-07 -4.820483879008088390e-01
1.244743500000000058e-07 -8.417994032470259569e-01
1.244843600000000005e-07 -9.973751621377768828e-01
1.244943699999999951e-07 -9.108952226569516641e-01
1.245043799999999898e-07 -6.032176351673776971e-01
1.245143899999999845e-07 -1.489529829044900500e-01
1.245244000000000056e-07 3.415929350339699244e-01
1.245344100000000003e-07 7.491862200395906779e-01
1.245444199999999950e-07 9.746507557866257443e-01
1.245544299999999896e-07 9.630253383879323614e-01
1.245644399999999843e-07 7.170017814244198373e-01
1.245744500000000055e-07 2.963486606580224003e-01
1.245844600000000001e-07 -1.965692918574478698e-01
1.245944699999999948e-07 -6.416775180619257446e-01
1.246044799999999895e-07 -9.304393362984290095e-01
1.246144899999999842e-07 -9.923415209445545226e-01
1.246245000000000053e-07 -8.121499166067283060e-01
1.246345100000000000e-07 -4.337034806869070058e-01
1.246445199999999947e-07 5.070876150673459676e-02
1.246545299999999893e-07 5.228241868152853078e-01
1.246645399999999840e-07 8.672696980566834135e-01
1.246745500000000052e-07 9.997694598177407910e-01
1.246845599999999998e-07 8.877974707513034414e-01
1.246945699999999945e-07 5.586059478495690733e-01
1.247045799999999892e-07 9.263730699725633566e-02
1.247145899999999838e-07 -3.960987925845663726e-01
1.247246000000000050e-07 -7.879050122212419849e-01
1.247346099999999997e-07 -9.867187710583995575e-01
1.247446199999999943e-07 -9.436927139523252350e-01
1.247546299999999890e-07 -6.692381365416688599e-01
1.247646399999999837e-07 -2.305518749876669382e-01
1.247746500000000048e-07 2.647976981559884702e-01
1.247846599999999995e-07 6.952256497640966204e-01
1.247946699999999942e-07 9.549746041247583195e-01
1.248046799999999889e-07 9.801223720492802105e-01
1.248146899999999835e-07 7.643518330623788604e-01
1.248247000000000047e-07 3.605830521848414905e-01
1.248347099999999994e-07 -1.319643441672185280e-01
1.248447199999999940e-07 -5.921259430814475033e-01
1.248547299999999887e-07 -9.065929373520208445e-01
1.248647399999999834e-07 -9.978301436954650772e-01
1.248747500000000045e-07 -8.432287924810386581e-01
1.248847599999999992e-07 -4.807542536862438043e-01
1.248947699999999939e-07 3.330201247533216662e-04
1.249047799999999885e-07 4.814264607835746501e-01
1.249147899999999832e-07 8.438029399297451993e-01
1.249248000000000044e-07 9.979324528539875727e-01
1.249348099999999990e-07 9.056293599354963142e-01
1.249448199999999937e-07 5.895568566950882827e-01
1.249548299999999884e-07 1.277082839998525954e-01
1.249648399999999831e-07 -3.658024245898320870e-01
1.249748500000000042e-07 -7.689188503212165404e-01
1.249848599999999989e-07 -9.818350743836208316e-01
1.249948699999999936e-07 -9.517333938273371263e-01
1.250048799999999882e-07 -6.859286671886106745e-01
1.250148899999999829e-07 -2.501378795442007474e-01
